2024-06-02 14:20:12,720 WARNING Not Found: /
2024-06-02 14:20:12,762 WARNING Not Found: /favicon.ico
2024-06-02 14:21:49,125 WARNING Not Found: /
2024-06-02 14:21:54,007 WARNING Not Found: /admiin
2024-06-02 14:42:44,066 INFO /home/falcram/BSUIR/IGI/253504_DUBOVIK_8/IGI/LR5/ZooApp/Zoo/models.py changed, reloading.
2024-06-02 14:43:06,712 INFO /home/falcram/BSUIR/IGI/253504_DUBOVIK_8/IGI/LR5/ZooApp/Zoo/models.py changed, reloading.
2024-06-02 14:43:28,335 INFO /home/falcram/BSUIR/IGI/253504_DUBOVIK_8/IGI/LR5/ZooApp/Zoo/models.py changed, reloading.
2024-06-02 15:46:30,545 INFO /home/falcram/BSUIR/IGI/253504_DUBOVIK_8/IGI/LR5/ZooApp/Zoo/models.py changed, reloading.
2024-06-02 18:08:32,692 INFO /home/falcram/BSUIR/IGI/253504_DUBOVIK_8/IGI/LR5/ZooApp/Zoo/models.py changed, reloading.
2024-06-02 18:08:59,444 INFO /home/falcram/BSUIR/IGI/253504_DUBOVIK_8/IGI/LR5/ZooApp/ZooApp/urls.py changed, reloading.
2024-06-02 18:13:16,768 ERROR Internal Server Error: /
Traceback (most recent call last):
  File "/home/falcram/.local/lib/python3.12/site-packages/django/core/handlers/exception.py", line 55, in inner
    response = get_response(request)
               ^^^^^^^^^^^^^^^^^^^^^
  File "/home/falcram/.local/lib/python3.12/site-packages/django/core/handlers/base.py", line 197, in _get_response
    response = wrapped_callback(request, *callback_args, **callback_kwargs)
               ^^^^^^^^^^^^^^^^^^^^^^^^^^^^^^^^^^^^^^^^^^^^^^^^^^^^^^^^^^^^
  File "/home/falcram/BSUIR/IGI/253504_DUBOVIK_8/IGI/LR5/ZooApp/Zoo/views.py", line 27, in home
    latest_article = News.objects.latest('date')
                     ^^^^^^^^^^^^^^^^^^^^^^^^^^^
  File "/home/falcram/.local/lib/python3.12/site-packages/django/db/models/manager.py", line 87, in manager_method
    return getattr(self.get_queryset(), name)(*args, **kwargs)
           ^^^^^^^^^^^^^^^^^^^^^^^^^^^^^^^^^^^^^^^^^^^^^^^^^^^
  File "/home/falcram/.local/lib/python3.12/site-packages/django/db/models/query.py", line 1085, in latest
    return self.reverse()._earliest(*fields)
           ^^^^^^^^^^^^^^^^^^^^^^^^^^^^^^^^^
  File "/home/falcram/.local/lib/python3.12/site-packages/django/db/models/query.py", line 1068, in _earliest
    return obj.get()
           ^^^^^^^^^
  File "/home/falcram/.local/lib/python3.12/site-packages/django/db/models/query.py", line 649, in get
    raise self.model.DoesNotExist(
Zoo.models.News.DoesNotExist: News matching query does not exist.
2024-06-02 18:18:03,720 ERROR Internal Server Error: /
Traceback (most recent call last):
  File "/home/falcram/.local/lib/python3.12/site-packages/django/core/handlers/exception.py", line 55, in inner
    response = get_response(request)
               ^^^^^^^^^^^^^^^^^^^^^
  File "/home/falcram/.local/lib/python3.12/site-packages/django/core/handlers/base.py", line 197, in _get_response
    response = wrapped_callback(request, *callback_args, **callback_kwargs)
               ^^^^^^^^^^^^^^^^^^^^^^^^^^^^^^^^^^^^^^^^^^^^^^^^^^^^^^^^^^^^
  File "/home/falcram/BSUIR/IGI/253504_DUBOVIK_8/IGI/LR5/ZooApp/Zoo/views.py", line 27, in home
    latest_article = News.objects.latest('date')
                     ^^^^^^^^^^^^^^^^^^^^^^^^^^^
  File "/home/falcram/.local/lib/python3.12/site-packages/django/db/models/manager.py", line 87, in manager_method
    return getattr(self.get_queryset(), name)(*args, **kwargs)
           ^^^^^^^^^^^^^^^^^^^^^^^^^^^^^^^^^^^^^^^^^^^^^^^^^^^
  File "/home/falcram/.local/lib/python3.12/site-packages/django/db/models/query.py", line 1085, in latest
    return self.reverse()._earliest(*fields)
           ^^^^^^^^^^^^^^^^^^^^^^^^^^^^^^^^^
  File "/home/falcram/.local/lib/python3.12/site-packages/django/db/models/query.py", line 1068, in _earliest
    return obj.get()
           ^^^^^^^^^
  File "/home/falcram/.local/lib/python3.12/site-packages/django/db/models/query.py", line 649, in get
    raise self.model.DoesNotExist(
Zoo.models.News.DoesNotExist: News matching query does not exist.
2024-06-02 18:20:57,138 INFO /home/falcram/BSUIR/IGI/253504_DUBOVIK_8/IGI/LR5/ZooApp/Zoo/admin.py changed, reloading.
2024-06-02 18:23:40,498 ERROR Internal Server Error: /
Traceback (most recent call last):
  File "/home/falcram/.local/lib/python3.12/site-packages/django/core/handlers/exception.py", line 55, in inner
    response = get_response(request)
               ^^^^^^^^^^^^^^^^^^^^^
  File "/home/falcram/.local/lib/python3.12/site-packages/django/core/handlers/base.py", line 197, in _get_response
    response = wrapped_callback(request, *callback_args, **callback_kwargs)
               ^^^^^^^^^^^^^^^^^^^^^^^^^^^^^^^^^^^^^^^^^^^^^^^^^^^^^^^^^^^^
  File "/home/falcram/BSUIR/IGI/253504_DUBOVIK_8/IGI/LR5/ZooApp/Zoo/views.py", line 41, in home
    return render(request, 'home.html', context)
           ^^^^^^^^^^^^^^^^^^^^^^^^^^^^^^^^^^^^^
  File "/home/falcram/.local/lib/python3.12/site-packages/django/shortcuts.py", line 25, in render
    content = loader.render_to_string(template_name, context, request, using=using)
              ^^^^^^^^^^^^^^^^^^^^^^^^^^^^^^^^^^^^^^^^^^^^^^^^^^^^^^^^^^^^^^^^^^^^^
  File "/home/falcram/.local/lib/python3.12/site-packages/django/template/loader.py", line 62, in render_to_string
    return template.render(context, request)
           ^^^^^^^^^^^^^^^^^^^^^^^^^^^^^^^^^
  File "/home/falcram/.local/lib/python3.12/site-packages/django/template/backends/django.py", line 61, in render
    return self.template.render(context)
           ^^^^^^^^^^^^^^^^^^^^^^^^^^^^^
  File "/home/falcram/.local/lib/python3.12/site-packages/django/template/base.py", line 171, in render
    return self._render(context)
           ^^^^^^^^^^^^^^^^^^^^^
  File "/home/falcram/.local/lib/python3.12/site-packages/django/template/base.py", line 163, in _render
    return self.nodelist.render(context)
           ^^^^^^^^^^^^^^^^^^^^^^^^^^^^^
  File "/home/falcram/.local/lib/python3.12/site-packages/django/template/base.py", line 1000, in render
    return SafeString("".join([node.render_annotated(context) for node in self]))
                               ^^^^^^^^^^^^^^^^^^^^^^^^^^^^^^
  File "/home/falcram/.local/lib/python3.12/site-packages/django/template/base.py", line 961, in render_annotated
    return self.render(context)
           ^^^^^^^^^^^^^^^^^^^^
  File "/home/falcram/.local/lib/python3.12/site-packages/django/template/defaulttags.py", line 479, in render
    url = reverse(view_name, args=args, kwargs=kwargs, current_app=current_app)
          ^^^^^^^^^^^^^^^^^^^^^^^^^^^^^^^^^^^^^^^^^^^^^^^^^^^^^^^^^^^^^^^^^^^^^
  File "/home/falcram/.local/lib/python3.12/site-packages/django/urls/base.py", line 88, in reverse
    return resolver._reverse_with_prefix(view, prefix, *args, **kwargs)
           ^^^^^^^^^^^^^^^^^^^^^^^^^^^^^^^^^^^^^^^^^^^^^^^^^^^^^^^^^^^^
  File "/home/falcram/.local/lib/python3.12/site-packages/django/urls/resolvers.py", line 851, in _reverse_with_prefix
    raise NoReverseMatch(msg)
django.urls.exceptions.NoReverseMatch: Reverse for 'about' not found. 'about' is not a valid view function or pattern name.
2024-06-02 18:33:21,738 INFO /home/falcram/BSUIR/IGI/253504_DUBOVIK_8/IGI/LR5/ZooApp/ZooApp/urls.py changed, reloading.
2024-06-02 18:34:02,641 INFO /home/falcram/BSUIR/IGI/253504_DUBOVIK_8/IGI/LR5/ZooApp/Zoo/views.py changed, reloading.
2024-06-02 18:37:02,885 ERROR Internal Server Error: /
Traceback (most recent call last):
  File "/home/falcram/.local/lib/python3.12/site-packages/django/core/handlers/exception.py", line 55, in inner
    response = get_response(request)
               ^^^^^^^^^^^^^^^^^^^^^
  File "/home/falcram/.local/lib/python3.12/site-packages/django/core/handlers/base.py", line 197, in _get_response
    response = wrapped_callback(request, *callback_args, **callback_kwargs)
               ^^^^^^^^^^^^^^^^^^^^^^^^^^^^^^^^^^^^^^^^^^^^^^^^^^^^^^^^^^^^
  File "/home/falcram/BSUIR/IGI/253504_DUBOVIK_8/IGI/LR5/ZooApp/Zoo/views.py", line 41, in home
    return render(request, 'home.html', context)
           ^^^^^^^^^^^^^^^^^^^^^^^^^^^^^^^^^^^^^
  File "/home/falcram/.local/lib/python3.12/site-packages/django/shortcuts.py", line 25, in render
    content = loader.render_to_string(template_name, context, request, using=using)
              ^^^^^^^^^^^^^^^^^^^^^^^^^^^^^^^^^^^^^^^^^^^^^^^^^^^^^^^^^^^^^^^^^^^^^
  File "/home/falcram/.local/lib/python3.12/site-packages/django/template/loader.py", line 62, in render_to_string
    return template.render(context, request)
           ^^^^^^^^^^^^^^^^^^^^^^^^^^^^^^^^^
  File "/home/falcram/.local/lib/python3.12/site-packages/django/template/backends/django.py", line 61, in render
    return self.template.render(context)
           ^^^^^^^^^^^^^^^^^^^^^^^^^^^^^
  File "/home/falcram/.local/lib/python3.12/site-packages/django/template/base.py", line 171, in render
    return self._render(context)
           ^^^^^^^^^^^^^^^^^^^^^
  File "/home/falcram/.local/lib/python3.12/site-packages/django/template/base.py", line 163, in _render
    return self.nodelist.render(context)
           ^^^^^^^^^^^^^^^^^^^^^^^^^^^^^
  File "/home/falcram/.local/lib/python3.12/site-packages/django/template/base.py", line 1000, in render
    return SafeString("".join([node.render_annotated(context) for node in self]))
                               ^^^^^^^^^^^^^^^^^^^^^^^^^^^^^^
  File "/home/falcram/.local/lib/python3.12/site-packages/django/template/base.py", line 961, in render_annotated
    return self.render(context)
           ^^^^^^^^^^^^^^^^^^^^
  File "/home/falcram/.local/lib/python3.12/site-packages/django/template/defaulttags.py", line 479, in render
    url = reverse(view_name, args=args, kwargs=kwargs, current_app=current_app)
          ^^^^^^^^^^^^^^^^^^^^^^^^^^^^^^^^^^^^^^^^^^^^^^^^^^^^^^^^^^^^^^^^^^^^^
  File "/home/falcram/.local/lib/python3.12/site-packages/django/urls/base.py", line 88, in reverse
    return resolver._reverse_with_prefix(view, prefix, *args, **kwargs)
           ^^^^^^^^^^^^^^^^^^^^^^^^^^^^^^^^^^^^^^^^^^^^^^^^^^^^^^^^^^^^
  File "/home/falcram/.local/lib/python3.12/site-packages/django/urls/resolvers.py", line 851, in _reverse_with_prefix
    raise NoReverseMatch(msg)
django.urls.exceptions.NoReverseMatch: Reverse for 'about' not found. 'about' is not a valid view function or pattern name.
2024-06-02 18:37:08,351 ERROR Internal Server Error: /
Traceback (most recent call last):
  File "/home/falcram/.local/lib/python3.12/site-packages/django/core/handlers/exception.py", line 55, in inner
    response = get_response(request)
               ^^^^^^^^^^^^^^^^^^^^^
  File "/home/falcram/.local/lib/python3.12/site-packages/django/core/handlers/base.py", line 197, in _get_response
    response = wrapped_callback(request, *callback_args, **callback_kwargs)
               ^^^^^^^^^^^^^^^^^^^^^^^^^^^^^^^^^^^^^^^^^^^^^^^^^^^^^^^^^^^^
  File "/home/falcram/BSUIR/IGI/253504_DUBOVIK_8/IGI/LR5/ZooApp/Zoo/views.py", line 41, in home
    return render(request, 'home.html', context)
           ^^^^^^^^^^^^^^^^^^^^^^^^^^^^^^^^^^^^^
  File "/home/falcram/.local/lib/python3.12/site-packages/django/shortcuts.py", line 25, in render
    content = loader.render_to_string(template_name, context, request, using=using)
              ^^^^^^^^^^^^^^^^^^^^^^^^^^^^^^^^^^^^^^^^^^^^^^^^^^^^^^^^^^^^^^^^^^^^^
  File "/home/falcram/.local/lib/python3.12/site-packages/django/template/loader.py", line 62, in render_to_string
    return template.render(context, request)
           ^^^^^^^^^^^^^^^^^^^^^^^^^^^^^^^^^
  File "/home/falcram/.local/lib/python3.12/site-packages/django/template/backends/django.py", line 61, in render
    return self.template.render(context)
           ^^^^^^^^^^^^^^^^^^^^^^^^^^^^^
  File "/home/falcram/.local/lib/python3.12/site-packages/django/template/base.py", line 171, in render
    return self._render(context)
           ^^^^^^^^^^^^^^^^^^^^^
  File "/home/falcram/.local/lib/python3.12/site-packages/django/template/base.py", line 163, in _render
    return self.nodelist.render(context)
           ^^^^^^^^^^^^^^^^^^^^^^^^^^^^^
  File "/home/falcram/.local/lib/python3.12/site-packages/django/template/base.py", line 1000, in render
    return SafeString("".join([node.render_annotated(context) for node in self]))
                               ^^^^^^^^^^^^^^^^^^^^^^^^^^^^^^
  File "/home/falcram/.local/lib/python3.12/site-packages/django/template/base.py", line 961, in render_annotated
    return self.render(context)
           ^^^^^^^^^^^^^^^^^^^^
  File "/home/falcram/.local/lib/python3.12/site-packages/django/template/defaulttags.py", line 479, in render
    url = reverse(view_name, args=args, kwargs=kwargs, current_app=current_app)
          ^^^^^^^^^^^^^^^^^^^^^^^^^^^^^^^^^^^^^^^^^^^^^^^^^^^^^^^^^^^^^^^^^^^^^
  File "/home/falcram/.local/lib/python3.12/site-packages/django/urls/base.py", line 88, in reverse
    return resolver._reverse_with_prefix(view, prefix, *args, **kwargs)
           ^^^^^^^^^^^^^^^^^^^^^^^^^^^^^^^^^^^^^^^^^^^^^^^^^^^^^^^^^^^^
  File "/home/falcram/.local/lib/python3.12/site-packages/django/urls/resolvers.py", line 851, in _reverse_with_prefix
    raise NoReverseMatch(msg)
django.urls.exceptions.NoReverseMatch: Reverse for 'about' not found. 'about' is not a valid view function or pattern name.
2024-06-02 18:39:02,957 ERROR Internal Server Error: /news/
Traceback (most recent call last):
  File "/home/falcram/.local/lib/python3.12/site-packages/django/core/handlers/exception.py", line 55, in inner
    response = get_response(request)
               ^^^^^^^^^^^^^^^^^^^^^
  File "/home/falcram/.local/lib/python3.12/site-packages/django/core/handlers/base.py", line 197, in _get_response
    response = wrapped_callback(request, *callback_args, **callback_kwargs)
               ^^^^^^^^^^^^^^^^^^^^^^^^^^^^^^^^^^^^^^^^^^^^^^^^^^^^^^^^^^^^
  File "/home/falcram/BSUIR/IGI/253504_DUBOVIK_8/IGI/LR5/ZooApp/Zoo/views.py", line 45, in news
    return render(request, 'news.html', {'news': news})
           ^^^^^^^^^^^^^^^^^^^^^^^^^^^^^^^^^^^^^^^^^^^^
  File "/home/falcram/.local/lib/python3.12/site-packages/django/shortcuts.py", line 25, in render
    content = loader.render_to_string(template_name, context, request, using=using)
              ^^^^^^^^^^^^^^^^^^^^^^^^^^^^^^^^^^^^^^^^^^^^^^^^^^^^^^^^^^^^^^^^^^^^^
  File "/home/falcram/.local/lib/python3.12/site-packages/django/template/loader.py", line 62, in render_to_string
    return template.render(context, request)
           ^^^^^^^^^^^^^^^^^^^^^^^^^^^^^^^^^
  File "/home/falcram/.local/lib/python3.12/site-packages/django/template/backends/django.py", line 61, in render
    return self.template.render(context)
           ^^^^^^^^^^^^^^^^^^^^^^^^^^^^^
  File "/home/falcram/.local/lib/python3.12/site-packages/django/template/base.py", line 171, in render
    return self._render(context)
           ^^^^^^^^^^^^^^^^^^^^^
  File "/home/falcram/.local/lib/python3.12/site-packages/django/template/base.py", line 163, in _render
    return self.nodelist.render(context)
           ^^^^^^^^^^^^^^^^^^^^^^^^^^^^^
  File "/home/falcram/.local/lib/python3.12/site-packages/django/template/base.py", line 1000, in render
    return SafeString("".join([node.render_annotated(context) for node in self]))
                               ^^^^^^^^^^^^^^^^^^^^^^^^^^^^^^
  File "/home/falcram/.local/lib/python3.12/site-packages/django/template/base.py", line 961, in render_annotated
    return self.render(context)
           ^^^^^^^^^^^^^^^^^^^^
  File "/home/falcram/.local/lib/python3.12/site-packages/django/template/defaulttags.py", line 479, in render
    url = reverse(view_name, args=args, kwargs=kwargs, current_app=current_app)
          ^^^^^^^^^^^^^^^^^^^^^^^^^^^^^^^^^^^^^^^^^^^^^^^^^^^^^^^^^^^^^^^^^^^^^
  File "/home/falcram/.local/lib/python3.12/site-packages/django/urls/base.py", line 88, in reverse
    return resolver._reverse_with_prefix(view, prefix, *args, **kwargs)
           ^^^^^^^^^^^^^^^^^^^^^^^^^^^^^^^^^^^^^^^^^^^^^^^^^^^^^^^^^^^^
  File "/home/falcram/.local/lib/python3.12/site-packages/django/urls/resolvers.py", line 851, in _reverse_with_prefix
    raise NoReverseMatch(msg)
django.urls.exceptions.NoReverseMatch: Reverse for 'about' not found. 'about' is not a valid view function or pattern name.
2024-06-02 18:59:26,928 INFO /home/falcram/BSUIR/IGI/253504_DUBOVIK_8/IGI/LR5/ZooApp/ZooApp/urls.py changed, reloading.
2024-06-02 20:21:59,240 ERROR Internal Server Error: /
Traceback (most recent call last):
  File "/home/falcram/.local/lib/python3.12/site-packages/django/core/handlers/exception.py", line 55, in inner
    response = get_response(request)
               ^^^^^^^^^^^^^^^^^^^^^
  File "/home/falcram/.local/lib/python3.12/site-packages/django/core/handlers/base.py", line 197, in _get_response
    response = wrapped_callback(request, *callback_args, **callback_kwargs)
               ^^^^^^^^^^^^^^^^^^^^^^^^^^^^^^^^^^^^^^^^^^^^^^^^^^^^^^^^^^^^
  File "/home/falcram/BSUIR/IGI/253504_DUBOVIK_8/IGI/LR5/ZooApp/Zoo/views.py", line 41, in home
    return render(request, 'home.html', context)
           ^^^^^^^^^^^^^^^^^^^^^^^^^^^^^^^^^^^^^
  File "/home/falcram/.local/lib/python3.12/site-packages/django/shortcuts.py", line 25, in render
    content = loader.render_to_string(template_name, context, request, using=using)
              ^^^^^^^^^^^^^^^^^^^^^^^^^^^^^^^^^^^^^^^^^^^^^^^^^^^^^^^^^^^^^^^^^^^^^
  File "/home/falcram/.local/lib/python3.12/site-packages/django/template/loader.py", line 62, in render_to_string
    return template.render(context, request)
           ^^^^^^^^^^^^^^^^^^^^^^^^^^^^^^^^^
  File "/home/falcram/.local/lib/python3.12/site-packages/django/template/backends/django.py", line 61, in render
    return self.template.render(context)
           ^^^^^^^^^^^^^^^^^^^^^^^^^^^^^
  File "/home/falcram/.local/lib/python3.12/site-packages/django/template/base.py", line 171, in render
    return self._render(context)
           ^^^^^^^^^^^^^^^^^^^^^
  File "/home/falcram/.local/lib/python3.12/site-packages/django/template/base.py", line 163, in _render
    return self.nodelist.render(context)
           ^^^^^^^^^^^^^^^^^^^^^^^^^^^^^
  File "/home/falcram/.local/lib/python3.12/site-packages/django/template/base.py", line 1000, in render
    return SafeString("".join([node.render_annotated(context) for node in self]))
                               ^^^^^^^^^^^^^^^^^^^^^^^^^^^^^^
  File "/home/falcram/.local/lib/python3.12/site-packages/django/template/base.py", line 961, in render_annotated
    return self.render(context)
           ^^^^^^^^^^^^^^^^^^^^
  File "/home/falcram/.local/lib/python3.12/site-packages/django/template/defaulttags.py", line 479, in render
    url = reverse(view_name, args=args, kwargs=kwargs, current_app=current_app)
          ^^^^^^^^^^^^^^^^^^^^^^^^^^^^^^^^^^^^^^^^^^^^^^^^^^^^^^^^^^^^^^^^^^^^^
  File "/home/falcram/.local/lib/python3.12/site-packages/django/urls/base.py", line 88, in reverse
    return resolver._reverse_with_prefix(view, prefix, *args, **kwargs)
           ^^^^^^^^^^^^^^^^^^^^^^^^^^^^^^^^^^^^^^^^^^^^^^^^^^^^^^^^^^^^
  File "/home/falcram/.local/lib/python3.12/site-packages/django/urls/resolvers.py", line 851, in _reverse_with_prefix
    raise NoReverseMatch(msg)
django.urls.exceptions.NoReverseMatch: Reverse for 'about' not found. 'about' is not a valid view function or pattern name.
2024-06-02 20:23:21,221 INFO /home/falcram/BSUIR/IGI/253504_DUBOVIK_8/IGI/LR5/ZooApp/ZooApp/urls.py changed, reloading.
2024-06-02 20:24:25,207 INFO /home/falcram/BSUIR/IGI/253504_DUBOVIK_8/IGI/LR5/ZooApp/Zoo/admin.py changed, reloading.
2024-06-02 21:04:05,345 ERROR Internal Server Error: /news/
Traceback (most recent call last):
  File "/home/falcram/.local/lib/python3.12/site-packages/django/core/handlers/exception.py", line 55, in inner
    response = get_response(request)
               ^^^^^^^^^^^^^^^^^^^^^
  File "/home/falcram/.local/lib/python3.12/site-packages/django/core/handlers/base.py", line 197, in _get_response
    response = wrapped_callback(request, *callback_args, **callback_kwargs)
               ^^^^^^^^^^^^^^^^^^^^^^^^^^^^^^^^^^^^^^^^^^^^^^^^^^^^^^^^^^^^
  File "/home/falcram/BSUIR/IGI/253504_DUBOVIK_8/IGI/LR5/ZooApp/Zoo/views.py", line 45, in news
    return render(request, 'news.html', {'news': news})
           ^^^^^^^^^^^^^^^^^^^^^^^^^^^^^^^^^^^^^^^^^^^^
  File "/home/falcram/.local/lib/python3.12/site-packages/django/shortcuts.py", line 25, in render
    content = loader.render_to_string(template_name, context, request, using=using)
              ^^^^^^^^^^^^^^^^^^^^^^^^^^^^^^^^^^^^^^^^^^^^^^^^^^^^^^^^^^^^^^^^^^^^^
  File "/home/falcram/.local/lib/python3.12/site-packages/django/template/loader.py", line 62, in render_to_string
    return template.render(context, request)
           ^^^^^^^^^^^^^^^^^^^^^^^^^^^^^^^^^
  File "/home/falcram/.local/lib/python3.12/site-packages/django/template/backends/django.py", line 61, in render
    return self.template.render(context)
           ^^^^^^^^^^^^^^^^^^^^^^^^^^^^^
  File "/home/falcram/.local/lib/python3.12/site-packages/django/template/base.py", line 171, in render
    return self._render(context)
           ^^^^^^^^^^^^^^^^^^^^^
  File "/home/falcram/.local/lib/python3.12/site-packages/django/template/base.py", line 163, in _render
    return self.nodelist.render(context)
           ^^^^^^^^^^^^^^^^^^^^^^^^^^^^^
  File "/home/falcram/.local/lib/python3.12/site-packages/django/template/base.py", line 1000, in render
    return SafeString("".join([node.render_annotated(context) for node in self]))
                               ^^^^^^^^^^^^^^^^^^^^^^^^^^^^^^
  File "/home/falcram/.local/lib/python3.12/site-packages/django/template/base.py", line 961, in render_annotated
    return self.render(context)
           ^^^^^^^^^^^^^^^^^^^^
  File "/home/falcram/.local/lib/python3.12/site-packages/django/template/defaulttags.py", line 479, in render
    url = reverse(view_name, args=args, kwargs=kwargs, current_app=current_app)
          ^^^^^^^^^^^^^^^^^^^^^^^^^^^^^^^^^^^^^^^^^^^^^^^^^^^^^^^^^^^^^^^^^^^^^
  File "/home/falcram/.local/lib/python3.12/site-packages/django/urls/base.py", line 88, in reverse
    return resolver._reverse_with_prefix(view, prefix, *args, **kwargs)
           ^^^^^^^^^^^^^^^^^^^^^^^^^^^^^^^^^^^^^^^^^^^^^^^^^^^^^^^^^^^^
  File "/home/falcram/.local/lib/python3.12/site-packages/django/urls/resolvers.py", line 851, in _reverse_with_prefix
    raise NoReverseMatch(msg)
django.urls.exceptions.NoReverseMatch: Reverse for 'terms' not found. 'terms' is not a valid view function or pattern name.
2024-06-02 22:03:15,712 INFO /home/falcram/BSUIR/IGI/253504_DUBOVIK_8/IGI/LR5/ZooApp/Zoo/models.py changed, reloading.
2024-06-02 22:03:41,410 INFO /home/falcram/BSUIR/IGI/253504_DUBOVIK_8/IGI/LR5/ZooApp/Zoo/admin.py changed, reloading.
2024-06-02 22:04:18,204 INFO /home/falcram/BSUIR/IGI/253504_DUBOVIK_8/IGI/LR5/ZooApp/Zoo/admin.py changed, reloading.
2024-06-02 22:04:25,783 INFO /home/falcram/BSUIR/IGI/253504_DUBOVIK_8/IGI/LR5/ZooApp/Zoo/admin.py changed, reloading.
2024-06-02 22:04:39,319 INFO /home/falcram/BSUIR/IGI/253504_DUBOVIK_8/IGI/LR5/ZooApp/Zoo/views.py changed, reloading.
2024-06-02 22:05:08,456 ERROR Internal Server Error: /
Traceback (most recent call last):
  File "/home/falcram/.local/lib/python3.12/site-packages/django/core/handlers/exception.py", line 55, in inner
    response = get_response(request)
               ^^^^^^^^^^^^^^^^^^^^^
  File "/home/falcram/.local/lib/python3.12/site-packages/django/core/handlers/base.py", line 197, in _get_response
    response = wrapped_callback(request, *callback_args, **callback_kwargs)
               ^^^^^^^^^^^^^^^^^^^^^^^^^^^^^^^^^^^^^^^^^^^^^^^^^^^^^^^^^^^^
  File "/home/falcram/BSUIR/IGI/253504_DUBOVIK_8/IGI/LR5/ZooApp/Zoo/views.py", line 41, in home
    return render(request, 'home.html', context)
           ^^^^^^^^^^^^^^^^^^^^^^^^^^^^^^^^^^^^^
  File "/home/falcram/.local/lib/python3.12/site-packages/django/shortcuts.py", line 25, in render
    content = loader.render_to_string(template_name, context, request, using=using)
              ^^^^^^^^^^^^^^^^^^^^^^^^^^^^^^^^^^^^^^^^^^^^^^^^^^^^^^^^^^^^^^^^^^^^^
  File "/home/falcram/.local/lib/python3.12/site-packages/django/template/loader.py", line 62, in render_to_string
    return template.render(context, request)
           ^^^^^^^^^^^^^^^^^^^^^^^^^^^^^^^^^
  File "/home/falcram/.local/lib/python3.12/site-packages/django/template/backends/django.py", line 61, in render
    return self.template.render(context)
           ^^^^^^^^^^^^^^^^^^^^^^^^^^^^^
  File "/home/falcram/.local/lib/python3.12/site-packages/django/template/base.py", line 171, in render
    return self._render(context)
           ^^^^^^^^^^^^^^^^^^^^^
  File "/home/falcram/.local/lib/python3.12/site-packages/django/template/base.py", line 163, in _render
    return self.nodelist.render(context)
           ^^^^^^^^^^^^^^^^^^^^^^^^^^^^^
  File "/home/falcram/.local/lib/python3.12/site-packages/django/template/base.py", line 1000, in render
    return SafeString("".join([node.render_annotated(context) for node in self]))
                               ^^^^^^^^^^^^^^^^^^^^^^^^^^^^^^
  File "/home/falcram/.local/lib/python3.12/site-packages/django/template/base.py", line 961, in render_annotated
    return self.render(context)
           ^^^^^^^^^^^^^^^^^^^^
  File "/home/falcram/.local/lib/python3.12/site-packages/django/template/defaulttags.py", line 479, in render
    url = reverse(view_name, args=args, kwargs=kwargs, current_app=current_app)
          ^^^^^^^^^^^^^^^^^^^^^^^^^^^^^^^^^^^^^^^^^^^^^^^^^^^^^^^^^^^^^^^^^^^^^
  File "/home/falcram/.local/lib/python3.12/site-packages/django/urls/base.py", line 88, in reverse
    return resolver._reverse_with_prefix(view, prefix, *args, **kwargs)
           ^^^^^^^^^^^^^^^^^^^^^^^^^^^^^^^^^^^^^^^^^^^^^^^^^^^^^^^^^^^^
  File "/home/falcram/.local/lib/python3.12/site-packages/django/urls/resolvers.py", line 851, in _reverse_with_prefix
    raise NoReverseMatch(msg)
django.urls.exceptions.NoReverseMatch: Reverse for 'faqs' not found. 'faqs' is not a valid view function or pattern name.
2024-06-02 22:10:48,747 ERROR Internal Server Error: /
Traceback (most recent call last):
  File "/home/falcram/.local/lib/python3.12/site-packages/django/core/handlers/exception.py", line 55, in inner
    response = get_response(request)
               ^^^^^^^^^^^^^^^^^^^^^
  File "/home/falcram/.local/lib/python3.12/site-packages/django/core/handlers/base.py", line 197, in _get_response
    response = wrapped_callback(request, *callback_args, **callback_kwargs)
               ^^^^^^^^^^^^^^^^^^^^^^^^^^^^^^^^^^^^^^^^^^^^^^^^^^^^^^^^^^^^
  File "/home/falcram/BSUIR/IGI/253504_DUBOVIK_8/IGI/LR5/ZooApp/Zoo/views.py", line 41, in home
    return render(request, 'home.html', context)
           ^^^^^^^^^^^^^^^^^^^^^^^^^^^^^^^^^^^^^
  File "/home/falcram/.local/lib/python3.12/site-packages/django/shortcuts.py", line 25, in render
    content = loader.render_to_string(template_name, context, request, using=using)
              ^^^^^^^^^^^^^^^^^^^^^^^^^^^^^^^^^^^^^^^^^^^^^^^^^^^^^^^^^^^^^^^^^^^^^
  File "/home/falcram/.local/lib/python3.12/site-packages/django/template/loader.py", line 62, in render_to_string
    return template.render(context, request)
           ^^^^^^^^^^^^^^^^^^^^^^^^^^^^^^^^^
  File "/home/falcram/.local/lib/python3.12/site-packages/django/template/backends/django.py", line 61, in render
    return self.template.render(context)
           ^^^^^^^^^^^^^^^^^^^^^^^^^^^^^
  File "/home/falcram/.local/lib/python3.12/site-packages/django/template/base.py", line 171, in render
    return self._render(context)
           ^^^^^^^^^^^^^^^^^^^^^
  File "/home/falcram/.local/lib/python3.12/site-packages/django/template/base.py", line 163, in _render
    return self.nodelist.render(context)
           ^^^^^^^^^^^^^^^^^^^^^^^^^^^^^
  File "/home/falcram/.local/lib/python3.12/site-packages/django/template/base.py", line 1000, in render
    return SafeString("".join([node.render_annotated(context) for node in self]))
                               ^^^^^^^^^^^^^^^^^^^^^^^^^^^^^^
  File "/home/falcram/.local/lib/python3.12/site-packages/django/template/base.py", line 961, in render_annotated
    return self.render(context)
           ^^^^^^^^^^^^^^^^^^^^
  File "/home/falcram/.local/lib/python3.12/site-packages/django/template/defaulttags.py", line 479, in render
    url = reverse(view_name, args=args, kwargs=kwargs, current_app=current_app)
          ^^^^^^^^^^^^^^^^^^^^^^^^^^^^^^^^^^^^^^^^^^^^^^^^^^^^^^^^^^^^^^^^^^^^^
  File "/home/falcram/.local/lib/python3.12/site-packages/django/urls/base.py", line 88, in reverse
    return resolver._reverse_with_prefix(view, prefix, *args, **kwargs)
           ^^^^^^^^^^^^^^^^^^^^^^^^^^^^^^^^^^^^^^^^^^^^^^^^^^^^^^^^^^^^
  File "/home/falcram/.local/lib/python3.12/site-packages/django/urls/resolvers.py", line 851, in _reverse_with_prefix
    raise NoReverseMatch(msg)
django.urls.exceptions.NoReverseMatch: Reverse for 'faqs' not found. 'faqs' is not a valid view function or pattern name.
2024-06-02 22:10:49,029 ERROR Internal Server Error: /
Traceback (most recent call last):
  File "/home/falcram/.local/lib/python3.12/site-packages/django/core/handlers/exception.py", line 55, in inner
    response = get_response(request)
               ^^^^^^^^^^^^^^^^^^^^^
  File "/home/falcram/.local/lib/python3.12/site-packages/django/core/handlers/base.py", line 197, in _get_response
    response = wrapped_callback(request, *callback_args, **callback_kwargs)
               ^^^^^^^^^^^^^^^^^^^^^^^^^^^^^^^^^^^^^^^^^^^^^^^^^^^^^^^^^^^^
  File "/home/falcram/BSUIR/IGI/253504_DUBOVIK_8/IGI/LR5/ZooApp/Zoo/views.py", line 41, in home
    return render(request, 'home.html', context)
           ^^^^^^^^^^^^^^^^^^^^^^^^^^^^^^^^^^^^^
  File "/home/falcram/.local/lib/python3.12/site-packages/django/shortcuts.py", line 25, in render
    content = loader.render_to_string(template_name, context, request, using=using)
              ^^^^^^^^^^^^^^^^^^^^^^^^^^^^^^^^^^^^^^^^^^^^^^^^^^^^^^^^^^^^^^^^^^^^^
  File "/home/falcram/.local/lib/python3.12/site-packages/django/template/loader.py", line 62, in render_to_string
    return template.render(context, request)
           ^^^^^^^^^^^^^^^^^^^^^^^^^^^^^^^^^
  File "/home/falcram/.local/lib/python3.12/site-packages/django/template/backends/django.py", line 61, in render
    return self.template.render(context)
           ^^^^^^^^^^^^^^^^^^^^^^^^^^^^^
  File "/home/falcram/.local/lib/python3.12/site-packages/django/template/base.py", line 171, in render
    return self._render(context)
           ^^^^^^^^^^^^^^^^^^^^^
  File "/home/falcram/.local/lib/python3.12/site-packages/django/template/base.py", line 163, in _render
    return self.nodelist.render(context)
           ^^^^^^^^^^^^^^^^^^^^^^^^^^^^^
  File "/home/falcram/.local/lib/python3.12/site-packages/django/template/base.py", line 1000, in render
    return SafeString("".join([node.render_annotated(context) for node in self]))
                               ^^^^^^^^^^^^^^^^^^^^^^^^^^^^^^
  File "/home/falcram/.local/lib/python3.12/site-packages/django/template/base.py", line 961, in render_annotated
    return self.render(context)
           ^^^^^^^^^^^^^^^^^^^^
  File "/home/falcram/.local/lib/python3.12/site-packages/django/template/defaulttags.py", line 479, in render
    url = reverse(view_name, args=args, kwargs=kwargs, current_app=current_app)
          ^^^^^^^^^^^^^^^^^^^^^^^^^^^^^^^^^^^^^^^^^^^^^^^^^^^^^^^^^^^^^^^^^^^^^
  File "/home/falcram/.local/lib/python3.12/site-packages/django/urls/base.py", line 88, in reverse
    return resolver._reverse_with_prefix(view, prefix, *args, **kwargs)
           ^^^^^^^^^^^^^^^^^^^^^^^^^^^^^^^^^^^^^^^^^^^^^^^^^^^^^^^^^^^^
  File "/home/falcram/.local/lib/python3.12/site-packages/django/urls/resolvers.py", line 851, in _reverse_with_prefix
    raise NoReverseMatch(msg)
django.urls.exceptions.NoReverseMatch: Reverse for 'faqs' not found. 'faqs' is not a valid view function or pattern name.
2024-06-02 22:12:39,203 INFO /home/falcram/BSUIR/IGI/253504_DUBOVIK_8/IGI/LR5/ZooApp/ZooApp/urls.py changed, reloading.
2024-06-02 22:12:40,082 ERROR Internal Server Error: /
Traceback (most recent call last):
  File "/home/falcram/.local/lib/python3.12/site-packages/django/core/handlers/exception.py", line 55, in inner
    response = get_response(request)
               ^^^^^^^^^^^^^^^^^^^^^
  File "/home/falcram/.local/lib/python3.12/site-packages/django/core/handlers/base.py", line 197, in _get_response
    response = wrapped_callback(request, *callback_args, **callback_kwargs)
               ^^^^^^^^^^^^^^^^^^^^^^^^^^^^^^^^^^^^^^^^^^^^^^^^^^^^^^^^^^^^
  File "/home/falcram/BSUIR/IGI/253504_DUBOVIK_8/IGI/LR5/ZooApp/Zoo/views.py", line 41, in home
    return render(request, 'home.html', context)
           ^^^^^^^^^^^^^^^^^^^^^^^^^^^^^^^^^^^^^
  File "/home/falcram/.local/lib/python3.12/site-packages/django/shortcuts.py", line 25, in render
    content = loader.render_to_string(template_name, context, request, using=using)
              ^^^^^^^^^^^^^^^^^^^^^^^^^^^^^^^^^^^^^^^^^^^^^^^^^^^^^^^^^^^^^^^^^^^^^
  File "/home/falcram/.local/lib/python3.12/site-packages/django/template/loader.py", line 62, in render_to_string
    return template.render(context, request)
           ^^^^^^^^^^^^^^^^^^^^^^^^^^^^^^^^^
  File "/home/falcram/.local/lib/python3.12/site-packages/django/template/backends/django.py", line 61, in render
    return self.template.render(context)
           ^^^^^^^^^^^^^^^^^^^^^^^^^^^^^
  File "/home/falcram/.local/lib/python3.12/site-packages/django/template/base.py", line 171, in render
    return self._render(context)
           ^^^^^^^^^^^^^^^^^^^^^
  File "/home/falcram/.local/lib/python3.12/site-packages/django/template/base.py", line 163, in _render
    return self.nodelist.render(context)
           ^^^^^^^^^^^^^^^^^^^^^^^^^^^^^
  File "/home/falcram/.local/lib/python3.12/site-packages/django/template/base.py", line 1000, in render
    return SafeString("".join([node.render_annotated(context) for node in self]))
                               ^^^^^^^^^^^^^^^^^^^^^^^^^^^^^^
  File "/home/falcram/.local/lib/python3.12/site-packages/django/template/base.py", line 961, in render_annotated
    return self.render(context)
           ^^^^^^^^^^^^^^^^^^^^
  File "/home/falcram/.local/lib/python3.12/site-packages/django/template/defaulttags.py", line 479, in render
    url = reverse(view_name, args=args, kwargs=kwargs, current_app=current_app)
          ^^^^^^^^^^^^^^^^^^^^^^^^^^^^^^^^^^^^^^^^^^^^^^^^^^^^^^^^^^^^^^^^^^^^^
  File "/home/falcram/.local/lib/python3.12/site-packages/django/urls/base.py", line 88, in reverse
    return resolver._reverse_with_prefix(view, prefix, *args, **kwargs)
           ^^^^^^^^^^^^^^^^^^^^^^^^^^^^^^^^^^^^^^^^^^^^^^^^^^^^^^^^^^^^
  File "/home/falcram/.local/lib/python3.12/site-packages/django/urls/resolvers.py", line 851, in _reverse_with_prefix
    raise NoReverseMatch(msg)
django.urls.exceptions.NoReverseMatch: Reverse for 'faqs' not found. 'faqs' is not a valid view function or pattern name.
2024-06-02 22:12:40,846 ERROR Internal Server Error: /
Traceback (most recent call last):
  File "/home/falcram/.local/lib/python3.12/site-packages/django/core/handlers/exception.py", line 55, in inner
    response = get_response(request)
               ^^^^^^^^^^^^^^^^^^^^^
  File "/home/falcram/.local/lib/python3.12/site-packages/django/core/handlers/base.py", line 197, in _get_response
    response = wrapped_callback(request, *callback_args, **callback_kwargs)
               ^^^^^^^^^^^^^^^^^^^^^^^^^^^^^^^^^^^^^^^^^^^^^^^^^^^^^^^^^^^^
  File "/home/falcram/BSUIR/IGI/253504_DUBOVIK_8/IGI/LR5/ZooApp/Zoo/views.py", line 41, in home
    return render(request, 'home.html', context)
           ^^^^^^^^^^^^^^^^^^^^^^^^^^^^^^^^^^^^^
  File "/home/falcram/.local/lib/python3.12/site-packages/django/shortcuts.py", line 25, in render
    content = loader.render_to_string(template_name, context, request, using=using)
              ^^^^^^^^^^^^^^^^^^^^^^^^^^^^^^^^^^^^^^^^^^^^^^^^^^^^^^^^^^^^^^^^^^^^^
  File "/home/falcram/.local/lib/python3.12/site-packages/django/template/loader.py", line 62, in render_to_string
    return template.render(context, request)
           ^^^^^^^^^^^^^^^^^^^^^^^^^^^^^^^^^
  File "/home/falcram/.local/lib/python3.12/site-packages/django/template/backends/django.py", line 61, in render
    return self.template.render(context)
           ^^^^^^^^^^^^^^^^^^^^^^^^^^^^^
  File "/home/falcram/.local/lib/python3.12/site-packages/django/template/base.py", line 171, in render
    return self._render(context)
           ^^^^^^^^^^^^^^^^^^^^^
  File "/home/falcram/.local/lib/python3.12/site-packages/django/template/base.py", line 163, in _render
    return self.nodelist.render(context)
           ^^^^^^^^^^^^^^^^^^^^^^^^^^^^^
  File "/home/falcram/.local/lib/python3.12/site-packages/django/template/base.py", line 1000, in render
    return SafeString("".join([node.render_annotated(context) for node in self]))
                               ^^^^^^^^^^^^^^^^^^^^^^^^^^^^^^
  File "/home/falcram/.local/lib/python3.12/site-packages/django/template/base.py", line 961, in render_annotated
    return self.render(context)
           ^^^^^^^^^^^^^^^^^^^^
  File "/home/falcram/.local/lib/python3.12/site-packages/django/template/defaulttags.py", line 479, in render
    url = reverse(view_name, args=args, kwargs=kwargs, current_app=current_app)
          ^^^^^^^^^^^^^^^^^^^^^^^^^^^^^^^^^^^^^^^^^^^^^^^^^^^^^^^^^^^^^^^^^^^^^
  File "/home/falcram/.local/lib/python3.12/site-packages/django/urls/base.py", line 88, in reverse
    return resolver._reverse_with_prefix(view, prefix, *args, **kwargs)
           ^^^^^^^^^^^^^^^^^^^^^^^^^^^^^^^^^^^^^^^^^^^^^^^^^^^^^^^^^^^^
  File "/home/falcram/.local/lib/python3.12/site-packages/django/urls/resolvers.py", line 851, in _reverse_with_prefix
    raise NoReverseMatch(msg)
django.urls.exceptions.NoReverseMatch: Reverse for 'faqs' not found. 'faqs' is not a valid view function or pattern name.
2024-06-02 22:13:53,023 INFO /home/falcram/BSUIR/IGI/253504_DUBOVIK_8/IGI/LR5/ZooApp/ZooApp/urls.py changed, reloading.
2024-06-03 12:51:37,808 ERROR Internal Server Error: /
Traceback (most recent call last):
  File "/home/falcram/.local/lib/python3.12/site-packages/django/core/handlers/exception.py", line 55, in inner
    response = get_response(request)
               ^^^^^^^^^^^^^^^^^^^^^
  File "/home/falcram/.local/lib/python3.12/site-packages/django/core/handlers/base.py", line 197, in _get_response
    response = wrapped_callback(request, *callback_args, **callback_kwargs)
               ^^^^^^^^^^^^^^^^^^^^^^^^^^^^^^^^^^^^^^^^^^^^^^^^^^^^^^^^^^^^
  File "/home/falcram/BSUIR/IGI/253504_DUBOVIK_8/IGI/LR5/ZooApp/Zoo/views.py", line 41, in home
    return render(request, 'home.html', context)
           ^^^^^^^^^^^^^^^^^^^^^^^^^^^^^^^^^^^^^
  File "/home/falcram/.local/lib/python3.12/site-packages/django/shortcuts.py", line 25, in render
    content = loader.render_to_string(template_name, context, request, using=using)
              ^^^^^^^^^^^^^^^^^^^^^^^^^^^^^^^^^^^^^^^^^^^^^^^^^^^^^^^^^^^^^^^^^^^^^
  File "/home/falcram/.local/lib/python3.12/site-packages/django/template/loader.py", line 62, in render_to_string
    return template.render(context, request)
           ^^^^^^^^^^^^^^^^^^^^^^^^^^^^^^^^^
  File "/home/falcram/.local/lib/python3.12/site-packages/django/template/backends/django.py", line 61, in render
    return self.template.render(context)
           ^^^^^^^^^^^^^^^^^^^^^^^^^^^^^
  File "/home/falcram/.local/lib/python3.12/site-packages/django/template/base.py", line 171, in render
    return self._render(context)
           ^^^^^^^^^^^^^^^^^^^^^
  File "/home/falcram/.local/lib/python3.12/site-packages/django/template/base.py", line 163, in _render
    return self.nodelist.render(context)
           ^^^^^^^^^^^^^^^^^^^^^^^^^^^^^
  File "/home/falcram/.local/lib/python3.12/site-packages/django/template/base.py", line 1000, in render
    return SafeString("".join([node.render_annotated(context) for node in self]))
                               ^^^^^^^^^^^^^^^^^^^^^^^^^^^^^^
  File "/home/falcram/.local/lib/python3.12/site-packages/django/template/base.py", line 961, in render_annotated
    return self.render(context)
           ^^^^^^^^^^^^^^^^^^^^
  File "/home/falcram/.local/lib/python3.12/site-packages/django/template/defaulttags.py", line 326, in render
    return nodelist.render(context)
           ^^^^^^^^^^^^^^^^^^^^^^^^
  File "/home/falcram/.local/lib/python3.12/site-packages/django/template/base.py", line 1000, in render
    return SafeString("".join([node.render_annotated(context) for node in self]))
                               ^^^^^^^^^^^^^^^^^^^^^^^^^^^^^^
  File "/home/falcram/.local/lib/python3.12/site-packages/django/template/base.py", line 961, in render_annotated
    return self.render(context)
           ^^^^^^^^^^^^^^^^^^^^
  File "/home/falcram/.local/lib/python3.12/site-packages/django/template/defaulttags.py", line 479, in render
    url = reverse(view_name, args=args, kwargs=kwargs, current_app=current_app)
          ^^^^^^^^^^^^^^^^^^^^^^^^^^^^^^^^^^^^^^^^^^^^^^^^^^^^^^^^^^^^^^^^^^^^^
  File "/home/falcram/.local/lib/python3.12/site-packages/django/urls/base.py", line 88, in reverse
    return resolver._reverse_with_prefix(view, prefix, *args, **kwargs)
           ^^^^^^^^^^^^^^^^^^^^^^^^^^^^^^^^^^^^^^^^^^^^^^^^^^^^^^^^^^^^
  File "/home/falcram/.local/lib/python3.12/site-packages/django/urls/resolvers.py", line 851, in _reverse_with_prefix
    raise NoReverseMatch(msg)
django.urls.exceptions.NoReverseMatch: Reverse for 'login' not found. 'login' is not a valid view function or pattern name.
2024-06-03 12:51:38,137 ERROR Internal Server Error: /
Traceback (most recent call last):
  File "/home/falcram/.local/lib/python3.12/site-packages/django/core/handlers/exception.py", line 55, in inner
    response = get_response(request)
               ^^^^^^^^^^^^^^^^^^^^^
  File "/home/falcram/.local/lib/python3.12/site-packages/django/core/handlers/base.py", line 197, in _get_response
    response = wrapped_callback(request, *callback_args, **callback_kwargs)
               ^^^^^^^^^^^^^^^^^^^^^^^^^^^^^^^^^^^^^^^^^^^^^^^^^^^^^^^^^^^^
  File "/home/falcram/BSUIR/IGI/253504_DUBOVIK_8/IGI/LR5/ZooApp/Zoo/views.py", line 41, in home
    return render(request, 'home.html', context)
           ^^^^^^^^^^^^^^^^^^^^^^^^^^^^^^^^^^^^^
  File "/home/falcram/.local/lib/python3.12/site-packages/django/shortcuts.py", line 25, in render
    content = loader.render_to_string(template_name, context, request, using=using)
              ^^^^^^^^^^^^^^^^^^^^^^^^^^^^^^^^^^^^^^^^^^^^^^^^^^^^^^^^^^^^^^^^^^^^^
  File "/home/falcram/.local/lib/python3.12/site-packages/django/template/loader.py", line 62, in render_to_string
    return template.render(context, request)
           ^^^^^^^^^^^^^^^^^^^^^^^^^^^^^^^^^
  File "/home/falcram/.local/lib/python3.12/site-packages/django/template/backends/django.py", line 61, in render
    return self.template.render(context)
           ^^^^^^^^^^^^^^^^^^^^^^^^^^^^^
  File "/home/falcram/.local/lib/python3.12/site-packages/django/template/base.py", line 171, in render
    return self._render(context)
           ^^^^^^^^^^^^^^^^^^^^^
  File "/home/falcram/.local/lib/python3.12/site-packages/django/template/base.py", line 163, in _render
    return self.nodelist.render(context)
           ^^^^^^^^^^^^^^^^^^^^^^^^^^^^^
  File "/home/falcram/.local/lib/python3.12/site-packages/django/template/base.py", line 1000, in render
    return SafeString("".join([node.render_annotated(context) for node in self]))
                               ^^^^^^^^^^^^^^^^^^^^^^^^^^^^^^
  File "/home/falcram/.local/lib/python3.12/site-packages/django/template/base.py", line 961, in render_annotated
    return self.render(context)
           ^^^^^^^^^^^^^^^^^^^^
  File "/home/falcram/.local/lib/python3.12/site-packages/django/template/defaulttags.py", line 326, in render
    return nodelist.render(context)
           ^^^^^^^^^^^^^^^^^^^^^^^^
  File "/home/falcram/.local/lib/python3.12/site-packages/django/template/base.py", line 1000, in render
    return SafeString("".join([node.render_annotated(context) for node in self]))
                               ^^^^^^^^^^^^^^^^^^^^^^^^^^^^^^
  File "/home/falcram/.local/lib/python3.12/site-packages/django/template/base.py", line 961, in render_annotated
    return self.render(context)
           ^^^^^^^^^^^^^^^^^^^^
  File "/home/falcram/.local/lib/python3.12/site-packages/django/template/defaulttags.py", line 479, in render
    url = reverse(view_name, args=args, kwargs=kwargs, current_app=current_app)
          ^^^^^^^^^^^^^^^^^^^^^^^^^^^^^^^^^^^^^^^^^^^^^^^^^^^^^^^^^^^^^^^^^^^^^
  File "/home/falcram/.local/lib/python3.12/site-packages/django/urls/base.py", line 88, in reverse
    return resolver._reverse_with_prefix(view, prefix, *args, **kwargs)
           ^^^^^^^^^^^^^^^^^^^^^^^^^^^^^^^^^^^^^^^^^^^^^^^^^^^^^^^^^^^^
  File "/home/falcram/.local/lib/python3.12/site-packages/django/urls/resolvers.py", line 851, in _reverse_with_prefix
    raise NoReverseMatch(msg)
django.urls.exceptions.NoReverseMatch: Reverse for 'login' not found. 'login' is not a valid view function or pattern name.
2024-06-03 12:52:27,698 INFO /home/falcram/BSUIR/IGI/253504_DUBOVIK_8/IGI/LR5/ZooApp/ZooApp/urls.py changed, reloading.
2024-06-03 12:54:40,905 WARNING Registration form is invalid
2024-06-03 12:55:21,807 WARNING Registration form is invalid
2024-06-03 12:55:59,860 WARNING Registration form is invalid
2024-06-03 12:56:33,119 WARNING Registration form is invalid
2024-06-03 12:58:27,102 INFO Registration form has no errors
2024-06-03 12:58:27,271 INFO Misha123 REGISTER (status: client) | user's Timezone: Europe/Minsk
2024-06-03 12:58:30,332 INFO User LOGIN
2024-06-03 13:08:32,374 ERROR Internal Server Error: /
Traceback (most recent call last):
  File "/home/falcram/.local/lib/python3.12/site-packages/django/template/base.py", line 502, in parse
    compile_func = self.tags[command]
                   ~~~~~~~~~^^^^^^^^^
KeyError: 'else'

During handling of the above exception, another exception occurred:

Traceback (most recent call last):
  File "/home/falcram/.local/lib/python3.12/site-packages/django/core/handlers/exception.py", line 55, in inner
    response = get_response(request)
               ^^^^^^^^^^^^^^^^^^^^^
  File "/home/falcram/.local/lib/python3.12/site-packages/django/core/handlers/base.py", line 197, in _get_response
    response = wrapped_callback(request, *callback_args, **callback_kwargs)
               ^^^^^^^^^^^^^^^^^^^^^^^^^^^^^^^^^^^^^^^^^^^^^^^^^^^^^^^^^^^^
  File "/home/falcram/BSUIR/IGI/253504_DUBOVIK_8/IGI/LR5/ZooApp/Zoo/views.py", line 41, in home
    return render(request, 'home.html', context)
           ^^^^^^^^^^^^^^^^^^^^^^^^^^^^^^^^^^^^^
  File "/home/falcram/.local/lib/python3.12/site-packages/django/shortcuts.py", line 25, in render
    content = loader.render_to_string(template_name, context, request, using=using)
              ^^^^^^^^^^^^^^^^^^^^^^^^^^^^^^^^^^^^^^^^^^^^^^^^^^^^^^^^^^^^^^^^^^^^^
  File "/home/falcram/.local/lib/python3.12/site-packages/django/template/loader.py", line 61, in render_to_string
    template = get_template(template_name, using=using)
               ^^^^^^^^^^^^^^^^^^^^^^^^^^^^^^^^^^^^^^^^
  File "/home/falcram/.local/lib/python3.12/site-packages/django/template/loader.py", line 15, in get_template
    return engine.get_template(template_name)
           ^^^^^^^^^^^^^^^^^^^^^^^^^^^^^^^^^^
  File "/home/falcram/.local/lib/python3.12/site-packages/django/template/backends/django.py", line 33, in get_template
    return Template(self.engine.get_template(template_name), self)
                    ^^^^^^^^^^^^^^^^^^^^^^^^^^^^^^^^^^^^^^^
  File "/home/falcram/.local/lib/python3.12/site-packages/django/template/engine.py", line 177, in get_template
    template, origin = self.find_template(template_name)
                       ^^^^^^^^^^^^^^^^^^^^^^^^^^^^^^^^^
  File "/home/falcram/.local/lib/python3.12/site-packages/django/template/engine.py", line 159, in find_template
    template = loader.get_template(name, skip=skip)
               ^^^^^^^^^^^^^^^^^^^^^^^^^^^^^^^^^^^^
  File "/home/falcram/.local/lib/python3.12/site-packages/django/template/loaders/cached.py", line 57, in get_template
    template = super().get_template(template_name, skip)
               ^^^^^^^^^^^^^^^^^^^^^^^^^^^^^^^^^^^^^^^^^
  File "/home/falcram/.local/lib/python3.12/site-packages/django/template/loaders/base.py", line 28, in get_template
    return Template(
           ^^^^^^^^^
  File "/home/falcram/.local/lib/python3.12/site-packages/django/template/base.py", line 154, in __init__
    self.nodelist = self.compile_nodelist()
                    ^^^^^^^^^^^^^^^^^^^^^^^
  File "/home/falcram/.local/lib/python3.12/site-packages/django/template/base.py", line 196, in compile_nodelist
    return parser.parse()
           ^^^^^^^^^^^^^^
  File "/home/falcram/.local/lib/python3.12/site-packages/django/template/base.py", line 510, in parse
    raise self.error(token, e)
  File "/home/falcram/.local/lib/python3.12/site-packages/django/template/base.py", line 508, in parse
    compiled_result = compile_func(self, token)
                      ^^^^^^^^^^^^^^^^^^^^^^^^^
  File "/home/falcram/.local/lib/python3.12/site-packages/django/template/defaulttags.py", line 961, in do_if
    nodelist = parser.parse(("elif", "else", "endif"))
               ^^^^^^^^^^^^^^^^^^^^^^^^^^^^^^^^^^^^^^^
  File "/home/falcram/.local/lib/python3.12/site-packages/django/template/base.py", line 510, in parse
    raise self.error(token, e)
  File "/home/falcram/.local/lib/python3.12/site-packages/django/template/base.py", line 508, in parse
    compiled_result = compile_func(self, token)
                      ^^^^^^^^^^^^^^^^^^^^^^^^^
  File "/home/falcram/.local/lib/python3.12/site-packages/django/template/defaulttags.py", line 975, in do_if
    nodelist = parser.parse(("endif",))
               ^^^^^^^^^^^^^^^^^^^^^^^^
  File "/home/falcram/.local/lib/python3.12/site-packages/django/template/base.py", line 504, in parse
    self.invalid_block_tag(token, command, parse_until)
  File "/home/falcram/.local/lib/python3.12/site-packages/django/template/base.py", line 555, in invalid_block_tag
    raise self.error(
django.template.exceptions.TemplateSyntaxError: Invalid block tag on line 63: 'else', expected 'endif'. Did you forget to register or load this tag?
2024-06-03 13:09:13,610 ERROR Internal Server Error: /logout/
Traceback (most recent call last):
  File "/home/falcram/.local/lib/python3.12/site-packages/django/core/handlers/exception.py", line 55, in inner
    response = get_response(request)
               ^^^^^^^^^^^^^^^^^^^^^
  File "/home/falcram/.local/lib/python3.12/site-packages/django/core/handlers/base.py", line 197, in _get_response
    response = wrapped_callback(request, *callback_args, **callback_kwargs)
               ^^^^^^^^^^^^^^^^^^^^^^^^^^^^^^^^^^^^^^^^^^^^^^^^^^^^^^^^^^^^
  File "/home/falcram/.local/lib/python3.12/site-packages/django/views/generic/base.py", line 104, in view
    return self.dispatch(request, *args, **kwargs)
           ^^^^^^^^^^^^^^^^^^^^^^^^^^^^^^^^^^^^^^^
  File "/home/falcram/.local/lib/python3.12/site-packages/django/views/generic/base.py", line 143, in dispatch
    return handler(request, *args, **kwargs)
           ^^^^^^^^^^^^^^^^^^^^^^^^^^^^^^^^^
  File "/home/falcram/BSUIR/IGI/253504_DUBOVIK_8/IGI/LR5/ZooApp/Zoo/views.py", line 193, in get
    logging.info(f"{request.user.username} LOGOUT (status: {request.user.status}) | user's Timezone: {request.user.timezone}")
                                                            ^^^^^^^^^^^^^^^^^^^
  File "/home/falcram/.local/lib/python3.12/site-packages/django/utils/functional.py", line 253, in inner
    return func(_wrapped, *args)
           ^^^^^^^^^^^^^^^^^^^^^
AttributeError: 'User' object has no attribute 'status'
2024-06-03 13:12:37,837 INFO /home/falcram/BSUIR/IGI/253504_DUBOVIK_8/IGI/LR5/ZooApp/ZooApp/urls.py changed, reloading.
2024-06-03 13:12:40,327 ERROR Internal Server Error: /logout/
Traceback (most recent call last):
  File "/home/falcram/.local/lib/python3.12/site-packages/django/core/handlers/exception.py", line 55, in inner
    response = get_response(request)
               ^^^^^^^^^^^^^^^^^^^^^
  File "/home/falcram/.local/lib/python3.12/site-packages/django/core/handlers/base.py", line 197, in _get_response
    response = wrapped_callback(request, *callback_args, **callback_kwargs)
               ^^^^^^^^^^^^^^^^^^^^^^^^^^^^^^^^^^^^^^^^^^^^^^^^^^^^^^^^^^^^
  File "/home/falcram/.local/lib/python3.12/site-packages/django/views/generic/base.py", line 104, in view
    return self.dispatch(request, *args, **kwargs)
           ^^^^^^^^^^^^^^^^^^^^^^^^^^^^^^^^^^^^^^^
  File "/home/falcram/.local/lib/python3.12/site-packages/django/views/generic/base.py", line 143, in dispatch
    return handler(request, *args, **kwargs)
           ^^^^^^^^^^^^^^^^^^^^^^^^^^^^^^^^^
  File "/home/falcram/BSUIR/IGI/253504_DUBOVIK_8/IGI/LR5/ZooApp/Zoo/views.py", line 193, in get
    logging.info(f"{request.user.username} LOGOUT (status: {request.user.status}) | user's Timezone: {request.user.timezone}")
                                                            ^^^^^^^^^^^^^^^^^^^
  File "/home/falcram/.local/lib/python3.12/site-packages/django/utils/functional.py", line 253, in inner
    return func(_wrapped, *args)
           ^^^^^^^^^^^^^^^^^^^^^
AttributeError: 'User' object has no attribute 'status'
2024-06-03 13:12:41,077 ERROR Internal Server Error: /logout/
Traceback (most recent call last):
  File "/home/falcram/.local/lib/python3.12/site-packages/django/core/handlers/exception.py", line 55, in inner
    response = get_response(request)
               ^^^^^^^^^^^^^^^^^^^^^
  File "/home/falcram/.local/lib/python3.12/site-packages/django/core/handlers/base.py", line 197, in _get_response
    response = wrapped_callback(request, *callback_args, **callback_kwargs)
               ^^^^^^^^^^^^^^^^^^^^^^^^^^^^^^^^^^^^^^^^^^^^^^^^^^^^^^^^^^^^
  File "/home/falcram/.local/lib/python3.12/site-packages/django/views/generic/base.py", line 104, in view
    return self.dispatch(request, *args, **kwargs)
           ^^^^^^^^^^^^^^^^^^^^^^^^^^^^^^^^^^^^^^^
  File "/home/falcram/.local/lib/python3.12/site-packages/django/views/generic/base.py", line 143, in dispatch
    return handler(request, *args, **kwargs)
           ^^^^^^^^^^^^^^^^^^^^^^^^^^^^^^^^^
  File "/home/falcram/BSUIR/IGI/253504_DUBOVIK_8/IGI/LR5/ZooApp/Zoo/views.py", line 193, in get
    logging.info(f"{request.user.username} LOGOUT (status: {request.user.status}) | user's Timezone: {request.user.timezone}")
                                                            ^^^^^^^^^^^^^^^^^^^
  File "/home/falcram/.local/lib/python3.12/site-packages/django/utils/functional.py", line 253, in inner
    return func(_wrapped, *args)
           ^^^^^^^^^^^^^^^^^^^^^
AttributeError: 'User' object has no attribute 'status'
2024-06-03 13:12:41,340 ERROR Internal Server Error: /logout/
Traceback (most recent call last):
  File "/home/falcram/.local/lib/python3.12/site-packages/django/core/handlers/exception.py", line 55, in inner
    response = get_response(request)
               ^^^^^^^^^^^^^^^^^^^^^
  File "/home/falcram/.local/lib/python3.12/site-packages/django/core/handlers/base.py", line 197, in _get_response
    response = wrapped_callback(request, *callback_args, **callback_kwargs)
               ^^^^^^^^^^^^^^^^^^^^^^^^^^^^^^^^^^^^^^^^^^^^^^^^^^^^^^^^^^^^
  File "/home/falcram/.local/lib/python3.12/site-packages/django/views/generic/base.py", line 104, in view
    return self.dispatch(request, *args, **kwargs)
           ^^^^^^^^^^^^^^^^^^^^^^^^^^^^^^^^^^^^^^^
  File "/home/falcram/.local/lib/python3.12/site-packages/django/views/generic/base.py", line 143, in dispatch
    return handler(request, *args, **kwargs)
           ^^^^^^^^^^^^^^^^^^^^^^^^^^^^^^^^^
  File "/home/falcram/BSUIR/IGI/253504_DUBOVIK_8/IGI/LR5/ZooApp/Zoo/views.py", line 193, in get
    logging.info(f"{request.user.username} LOGOUT (status: {request.user.status}) | user's Timezone: {request.user.timezone}")
                                                            ^^^^^^^^^^^^^^^^^^^
  File "/home/falcram/.local/lib/python3.12/site-packages/django/utils/functional.py", line 253, in inner
    return func(_wrapped, *args)
           ^^^^^^^^^^^^^^^^^^^^^
AttributeError: 'User' object has no attribute 'status'
2024-06-03 13:12:41,487 ERROR Internal Server Error: /logout/
Traceback (most recent call last):
  File "/home/falcram/.local/lib/python3.12/site-packages/django/core/handlers/exception.py", line 55, in inner
    response = get_response(request)
               ^^^^^^^^^^^^^^^^^^^^^
  File "/home/falcram/.local/lib/python3.12/site-packages/django/core/handlers/base.py", line 197, in _get_response
    response = wrapped_callback(request, *callback_args, **callback_kwargs)
               ^^^^^^^^^^^^^^^^^^^^^^^^^^^^^^^^^^^^^^^^^^^^^^^^^^^^^^^^^^^^
  File "/home/falcram/.local/lib/python3.12/site-packages/django/views/generic/base.py", line 104, in view
    return self.dispatch(request, *args, **kwargs)
           ^^^^^^^^^^^^^^^^^^^^^^^^^^^^^^^^^^^^^^^
  File "/home/falcram/.local/lib/python3.12/site-packages/django/views/generic/base.py", line 143, in dispatch
    return handler(request, *args, **kwargs)
           ^^^^^^^^^^^^^^^^^^^^^^^^^^^^^^^^^
  File "/home/falcram/BSUIR/IGI/253504_DUBOVIK_8/IGI/LR5/ZooApp/Zoo/views.py", line 193, in get
    logging.info(f"{request.user.username} LOGOUT (status: {request.user.status}) | user's Timezone: {request.user.timezone}")
                                                            ^^^^^^^^^^^^^^^^^^^
  File "/home/falcram/.local/lib/python3.12/site-packages/django/utils/functional.py", line 253, in inner
    return func(_wrapped, *args)
           ^^^^^^^^^^^^^^^^^^^^^
AttributeError: 'User' object has no attribute 'status'
2024-06-03 13:12:41,626 ERROR Internal Server Error: /logout/
Traceback (most recent call last):
  File "/home/falcram/.local/lib/python3.12/site-packages/django/core/handlers/exception.py", line 55, in inner
    response = get_response(request)
               ^^^^^^^^^^^^^^^^^^^^^
  File "/home/falcram/.local/lib/python3.12/site-packages/django/core/handlers/base.py", line 197, in _get_response
    response = wrapped_callback(request, *callback_args, **callback_kwargs)
               ^^^^^^^^^^^^^^^^^^^^^^^^^^^^^^^^^^^^^^^^^^^^^^^^^^^^^^^^^^^^
  File "/home/falcram/.local/lib/python3.12/site-packages/django/views/generic/base.py", line 104, in view
    return self.dispatch(request, *args, **kwargs)
           ^^^^^^^^^^^^^^^^^^^^^^^^^^^^^^^^^^^^^^^
  File "/home/falcram/.local/lib/python3.12/site-packages/django/views/generic/base.py", line 143, in dispatch
    return handler(request, *args, **kwargs)
           ^^^^^^^^^^^^^^^^^^^^^^^^^^^^^^^^^
  File "/home/falcram/BSUIR/IGI/253504_DUBOVIK_8/IGI/LR5/ZooApp/Zoo/views.py", line 193, in get
    logging.info(f"{request.user.username} LOGOUT (status: {request.user.status}) | user's Timezone: {request.user.timezone}")
                                                            ^^^^^^^^^^^^^^^^^^^
  File "/home/falcram/.local/lib/python3.12/site-packages/django/utils/functional.py", line 253, in inner
    return func(_wrapped, *args)
           ^^^^^^^^^^^^^^^^^^^^^
AttributeError: 'User' object has no attribute 'status'
2024-06-03 13:12:41,966 ERROR Internal Server Error: /logout/
Traceback (most recent call last):
  File "/home/falcram/.local/lib/python3.12/site-packages/django/core/handlers/exception.py", line 55, in inner
    response = get_response(request)
               ^^^^^^^^^^^^^^^^^^^^^
  File "/home/falcram/.local/lib/python3.12/site-packages/django/core/handlers/base.py", line 197, in _get_response
    response = wrapped_callback(request, *callback_args, **callback_kwargs)
               ^^^^^^^^^^^^^^^^^^^^^^^^^^^^^^^^^^^^^^^^^^^^^^^^^^^^^^^^^^^^
  File "/home/falcram/.local/lib/python3.12/site-packages/django/views/generic/base.py", line 104, in view
    return self.dispatch(request, *args, **kwargs)
           ^^^^^^^^^^^^^^^^^^^^^^^^^^^^^^^^^^^^^^^
  File "/home/falcram/.local/lib/python3.12/site-packages/django/views/generic/base.py", line 143, in dispatch
    return handler(request, *args, **kwargs)
           ^^^^^^^^^^^^^^^^^^^^^^^^^^^^^^^^^
  File "/home/falcram/BSUIR/IGI/253504_DUBOVIK_8/IGI/LR5/ZooApp/Zoo/views.py", line 193, in get
    logging.info(f"{request.user.username} LOGOUT (status: {request.user.status}) | user's Timezone: {request.user.timezone}")
                                                            ^^^^^^^^^^^^^^^^^^^
  File "/home/falcram/.local/lib/python3.12/site-packages/django/utils/functional.py", line 253, in inner
    return func(_wrapped, *args)
           ^^^^^^^^^^^^^^^^^^^^^
AttributeError: 'User' object has no attribute 'status'
2024-06-03 13:12:42,320 ERROR Internal Server Error: /logout/
Traceback (most recent call last):
  File "/home/falcram/.local/lib/python3.12/site-packages/django/core/handlers/exception.py", line 55, in inner
    response = get_response(request)
               ^^^^^^^^^^^^^^^^^^^^^
  File "/home/falcram/.local/lib/python3.12/site-packages/django/core/handlers/base.py", line 197, in _get_response
    response = wrapped_callback(request, *callback_args, **callback_kwargs)
               ^^^^^^^^^^^^^^^^^^^^^^^^^^^^^^^^^^^^^^^^^^^^^^^^^^^^^^^^^^^^
  File "/home/falcram/.local/lib/python3.12/site-packages/django/views/generic/base.py", line 104, in view
    return self.dispatch(request, *args, **kwargs)
           ^^^^^^^^^^^^^^^^^^^^^^^^^^^^^^^^^^^^^^^
  File "/home/falcram/.local/lib/python3.12/site-packages/django/views/generic/base.py", line 143, in dispatch
    return handler(request, *args, **kwargs)
           ^^^^^^^^^^^^^^^^^^^^^^^^^^^^^^^^^
  File "/home/falcram/BSUIR/IGI/253504_DUBOVIK_8/IGI/LR5/ZooApp/Zoo/views.py", line 193, in get
    logging.info(f"{request.user.username} LOGOUT (status: {request.user.status}) | user's Timezone: {request.user.timezone}")
                                                            ^^^^^^^^^^^^^^^^^^^
  File "/home/falcram/.local/lib/python3.12/site-packages/django/utils/functional.py", line 253, in inner
    return func(_wrapped, *args)
           ^^^^^^^^^^^^^^^^^^^^^
AttributeError: 'User' object has no attribute 'status'
2024-06-03 13:18:15,476 ERROR Internal Server Error: /
Traceback (most recent call last):
  File "/home/falcram/.local/lib/python3.12/site-packages/django/core/handlers/exception.py", line 55, in inner
    response = get_response(request)
               ^^^^^^^^^^^^^^^^^^^^^
  File "/home/falcram/.local/lib/python3.12/site-packages/django/core/handlers/base.py", line 197, in _get_response
    response = wrapped_callback(request, *callback_args, **callback_kwargs)
               ^^^^^^^^^^^^^^^^^^^^^^^^^^^^^^^^^^^^^^^^^^^^^^^^^^^^^^^^^^^^
  File "/home/falcram/BSUIR/IGI/253504_DUBOVIK_8/IGI/LR5/ZooApp/Zoo/views.py", line 41, in home
    return render(request, 'home.html', context)
           ^^^^^^^^^^^^^^^^^^^^^^^^^^^^^^^^^^^^^
  File "/home/falcram/.local/lib/python3.12/site-packages/django/shortcuts.py", line 25, in render
    content = loader.render_to_string(template_name, context, request, using=using)
              ^^^^^^^^^^^^^^^^^^^^^^^^^^^^^^^^^^^^^^^^^^^^^^^^^^^^^^^^^^^^^^^^^^^^^
  File "/home/falcram/.local/lib/python3.12/site-packages/django/template/loader.py", line 62, in render_to_string
    return template.render(context, request)
           ^^^^^^^^^^^^^^^^^^^^^^^^^^^^^^^^^
  File "/home/falcram/.local/lib/python3.12/site-packages/django/template/backends/django.py", line 61, in render
    return self.template.render(context)
           ^^^^^^^^^^^^^^^^^^^^^^^^^^^^^
  File "/home/falcram/.local/lib/python3.12/site-packages/django/template/base.py", line 171, in render
    return self._render(context)
           ^^^^^^^^^^^^^^^^^^^^^
  File "/home/falcram/.local/lib/python3.12/site-packages/django/template/base.py", line 163, in _render
    return self.nodelist.render(context)
           ^^^^^^^^^^^^^^^^^^^^^^^^^^^^^
  File "/home/falcram/.local/lib/python3.12/site-packages/django/template/base.py", line 1000, in render
    return SafeString("".join([node.render_annotated(context) for node in self]))
                               ^^^^^^^^^^^^^^^^^^^^^^^^^^^^^^
  File "/home/falcram/.local/lib/python3.12/site-packages/django/template/base.py", line 961, in render_annotated
    return self.render(context)
           ^^^^^^^^^^^^^^^^^^^^
  File "/home/falcram/.local/lib/python3.12/site-packages/django/template/defaulttags.py", line 326, in render
    return nodelist.render(context)
           ^^^^^^^^^^^^^^^^^^^^^^^^
  File "/home/falcram/.local/lib/python3.12/site-packages/django/template/base.py", line 1000, in render
    return SafeString("".join([node.render_annotated(context) for node in self]))
                               ^^^^^^^^^^^^^^^^^^^^^^^^^^^^^^
  File "/home/falcram/.local/lib/python3.12/site-packages/django/template/base.py", line 961, in render_annotated
    return self.render(context)
           ^^^^^^^^^^^^^^^^^^^^
  File "/home/falcram/.local/lib/python3.12/site-packages/django/template/defaulttags.py", line 326, in render
    return nodelist.render(context)
           ^^^^^^^^^^^^^^^^^^^^^^^^
  File "/home/falcram/.local/lib/python3.12/site-packages/django/template/base.py", line 1000, in render
    return SafeString("".join([node.render_annotated(context) for node in self]))
                               ^^^^^^^^^^^^^^^^^^^^^^^^^^^^^^
  File "/home/falcram/.local/lib/python3.12/site-packages/django/template/base.py", line 961, in render_annotated
    return self.render(context)
           ^^^^^^^^^^^^^^^^^^^^
  File "/home/falcram/.local/lib/python3.12/site-packages/django/template/defaulttags.py", line 479, in render
    url = reverse(view_name, args=args, kwargs=kwargs, current_app=current_app)
          ^^^^^^^^^^^^^^^^^^^^^^^^^^^^^^^^^^^^^^^^^^^^^^^^^^^^^^^^^^^^^^^^^^^^^
  File "/home/falcram/.local/lib/python3.12/site-packages/django/urls/base.py", line 88, in reverse
    return resolver._reverse_with_prefix(view, prefix, *args, **kwargs)
           ^^^^^^^^^^^^^^^^^^^^^^^^^^^^^^^^^^^^^^^^^^^^^^^^^^^^^^^^^^^^
  File "/home/falcram/.local/lib/python3.12/site-packages/django/urls/resolvers.py", line 851, in _reverse_with_prefix
    raise NoReverseMatch(msg)
django.urls.exceptions.NoReverseMatch: Reverse for 'logout' not found. 'logout' is not a valid view function or pattern name.
2024-06-03 13:18:16,268 ERROR Internal Server Error: /
Traceback (most recent call last):
  File "/home/falcram/.local/lib/python3.12/site-packages/django/core/handlers/exception.py", line 55, in inner
    response = get_response(request)
               ^^^^^^^^^^^^^^^^^^^^^
  File "/home/falcram/.local/lib/python3.12/site-packages/django/core/handlers/base.py", line 197, in _get_response
    response = wrapped_callback(request, *callback_args, **callback_kwargs)
               ^^^^^^^^^^^^^^^^^^^^^^^^^^^^^^^^^^^^^^^^^^^^^^^^^^^^^^^^^^^^
  File "/home/falcram/BSUIR/IGI/253504_DUBOVIK_8/IGI/LR5/ZooApp/Zoo/views.py", line 41, in home
    return render(request, 'home.html', context)
           ^^^^^^^^^^^^^^^^^^^^^^^^^^^^^^^^^^^^^
  File "/home/falcram/.local/lib/python3.12/site-packages/django/shortcuts.py", line 25, in render
    content = loader.render_to_string(template_name, context, request, using=using)
              ^^^^^^^^^^^^^^^^^^^^^^^^^^^^^^^^^^^^^^^^^^^^^^^^^^^^^^^^^^^^^^^^^^^^^
  File "/home/falcram/.local/lib/python3.12/site-packages/django/template/loader.py", line 62, in render_to_string
    return template.render(context, request)
           ^^^^^^^^^^^^^^^^^^^^^^^^^^^^^^^^^
  File "/home/falcram/.local/lib/python3.12/site-packages/django/template/backends/django.py", line 61, in render
    return self.template.render(context)
           ^^^^^^^^^^^^^^^^^^^^^^^^^^^^^
  File "/home/falcram/.local/lib/python3.12/site-packages/django/template/base.py", line 171, in render
    return self._render(context)
           ^^^^^^^^^^^^^^^^^^^^^
  File "/home/falcram/.local/lib/python3.12/site-packages/django/template/base.py", line 163, in _render
    return self.nodelist.render(context)
           ^^^^^^^^^^^^^^^^^^^^^^^^^^^^^
  File "/home/falcram/.local/lib/python3.12/site-packages/django/template/base.py", line 1000, in render
    return SafeString("".join([node.render_annotated(context) for node in self]))
                               ^^^^^^^^^^^^^^^^^^^^^^^^^^^^^^
  File "/home/falcram/.local/lib/python3.12/site-packages/django/template/base.py", line 961, in render_annotated
    return self.render(context)
           ^^^^^^^^^^^^^^^^^^^^
  File "/home/falcram/.local/lib/python3.12/site-packages/django/template/defaulttags.py", line 326, in render
    return nodelist.render(context)
           ^^^^^^^^^^^^^^^^^^^^^^^^
  File "/home/falcram/.local/lib/python3.12/site-packages/django/template/base.py", line 1000, in render
    return SafeString("".join([node.render_annotated(context) for node in self]))
                               ^^^^^^^^^^^^^^^^^^^^^^^^^^^^^^
  File "/home/falcram/.local/lib/python3.12/site-packages/django/template/base.py", line 961, in render_annotated
    return self.render(context)
           ^^^^^^^^^^^^^^^^^^^^
  File "/home/falcram/.local/lib/python3.12/site-packages/django/template/defaulttags.py", line 326, in render
    return nodelist.render(context)
           ^^^^^^^^^^^^^^^^^^^^^^^^
  File "/home/falcram/.local/lib/python3.12/site-packages/django/template/base.py", line 1000, in render
    return SafeString("".join([node.render_annotated(context) for node in self]))
                               ^^^^^^^^^^^^^^^^^^^^^^^^^^^^^^
  File "/home/falcram/.local/lib/python3.12/site-packages/django/template/base.py", line 961, in render_annotated
    return self.render(context)
           ^^^^^^^^^^^^^^^^^^^^
  File "/home/falcram/.local/lib/python3.12/site-packages/django/template/defaulttags.py", line 479, in render
    url = reverse(view_name, args=args, kwargs=kwargs, current_app=current_app)
          ^^^^^^^^^^^^^^^^^^^^^^^^^^^^^^^^^^^^^^^^^^^^^^^^^^^^^^^^^^^^^^^^^^^^^
  File "/home/falcram/.local/lib/python3.12/site-packages/django/urls/base.py", line 88, in reverse
    return resolver._reverse_with_prefix(view, prefix, *args, **kwargs)
           ^^^^^^^^^^^^^^^^^^^^^^^^^^^^^^^^^^^^^^^^^^^^^^^^^^^^^^^^^^^^
  File "/home/falcram/.local/lib/python3.12/site-packages/django/urls/resolvers.py", line 851, in _reverse_with_prefix
    raise NoReverseMatch(msg)
django.urls.exceptions.NoReverseMatch: Reverse for 'logout' not found. 'logout' is not a valid view function or pattern name.
2024-06-03 13:18:57,343 INFO /home/falcram/BSUIR/IGI/253504_DUBOVIK_8/IGI/LR5/ZooApp/ZooApp/urls.py changed, reloading.
2024-06-03 13:19:05,913 ERROR Internal Server Error: /logout/
Traceback (most recent call last):
  File "/home/falcram/.local/lib/python3.12/site-packages/django/core/handlers/exception.py", line 55, in inner
    response = get_response(request)
               ^^^^^^^^^^^^^^^^^^^^^
  File "/home/falcram/.local/lib/python3.12/site-packages/django/core/handlers/base.py", line 197, in _get_response
    response = wrapped_callback(request, *callback_args, **callback_kwargs)
               ^^^^^^^^^^^^^^^^^^^^^^^^^^^^^^^^^^^^^^^^^^^^^^^^^^^^^^^^^^^^
  File "/home/falcram/.local/lib/python3.12/site-packages/django/views/generic/base.py", line 104, in view
    return self.dispatch(request, *args, **kwargs)
           ^^^^^^^^^^^^^^^^^^^^^^^^^^^^^^^^^^^^^^^
  File "/home/falcram/.local/lib/python3.12/site-packages/django/views/generic/base.py", line 143, in dispatch
    return handler(request, *args, **kwargs)
           ^^^^^^^^^^^^^^^^^^^^^^^^^^^^^^^^^
  File "/home/falcram/BSUIR/IGI/253504_DUBOVIK_8/IGI/LR5/ZooApp/Zoo/views.py", line 193, in get
    logging.info(f"{request.user.username} LOGOUT (status: {request.user.status}) | user's Timezone: {request.user.timezone}")
                                                            ^^^^^^^^^^^^^^^^^^^
  File "/home/falcram/.local/lib/python3.12/site-packages/django/utils/functional.py", line 253, in inner
    return func(_wrapped, *args)
           ^^^^^^^^^^^^^^^^^^^^^
AttributeError: 'User' object has no attribute 'status'
2024-06-03 13:20:50,374 INFO /home/falcram/BSUIR/IGI/253504_DUBOVIK_8/IGI/LR5/ZooApp/Zoo/views.py changed, reloading.
2024-06-03 13:20:53,793 ERROR Internal Server Error: /logout/
Traceback (most recent call last):
  File "/home/falcram/.local/lib/python3.12/site-packages/django/core/handlers/exception.py", line 55, in inner
    response = get_response(request)
               ^^^^^^^^^^^^^^^^^^^^^
  File "/home/falcram/.local/lib/python3.12/site-packages/django/core/handlers/base.py", line 197, in _get_response
    response = wrapped_callback(request, *callback_args, **callback_kwargs)
               ^^^^^^^^^^^^^^^^^^^^^^^^^^^^^^^^^^^^^^^^^^^^^^^^^^^^^^^^^^^^
  File "/home/falcram/.local/lib/python3.12/site-packages/django/views/generic/base.py", line 104, in view
    return self.dispatch(request, *args, **kwargs)
           ^^^^^^^^^^^^^^^^^^^^^^^^^^^^^^^^^^^^^^^
  File "/home/falcram/.local/lib/python3.12/site-packages/django/views/generic/base.py", line 143, in dispatch
    return handler(request, *args, **kwargs)
           ^^^^^^^^^^^^^^^^^^^^^^^^^^^^^^^^^
  File "/home/falcram/BSUIR/IGI/253504_DUBOVIK_8/IGI/LR5/ZooApp/Zoo/views.py", line 193, in get
    logging.info(f"{request.user.username} LOGOUT (status: {request.user.status}) | user's Timezone: {request.user.timezone}")
                                                            ^^^^^^^^^^^^^^^^^^^
  File "/home/falcram/.local/lib/python3.12/site-packages/django/utils/functional.py", line 253, in inner
    return func(_wrapped, *args)
           ^^^^^^^^^^^^^^^^^^^^^
AttributeError: 'User' object has no attribute 'status'
2024-06-03 13:21:00,880 INFO /home/falcram/BSUIR/IGI/253504_DUBOVIK_8/IGI/LR5/ZooApp/Zoo/views.py changed, reloading.
2024-06-03 13:25:12,703 WARNING Registration form is invalid
2024-06-03 13:27:13,264 INFO Registration form has no errors
2024-06-03 13:27:13,429 INFO Misha123 REGISTER (status: client) | user's Timezone: Europe/Minsk
2024-06-03 14:47:23,192 INFO Registration form has no errors
2024-06-03 14:47:23,364 INFO a REGISTER (status: client) | user's Timezone: Europe/Minsk
2024-06-03 14:47:41,205 INFO User LOGIN
2024-06-03 15:11:37,423 INFO /home/falcram/BSUIR/IGI/253504_DUBOVIK_8/IGI/LR5/ZooApp/ZooApp/settings.py changed, reloading.
2024-06-03 15:16:23,720 INFO /home/falcram/BSUIR/IGI/253504_DUBOVIK_8/IGI/LR5/ZooApp/ZooApp/settings.py changed, reloading.
2024-06-03 15:18:41,881 INFO Registration form has no errors
2024-06-03 15:18:42,051 INFO testq REGISTER (status: client) | user's Timezone: Europe/Minsk
2024-06-03 15:23:30,580 INFO /home/falcram/BSUIR/IGI/253504_DUBOVIK_8/IGI/LR5/ZooApp/Zoo/views.py changed, reloading.
2024-06-03 15:24:47,704 INFO /home/falcram/BSUIR/IGI/253504_DUBOVIK_8/IGI/LR5/ZooApp/Zoo/views.py changed, reloading.
2024-06-03 15:58:21,013 INFO /home/falcram/BSUIR/IGI/253504_DUBOVIK_8/IGI/LR5/ZooApp/Zoo/views.py changed, reloading.
2024-06-03 15:59:20,451 INFO Registration form has no errors
2024-06-03 15:59:20,642 INFO test2 REGISTER (status: client) | user's Timezone: Europe/Minsk
2024-06-03 16:01:27,720 INFO /home/falcram/BSUIR/IGI/253504_DUBOVIK_8/IGI/LR5/ZooApp/Zoo/views.py changed, reloading.
2024-06-03 16:02:16,098 INFO Registration form has no errors
2024-06-03 16:02:16,260 INFO test3 REGISTER (status: client) | user's Timezone: Europe/Minsk
2024-06-03 21:08:51,487 WARNING Not Found: /favicon.ico
2024-06-03 21:09:23,155 INFO /home/falcram/BSUIR/IGI/253504_DUBOVIK_8/IGI/LR5/ZooApp/Zoo/admin.py changed, reloading.
2024-06-03 21:10:55,722 INFO Registration form has no errors
2024-06-03 21:10:55,886 INFO test5 REGISTER (status: client) | user's Timezone: Europe/Minsk
2024-06-03 21:14:55,668 INFO /home/falcram/BSUIR/IGI/253504_DUBOVIK_8/IGI/LR5/ZooApp/Zoo/admin.py changed, reloading.
2024-06-03 21:16:31,816 INFO /home/falcram/BSUIR/IGI/253504_DUBOVIK_8/IGI/LR5/ZooApp/ZooApp/settings.py changed, reloading.
2024-06-03 21:20:39,046 INFO /home/falcram/BSUIR/IGI/253504_DUBOVIK_8/IGI/LR5/ZooApp/Zoo/views.py changed, reloading.
2024-06-03 21:29:27,859 INFO /home/falcram/BSUIR/IGI/253504_DUBOVIK_8/IGI/LR5/ZooApp/Zoo/views.py changed, reloading.
2024-06-03 21:30:31,887 INFO /home/falcram/BSUIR/IGI/253504_DUBOVIK_8/IGI/LR5/ZooApp/Zoo/views.py changed, reloading.
2024-06-03 21:31:16,577 INFO /home/falcram/BSUIR/IGI/253504_DUBOVIK_8/IGI/LR5/ZooApp/Zoo/views.py changed, reloading.
2024-06-03 21:35:36,628 INFO /home/falcram/BSUIR/IGI/253504_DUBOVIK_8/IGI/LR5/ZooApp/Zoo/views.py changed, reloading.
2024-06-03 21:35:47,202 INFO /home/falcram/BSUIR/IGI/253504_DUBOVIK_8/IGI/LR5/ZooApp/Zoo/views.py changed, reloading.
2024-06-03 21:37:01,231 INFO /home/falcram/BSUIR/IGI/253504_DUBOVIK_8/IGI/LR5/ZooApp/ZooApp/urls.py changed, reloading.
2024-06-03 21:37:42,962 INFO /home/falcram/BSUIR/IGI/253504_DUBOVIK_8/IGI/LR5/ZooApp/Zoo/views.py changed, reloading.
2024-06-03 21:38:58,863 INFO /home/falcram/BSUIR/IGI/253504_DUBOVIK_8/IGI/LR5/ZooApp/Zoo/views.py changed, reloading.
2024-06-03 21:46:58,803 INFO /home/falcram/BSUIR/IGI/253504_DUBOVIK_8/IGI/LR5/ZooApp/Zoo/views.py changed, reloading.
2024-06-03 21:47:36,857 ERROR Internal Server Error: /register/
Traceback (most recent call last):
  File "/home/falcram/.local/lib/python3.12/site-packages/django/core/handlers/exception.py", line 55, in inner
    response = get_response(request)
               ^^^^^^^^^^^^^^^^^^^^^
  File "/home/falcram/.local/lib/python3.12/site-packages/django/core/handlers/base.py", line 197, in _get_response
    response = wrapped_callback(request, *callback_args, **callback_kwargs)
               ^^^^^^^^^^^^^^^^^^^^^^^^^^^^^^^^^^^^^^^^^^^^^^^^^^^^^^^^^^^^
  File "/home/falcram/BSUIR/IGI/253504_DUBOVIK_8/IGI/LR5/ZooApp/Zoo/views.py", line 165, in register
    user.set_password(user.cleaned_data['password'])
                      ^^^^^^^^^^^^^^^^^
AttributeError: 'User' object has no attribute 'cleaned_data'
2024-06-03 21:57:00,520 INFO /home/falcram/BSUIR/IGI/253504_DUBOVIK_8/IGI/LR5/ZooApp/Zoo/views.py changed, reloading.
2024-06-03 22:03:48,311 INFO /home/falcram/BSUIR/IGI/253504_DUBOVIK_8/IGI/LR5/ZooApp/Zoo/views.py changed, reloading.
2024-06-03 22:04:20,001 INFO /home/falcram/BSUIR/IGI/253504_DUBOVIK_8/IGI/LR5/ZooApp/Zoo/views.py changed, reloading.
2024-06-03 22:14:01,674 WARNING Not Found: /login/login
2024-06-03 22:14:30,891 WARNING Not Found: /login/login
2024-06-03 22:14:36,019 WARNING Not Found: /login/..home
2024-06-03 22:14:51,613 WARNING Not Found: /login/home
2024-06-03 22:15:42,785 WARNING Forbidden (CSRF token missing.): /login/
2024-06-03 22:20:23,095 INFO /home/falcram/BSUIR/IGI/253504_DUBOVIK_8/IGI/LR5/ZooApp/Zoo/views.py changed, reloading.
2024-06-03 22:20:35,716 INFO /home/falcram/BSUIR/IGI/253504_DUBOVIK_8/IGI/LR5/ZooApp/ZooApp/urls.py changed, reloading.
2024-06-03 22:21:45,694 INFO /home/falcram/BSUIR/IGI/253504_DUBOVIK_8/IGI/LR5/ZooApp/ZooApp/urls.py changed, reloading.
2024-06-03 22:22:12,452 INFO /home/falcram/BSUIR/IGI/253504_DUBOVIK_8/IGI/LR5/ZooApp/ZooApp/urls.py changed, reloading.
2024-06-03 22:27:29,340 INFO /home/falcram/BSUIR/IGI/253504_DUBOVIK_8/IGI/LR5/ZooApp/Zoo/models.py changed, reloading.
2024-06-04 20:57:52,238 INFO /home/falcram/BSUIR/IGI/253504_DUBOVIK_8/IGI/LR5/ZooApp/Zoo/admin.py changed, reloading.
2024-06-04 20:58:47,480 ERROR Internal Server Error: /admin/Zoo/feed/add/
Traceback (most recent call last):
  File "/home/falcram/.local/lib/python3.12/site-packages/django/db/backends/base/base.py", line 299, in _commit
    return self.connection.commit()
           ^^^^^^^^^^^^^^^^^^^^^^^^
sqlite3.IntegrityError: FOREIGN KEY constraint failed

The above exception was the direct cause of the following exception:

Traceback (most recent call last):
  File "/home/falcram/.local/lib/python3.12/site-packages/django/core/handlers/exception.py", line 55, in inner
    response = get_response(request)
               ^^^^^^^^^^^^^^^^^^^^^
  File "/home/falcram/.local/lib/python3.12/site-packages/django/core/handlers/base.py", line 197, in _get_response
    response = wrapped_callback(request, *callback_args, **callback_kwargs)
               ^^^^^^^^^^^^^^^^^^^^^^^^^^^^^^^^^^^^^^^^^^^^^^^^^^^^^^^^^^^^
  File "/home/falcram/.local/lib/python3.12/site-packages/django/contrib/admin/options.py", line 716, in wrapper
    return self.admin_site.admin_view(view)(*args, **kwargs)
           ^^^^^^^^^^^^^^^^^^^^^^^^^^^^^^^^^^^^^^^^^^^^^^^^^
  File "/home/falcram/.local/lib/python3.12/site-packages/django/utils/decorators.py", line 188, in _view_wrapper
    result = _process_exception(request, e)
             ^^^^^^^^^^^^^^^^^^^^^^^^^^^^^^
  File "/home/falcram/.local/lib/python3.12/site-packages/django/utils/decorators.py", line 186, in _view_wrapper
    response = view_func(request, *args, **kwargs)
               ^^^^^^^^^^^^^^^^^^^^^^^^^^^^^^^^^^^
  File "/home/falcram/.local/lib/python3.12/site-packages/django/views/decorators/cache.py", line 80, in _view_wrapper
    response = view_func(request, *args, **kwargs)
               ^^^^^^^^^^^^^^^^^^^^^^^^^^^^^^^^^^^
  File "/home/falcram/.local/lib/python3.12/site-packages/django/contrib/admin/sites.py", line 240, in inner
    return view(request, *args, **kwargs)
           ^^^^^^^^^^^^^^^^^^^^^^^^^^^^^^
  File "/home/falcram/.local/lib/python3.12/site-packages/django/contrib/admin/options.py", line 1945, in add_view
    return self.changeform_view(request, None, form_url, extra_context)
           ^^^^^^^^^^^^^^^^^^^^^^^^^^^^^^^^^^^^^^^^^^^^^^^^^^^^^^^^^^^^
  File "/home/falcram/.local/lib/python3.12/site-packages/django/utils/decorators.py", line 48, in _wrapper
    return bound_method(*args, **kwargs)
           ^^^^^^^^^^^^^^^^^^^^^^^^^^^^^
  File "/home/falcram/.local/lib/python3.12/site-packages/django/utils/decorators.py", line 188, in _view_wrapper
    result = _process_exception(request, e)
             ^^^^^^^^^^^^^^^^^^^^^^^^^^^^^^
  File "/home/falcram/.local/lib/python3.12/site-packages/django/utils/decorators.py", line 186, in _view_wrapper
    response = view_func(request, *args, **kwargs)
               ^^^^^^^^^^^^^^^^^^^^^^^^^^^^^^^^^^^
  File "/home/falcram/.local/lib/python3.12/site-packages/django/contrib/admin/options.py", line 1803, in changeform_view
    with transaction.atomic(using=router.db_for_write(self.model)):
  File "/home/falcram/.local/lib/python3.12/site-packages/django/db/transaction.py", line 263, in __exit__
    connection.commit()
  File "/home/falcram/.local/lib/python3.12/site-packages/django/utils/asyncio.py", line 26, in inner
    return func(*args, **kwargs)
           ^^^^^^^^^^^^^^^^^^^^^
  File "/home/falcram/.local/lib/python3.12/site-packages/django/db/backends/base/base.py", line 323, in commit
    self._commit()
  File "/home/falcram/.local/lib/python3.12/site-packages/django/db/backends/base/base.py", line 298, in _commit
    with debug_transaction(self, "COMMIT"), self.wrap_database_errors:
  File "/home/falcram/.local/lib/python3.12/site-packages/django/db/utils.py", line 91, in __exit__
    raise dj_exc_value.with_traceback(traceback) from exc_value
  File "/home/falcram/.local/lib/python3.12/site-packages/django/db/backends/base/base.py", line 299, in _commit
    return self.connection.commit()
           ^^^^^^^^^^^^^^^^^^^^^^^^
django.db.utils.IntegrityError: FOREIGN KEY constraint failed
2024-06-04 21:00:11,934 INFO /home/falcram/BSUIR/IGI/253504_DUBOVIK_8/IGI/LR5/ZooApp/Zoo/models.py changed, reloading.
2024-06-04 21:01:37,903 ERROR Internal Server Error: /admin/Zoo/feed/add/
Traceback (most recent call last):
  File "/home/falcram/.local/lib/python3.12/site-packages/django/db/backends/base/base.py", line 299, in _commit
    return self.connection.commit()
           ^^^^^^^^^^^^^^^^^^^^^^^^
sqlite3.IntegrityError: FOREIGN KEY constraint failed

The above exception was the direct cause of the following exception:

Traceback (most recent call last):
  File "/home/falcram/.local/lib/python3.12/site-packages/django/core/handlers/exception.py", line 55, in inner
    response = get_response(request)
               ^^^^^^^^^^^^^^^^^^^^^
  File "/home/falcram/.local/lib/python3.12/site-packages/django/core/handlers/base.py", line 197, in _get_response
    response = wrapped_callback(request, *callback_args, **callback_kwargs)
               ^^^^^^^^^^^^^^^^^^^^^^^^^^^^^^^^^^^^^^^^^^^^^^^^^^^^^^^^^^^^
  File "/home/falcram/.local/lib/python3.12/site-packages/django/contrib/admin/options.py", line 716, in wrapper
    return self.admin_site.admin_view(view)(*args, **kwargs)
           ^^^^^^^^^^^^^^^^^^^^^^^^^^^^^^^^^^^^^^^^^^^^^^^^^
  File "/home/falcram/.local/lib/python3.12/site-packages/django/utils/decorators.py", line 188, in _view_wrapper
    result = _process_exception(request, e)
             ^^^^^^^^^^^^^^^^^^^^^^^^^^^^^^
  File "/home/falcram/.local/lib/python3.12/site-packages/django/utils/decorators.py", line 186, in _view_wrapper
    response = view_func(request, *args, **kwargs)
               ^^^^^^^^^^^^^^^^^^^^^^^^^^^^^^^^^^^
  File "/home/falcram/.local/lib/python3.12/site-packages/django/views/decorators/cache.py", line 80, in _view_wrapper
    response = view_func(request, *args, **kwargs)
               ^^^^^^^^^^^^^^^^^^^^^^^^^^^^^^^^^^^
  File "/home/falcram/.local/lib/python3.12/site-packages/django/contrib/admin/sites.py", line 240, in inner
    return view(request, *args, **kwargs)
           ^^^^^^^^^^^^^^^^^^^^^^^^^^^^^^
  File "/home/falcram/.local/lib/python3.12/site-packages/django/contrib/admin/options.py", line 1945, in add_view
    return self.changeform_view(request, None, form_url, extra_context)
           ^^^^^^^^^^^^^^^^^^^^^^^^^^^^^^^^^^^^^^^^^^^^^^^^^^^^^^^^^^^^
  File "/home/falcram/.local/lib/python3.12/site-packages/django/utils/decorators.py", line 48, in _wrapper
    return bound_method(*args, **kwargs)
           ^^^^^^^^^^^^^^^^^^^^^^^^^^^^^
  File "/home/falcram/.local/lib/python3.12/site-packages/django/utils/decorators.py", line 188, in _view_wrapper
    result = _process_exception(request, e)
             ^^^^^^^^^^^^^^^^^^^^^^^^^^^^^^
  File "/home/falcram/.local/lib/python3.12/site-packages/django/utils/decorators.py", line 186, in _view_wrapper
    response = view_func(request, *args, **kwargs)
               ^^^^^^^^^^^^^^^^^^^^^^^^^^^^^^^^^^^
  File "/home/falcram/.local/lib/python3.12/site-packages/django/contrib/admin/options.py", line 1803, in changeform_view
    with transaction.atomic(using=router.db_for_write(self.model)):
  File "/home/falcram/.local/lib/python3.12/site-packages/django/db/transaction.py", line 263, in __exit__
    connection.commit()
  File "/home/falcram/.local/lib/python3.12/site-packages/django/utils/asyncio.py", line 26, in inner
    return func(*args, **kwargs)
           ^^^^^^^^^^^^^^^^^^^^^
  File "/home/falcram/.local/lib/python3.12/site-packages/django/db/backends/base/base.py", line 323, in commit
    self._commit()
  File "/home/falcram/.local/lib/python3.12/site-packages/django/db/backends/base/base.py", line 298, in _commit
    with debug_transaction(self, "COMMIT"), self.wrap_database_errors:
  File "/home/falcram/.local/lib/python3.12/site-packages/django/db/utils.py", line 91, in __exit__
    raise dj_exc_value.with_traceback(traceback) from exc_value
  File "/home/falcram/.local/lib/python3.12/site-packages/django/db/backends/base/base.py", line 299, in _commit
    return self.connection.commit()
           ^^^^^^^^^^^^^^^^^^^^^^^^
django.db.utils.IntegrityError: FOREIGN KEY constraint failed
2024-06-04 21:02:58,243 ERROR Internal Server Error: /admin/Zoo/feed/add/
Traceback (most recent call last):
  File "/home/falcram/.local/lib/python3.12/site-packages/django/db/backends/base/base.py", line 299, in _commit
    return self.connection.commit()
           ^^^^^^^^^^^^^^^^^^^^^^^^
sqlite3.IntegrityError: FOREIGN KEY constraint failed

The above exception was the direct cause of the following exception:

Traceback (most recent call last):
  File "/home/falcram/.local/lib/python3.12/site-packages/django/core/handlers/exception.py", line 55, in inner
    response = get_response(request)
               ^^^^^^^^^^^^^^^^^^^^^
  File "/home/falcram/.local/lib/python3.12/site-packages/django/core/handlers/base.py", line 197, in _get_response
    response = wrapped_callback(request, *callback_args, **callback_kwargs)
               ^^^^^^^^^^^^^^^^^^^^^^^^^^^^^^^^^^^^^^^^^^^^^^^^^^^^^^^^^^^^
  File "/home/falcram/.local/lib/python3.12/site-packages/django/contrib/admin/options.py", line 716, in wrapper
    return self.admin_site.admin_view(view)(*args, **kwargs)
           ^^^^^^^^^^^^^^^^^^^^^^^^^^^^^^^^^^^^^^^^^^^^^^^^^
  File "/home/falcram/.local/lib/python3.12/site-packages/django/utils/decorators.py", line 188, in _view_wrapper
    result = _process_exception(request, e)
             ^^^^^^^^^^^^^^^^^^^^^^^^^^^^^^
  File "/home/falcram/.local/lib/python3.12/site-packages/django/utils/decorators.py", line 186, in _view_wrapper
    response = view_func(request, *args, **kwargs)
               ^^^^^^^^^^^^^^^^^^^^^^^^^^^^^^^^^^^
  File "/home/falcram/.local/lib/python3.12/site-packages/django/views/decorators/cache.py", line 80, in _view_wrapper
    response = view_func(request, *args, **kwargs)
               ^^^^^^^^^^^^^^^^^^^^^^^^^^^^^^^^^^^
  File "/home/falcram/.local/lib/python3.12/site-packages/django/contrib/admin/sites.py", line 240, in inner
    return view(request, *args, **kwargs)
           ^^^^^^^^^^^^^^^^^^^^^^^^^^^^^^
  File "/home/falcram/.local/lib/python3.12/site-packages/django/contrib/admin/options.py", line 1945, in add_view
    return self.changeform_view(request, None, form_url, extra_context)
           ^^^^^^^^^^^^^^^^^^^^^^^^^^^^^^^^^^^^^^^^^^^^^^^^^^^^^^^^^^^^
  File "/home/falcram/.local/lib/python3.12/site-packages/django/utils/decorators.py", line 48, in _wrapper
    return bound_method(*args, **kwargs)
           ^^^^^^^^^^^^^^^^^^^^^^^^^^^^^
  File "/home/falcram/.local/lib/python3.12/site-packages/django/utils/decorators.py", line 188, in _view_wrapper
    result = _process_exception(request, e)
             ^^^^^^^^^^^^^^^^^^^^^^^^^^^^^^
  File "/home/falcram/.local/lib/python3.12/site-packages/django/utils/decorators.py", line 186, in _view_wrapper
    response = view_func(request, *args, **kwargs)
               ^^^^^^^^^^^^^^^^^^^^^^^^^^^^^^^^^^^
  File "/home/falcram/.local/lib/python3.12/site-packages/django/contrib/admin/options.py", line 1803, in changeform_view
    with transaction.atomic(using=router.db_for_write(self.model)):
  File "/home/falcram/.local/lib/python3.12/site-packages/django/db/transaction.py", line 263, in __exit__
    connection.commit()
  File "/home/falcram/.local/lib/python3.12/site-packages/django/utils/asyncio.py", line 26, in inner
    return func(*args, **kwargs)
           ^^^^^^^^^^^^^^^^^^^^^
  File "/home/falcram/.local/lib/python3.12/site-packages/django/db/backends/base/base.py", line 323, in commit
    self._commit()
  File "/home/falcram/.local/lib/python3.12/site-packages/django/db/backends/base/base.py", line 298, in _commit
    with debug_transaction(self, "COMMIT"), self.wrap_database_errors:
  File "/home/falcram/.local/lib/python3.12/site-packages/django/db/utils.py", line 91, in __exit__
    raise dj_exc_value.with_traceback(traceback) from exc_value
  File "/home/falcram/.local/lib/python3.12/site-packages/django/db/backends/base/base.py", line 299, in _commit
    return self.connection.commit()
           ^^^^^^^^^^^^^^^^^^^^^^^^
django.db.utils.IntegrityError: FOREIGN KEY constraint failed
2024-06-04 21:03:32,668 ERROR Internal Server Error: /admin/Zoo/country_of_residence/add/
Traceback (most recent call last):
  File "/home/falcram/.local/lib/python3.12/site-packages/django/db/backends/base/base.py", line 299, in _commit
    return self.connection.commit()
           ^^^^^^^^^^^^^^^^^^^^^^^^
sqlite3.IntegrityError: FOREIGN KEY constraint failed

The above exception was the direct cause of the following exception:

Traceback (most recent call last):
  File "/home/falcram/.local/lib/python3.12/site-packages/django/core/handlers/exception.py", line 55, in inner
    response = get_response(request)
               ^^^^^^^^^^^^^^^^^^^^^
  File "/home/falcram/.local/lib/python3.12/site-packages/django/core/handlers/base.py", line 197, in _get_response
    response = wrapped_callback(request, *callback_args, **callback_kwargs)
               ^^^^^^^^^^^^^^^^^^^^^^^^^^^^^^^^^^^^^^^^^^^^^^^^^^^^^^^^^^^^
  File "/home/falcram/.local/lib/python3.12/site-packages/django/contrib/admin/options.py", line 716, in wrapper
    return self.admin_site.admin_view(view)(*args, **kwargs)
           ^^^^^^^^^^^^^^^^^^^^^^^^^^^^^^^^^^^^^^^^^^^^^^^^^
  File "/home/falcram/.local/lib/python3.12/site-packages/django/utils/decorators.py", line 188, in _view_wrapper
    result = _process_exception(request, e)
             ^^^^^^^^^^^^^^^^^^^^^^^^^^^^^^
  File "/home/falcram/.local/lib/python3.12/site-packages/django/utils/decorators.py", line 186, in _view_wrapper
    response = view_func(request, *args, **kwargs)
               ^^^^^^^^^^^^^^^^^^^^^^^^^^^^^^^^^^^
  File "/home/falcram/.local/lib/python3.12/site-packages/django/views/decorators/cache.py", line 80, in _view_wrapper
    response = view_func(request, *args, **kwargs)
               ^^^^^^^^^^^^^^^^^^^^^^^^^^^^^^^^^^^
  File "/home/falcram/.local/lib/python3.12/site-packages/django/contrib/admin/sites.py", line 240, in inner
    return view(request, *args, **kwargs)
           ^^^^^^^^^^^^^^^^^^^^^^^^^^^^^^
  File "/home/falcram/.local/lib/python3.12/site-packages/django/contrib/admin/options.py", line 1945, in add_view
    return self.changeform_view(request, None, form_url, extra_context)
           ^^^^^^^^^^^^^^^^^^^^^^^^^^^^^^^^^^^^^^^^^^^^^^^^^^^^^^^^^^^^
  File "/home/falcram/.local/lib/python3.12/site-packages/django/utils/decorators.py", line 48, in _wrapper
    return bound_method(*args, **kwargs)
           ^^^^^^^^^^^^^^^^^^^^^^^^^^^^^
  File "/home/falcram/.local/lib/python3.12/site-packages/django/utils/decorators.py", line 188, in _view_wrapper
    result = _process_exception(request, e)
             ^^^^^^^^^^^^^^^^^^^^^^^^^^^^^^
  File "/home/falcram/.local/lib/python3.12/site-packages/django/utils/decorators.py", line 186, in _view_wrapper
    response = view_func(request, *args, **kwargs)
               ^^^^^^^^^^^^^^^^^^^^^^^^^^^^^^^^^^^
  File "/home/falcram/.local/lib/python3.12/site-packages/django/contrib/admin/options.py", line 1803, in changeform_view
    with transaction.atomic(using=router.db_for_write(self.model)):
  File "/home/falcram/.local/lib/python3.12/site-packages/django/db/transaction.py", line 263, in __exit__
    connection.commit()
  File "/home/falcram/.local/lib/python3.12/site-packages/django/utils/asyncio.py", line 26, in inner
    return func(*args, **kwargs)
           ^^^^^^^^^^^^^^^^^^^^^
  File "/home/falcram/.local/lib/python3.12/site-packages/django/db/backends/base/base.py", line 323, in commit
    self._commit()
  File "/home/falcram/.local/lib/python3.12/site-packages/django/db/backends/base/base.py", line 298, in _commit
    with debug_transaction(self, "COMMIT"), self.wrap_database_errors:
  File "/home/falcram/.local/lib/python3.12/site-packages/django/db/utils.py", line 91, in __exit__
    raise dj_exc_value.with_traceback(traceback) from exc_value
  File "/home/falcram/.local/lib/python3.12/site-packages/django/db/backends/base/base.py", line 299, in _commit
    return self.connection.commit()
           ^^^^^^^^^^^^^^^^^^^^^^^^
django.db.utils.IntegrityError: FOREIGN KEY constraint failed
2024-06-04 21:05:44,764 ERROR Internal Server Error: /admin/Zoo/feed/add/
Traceback (most recent call last):
  File "/home/falcram/.local/lib/python3.12/site-packages/django/db/backends/base/base.py", line 299, in _commit
    return self.connection.commit()
           ^^^^^^^^^^^^^^^^^^^^^^^^
sqlite3.IntegrityError: FOREIGN KEY constraint failed

The above exception was the direct cause of the following exception:

Traceback (most recent call last):
  File "/home/falcram/.local/lib/python3.12/site-packages/django/core/handlers/exception.py", line 55, in inner
    response = get_response(request)
               ^^^^^^^^^^^^^^^^^^^^^
  File "/home/falcram/.local/lib/python3.12/site-packages/django/core/handlers/base.py", line 197, in _get_response
    response = wrapped_callback(request, *callback_args, **callback_kwargs)
               ^^^^^^^^^^^^^^^^^^^^^^^^^^^^^^^^^^^^^^^^^^^^^^^^^^^^^^^^^^^^
  File "/home/falcram/.local/lib/python3.12/site-packages/django/contrib/admin/options.py", line 716, in wrapper
    return self.admin_site.admin_view(view)(*args, **kwargs)
           ^^^^^^^^^^^^^^^^^^^^^^^^^^^^^^^^^^^^^^^^^^^^^^^^^
  File "/home/falcram/.local/lib/python3.12/site-packages/django/utils/decorators.py", line 188, in _view_wrapper
    result = _process_exception(request, e)
             ^^^^^^^^^^^^^^^^^^^^^^^^^^^^^^
  File "/home/falcram/.local/lib/python3.12/site-packages/django/utils/decorators.py", line 186, in _view_wrapper
    response = view_func(request, *args, **kwargs)
               ^^^^^^^^^^^^^^^^^^^^^^^^^^^^^^^^^^^
  File "/home/falcram/.local/lib/python3.12/site-packages/django/views/decorators/cache.py", line 80, in _view_wrapper
    response = view_func(request, *args, **kwargs)
               ^^^^^^^^^^^^^^^^^^^^^^^^^^^^^^^^^^^
  File "/home/falcram/.local/lib/python3.12/site-packages/django/contrib/admin/sites.py", line 240, in inner
    return view(request, *args, **kwargs)
           ^^^^^^^^^^^^^^^^^^^^^^^^^^^^^^
  File "/home/falcram/.local/lib/python3.12/site-packages/django/contrib/admin/options.py", line 1945, in add_view
    return self.changeform_view(request, None, form_url, extra_context)
           ^^^^^^^^^^^^^^^^^^^^^^^^^^^^^^^^^^^^^^^^^^^^^^^^^^^^^^^^^^^^
  File "/home/falcram/.local/lib/python3.12/site-packages/django/utils/decorators.py", line 48, in _wrapper
    return bound_method(*args, **kwargs)
           ^^^^^^^^^^^^^^^^^^^^^^^^^^^^^
  File "/home/falcram/.local/lib/python3.12/site-packages/django/utils/decorators.py", line 188, in _view_wrapper
    result = _process_exception(request, e)
             ^^^^^^^^^^^^^^^^^^^^^^^^^^^^^^
  File "/home/falcram/.local/lib/python3.12/site-packages/django/utils/decorators.py", line 186, in _view_wrapper
    response = view_func(request, *args, **kwargs)
               ^^^^^^^^^^^^^^^^^^^^^^^^^^^^^^^^^^^
  File "/home/falcram/.local/lib/python3.12/site-packages/django/contrib/admin/options.py", line 1803, in changeform_view
    with transaction.atomic(using=router.db_for_write(self.model)):
  File "/home/falcram/.local/lib/python3.12/site-packages/django/db/transaction.py", line 263, in __exit__
    connection.commit()
  File "/home/falcram/.local/lib/python3.12/site-packages/django/utils/asyncio.py", line 26, in inner
    return func(*args, **kwargs)
           ^^^^^^^^^^^^^^^^^^^^^
  File "/home/falcram/.local/lib/python3.12/site-packages/django/db/backends/base/base.py", line 323, in commit
    self._commit()
  File "/home/falcram/.local/lib/python3.12/site-packages/django/db/backends/base/base.py", line 298, in _commit
    with debug_transaction(self, "COMMIT"), self.wrap_database_errors:
  File "/home/falcram/.local/lib/python3.12/site-packages/django/db/utils.py", line 91, in __exit__
    raise dj_exc_value.with_traceback(traceback) from exc_value
  File "/home/falcram/.local/lib/python3.12/site-packages/django/db/backends/base/base.py", line 299, in _commit
    return self.connection.commit()
           ^^^^^^^^^^^^^^^^^^^^^^^^
django.db.utils.IntegrityError: FOREIGN KEY constraint failed
2024-06-04 21:06:17,433 ERROR Internal Server Error: /admin/Zoo/aviary/add/
Traceback (most recent call last):
  File "/home/falcram/.local/lib/python3.12/site-packages/django/core/handlers/exception.py", line 55, in inner
    response = get_response(request)
               ^^^^^^^^^^^^^^^^^^^^^
  File "/home/falcram/.local/lib/python3.12/site-packages/django/core/handlers/base.py", line 197, in _get_response
    response = wrapped_callback(request, *callback_args, **callback_kwargs)
               ^^^^^^^^^^^^^^^^^^^^^^^^^^^^^^^^^^^^^^^^^^^^^^^^^^^^^^^^^^^^
  File "/home/falcram/.local/lib/python3.12/site-packages/django/contrib/admin/options.py", line 716, in wrapper
    return self.admin_site.admin_view(view)(*args, **kwargs)
           ^^^^^^^^^^^^^^^^^^^^^^^^^^^^^^^^^^^^^^^^^^^^^^^^^
  File "/home/falcram/.local/lib/python3.12/site-packages/django/utils/decorators.py", line 188, in _view_wrapper
    result = _process_exception(request, e)
             ^^^^^^^^^^^^^^^^^^^^^^^^^^^^^^
  File "/home/falcram/.local/lib/python3.12/site-packages/django/utils/decorators.py", line 186, in _view_wrapper
    response = view_func(request, *args, **kwargs)
               ^^^^^^^^^^^^^^^^^^^^^^^^^^^^^^^^^^^
  File "/home/falcram/.local/lib/python3.12/site-packages/django/views/decorators/cache.py", line 80, in _view_wrapper
    response = view_func(request, *args, **kwargs)
               ^^^^^^^^^^^^^^^^^^^^^^^^^^^^^^^^^^^
  File "/home/falcram/.local/lib/python3.12/site-packages/django/contrib/admin/sites.py", line 240, in inner
    return view(request, *args, **kwargs)
           ^^^^^^^^^^^^^^^^^^^^^^^^^^^^^^
  File "/home/falcram/.local/lib/python3.12/site-packages/django/contrib/admin/options.py", line 1945, in add_view
    return self.changeform_view(request, None, form_url, extra_context)
           ^^^^^^^^^^^^^^^^^^^^^^^^^^^^^^^^^^^^^^^^^^^^^^^^^^^^^^^^^^^^
  File "/home/falcram/.local/lib/python3.12/site-packages/django/utils/decorators.py", line 48, in _wrapper
    return bound_method(*args, **kwargs)
           ^^^^^^^^^^^^^^^^^^^^^^^^^^^^^
  File "/home/falcram/.local/lib/python3.12/site-packages/django/utils/decorators.py", line 188, in _view_wrapper
    result = _process_exception(request, e)
             ^^^^^^^^^^^^^^^^^^^^^^^^^^^^^^
  File "/home/falcram/.local/lib/python3.12/site-packages/django/utils/decorators.py", line 186, in _view_wrapper
    response = view_func(request, *args, **kwargs)
               ^^^^^^^^^^^^^^^^^^^^^^^^^^^^^^^^^^^
  File "/home/falcram/.local/lib/python3.12/site-packages/django/contrib/admin/options.py", line 1804, in changeform_view
    return self._changeform_view(request, object_id, form_url, extra_context)
           ^^^^^^^^^^^^^^^^^^^^^^^^^^^^^^^^^^^^^^^^^^^^^^^^^^^^^^^^^^^^^^^^^^
  File "/home/falcram/.local/lib/python3.12/site-packages/django/contrib/admin/options.py", line 1861, in _changeform_view
    self.log_addition(request, new_object, change_message)
  File "/home/falcram/.local/lib/python3.12/site-packages/django/contrib/admin/options.py", line 954, in log_addition
    object_repr=str(obj),
                ^^^^^^^^
TypeError: __str__ returned non-string (type int)
2024-06-04 21:07:10,943 ERROR Internal Server Error: /admin/Zoo/aviary/add/
Traceback (most recent call last):
  File "/home/falcram/.local/lib/python3.12/site-packages/django/core/handlers/exception.py", line 55, in inner
    response = get_response(request)
               ^^^^^^^^^^^^^^^^^^^^^
  File "/home/falcram/.local/lib/python3.12/site-packages/django/core/handlers/base.py", line 197, in _get_response
    response = wrapped_callback(request, *callback_args, **callback_kwargs)
               ^^^^^^^^^^^^^^^^^^^^^^^^^^^^^^^^^^^^^^^^^^^^^^^^^^^^^^^^^^^^
  File "/home/falcram/.local/lib/python3.12/site-packages/django/contrib/admin/options.py", line 716, in wrapper
    return self.admin_site.admin_view(view)(*args, **kwargs)
           ^^^^^^^^^^^^^^^^^^^^^^^^^^^^^^^^^^^^^^^^^^^^^^^^^
  File "/home/falcram/.local/lib/python3.12/site-packages/django/utils/decorators.py", line 188, in _view_wrapper
    result = _process_exception(request, e)
             ^^^^^^^^^^^^^^^^^^^^^^^^^^^^^^
  File "/home/falcram/.local/lib/python3.12/site-packages/django/utils/decorators.py", line 186, in _view_wrapper
    response = view_func(request, *args, **kwargs)
               ^^^^^^^^^^^^^^^^^^^^^^^^^^^^^^^^^^^
  File "/home/falcram/.local/lib/python3.12/site-packages/django/views/decorators/cache.py", line 80, in _view_wrapper
    response = view_func(request, *args, **kwargs)
               ^^^^^^^^^^^^^^^^^^^^^^^^^^^^^^^^^^^
  File "/home/falcram/.local/lib/python3.12/site-packages/django/contrib/admin/sites.py", line 240, in inner
    return view(request, *args, **kwargs)
           ^^^^^^^^^^^^^^^^^^^^^^^^^^^^^^
  File "/home/falcram/.local/lib/python3.12/site-packages/django/contrib/admin/options.py", line 1945, in add_view
    return self.changeform_view(request, None, form_url, extra_context)
           ^^^^^^^^^^^^^^^^^^^^^^^^^^^^^^^^^^^^^^^^^^^^^^^^^^^^^^^^^^^^
  File "/home/falcram/.local/lib/python3.12/site-packages/django/utils/decorators.py", line 48, in _wrapper
    return bound_method(*args, **kwargs)
           ^^^^^^^^^^^^^^^^^^^^^^^^^^^^^
  File "/home/falcram/.local/lib/python3.12/site-packages/django/utils/decorators.py", line 188, in _view_wrapper
    result = _process_exception(request, e)
             ^^^^^^^^^^^^^^^^^^^^^^^^^^^^^^
  File "/home/falcram/.local/lib/python3.12/site-packages/django/utils/decorators.py", line 186, in _view_wrapper
    response = view_func(request, *args, **kwargs)
               ^^^^^^^^^^^^^^^^^^^^^^^^^^^^^^^^^^^
  File "/home/falcram/.local/lib/python3.12/site-packages/django/contrib/admin/options.py", line 1804, in changeform_view
    return self._changeform_view(request, object_id, form_url, extra_context)
           ^^^^^^^^^^^^^^^^^^^^^^^^^^^^^^^^^^^^^^^^^^^^^^^^^^^^^^^^^^^^^^^^^^
  File "/home/falcram/.local/lib/python3.12/site-packages/django/contrib/admin/options.py", line 1861, in _changeform_view
    self.log_addition(request, new_object, change_message)
  File "/home/falcram/.local/lib/python3.12/site-packages/django/contrib/admin/options.py", line 954, in log_addition
    object_repr=str(obj),
                ^^^^^^^^
TypeError: __str__ returned non-string (type int)
2024-06-04 21:07:25,759 INFO /home/falcram/BSUIR/IGI/253504_DUBOVIK_8/IGI/LR5/ZooApp/Zoo/models.py changed, reloading.
2024-06-04 21:07:29,162 ERROR Internal Server Error: /admin/Zoo/aviary/add/
Traceback (most recent call last):
  File "/home/falcram/.local/lib/python3.12/site-packages/django/db/backends/base/base.py", line 299, in _commit
    return self.connection.commit()
           ^^^^^^^^^^^^^^^^^^^^^^^^
sqlite3.IntegrityError: FOREIGN KEY constraint failed

The above exception was the direct cause of the following exception:

Traceback (most recent call last):
  File "/home/falcram/.local/lib/python3.12/site-packages/django/core/handlers/exception.py", line 55, in inner
    response = get_response(request)
               ^^^^^^^^^^^^^^^^^^^^^
  File "/home/falcram/.local/lib/python3.12/site-packages/django/core/handlers/base.py", line 197, in _get_response
    response = wrapped_callback(request, *callback_args, **callback_kwargs)
               ^^^^^^^^^^^^^^^^^^^^^^^^^^^^^^^^^^^^^^^^^^^^^^^^^^^^^^^^^^^^
  File "/home/falcram/.local/lib/python3.12/site-packages/django/contrib/admin/options.py", line 716, in wrapper
    return self.admin_site.admin_view(view)(*args, **kwargs)
           ^^^^^^^^^^^^^^^^^^^^^^^^^^^^^^^^^^^^^^^^^^^^^^^^^
  File "/home/falcram/.local/lib/python3.12/site-packages/django/utils/decorators.py", line 188, in _view_wrapper
    result = _process_exception(request, e)
             ^^^^^^^^^^^^^^^^^^^^^^^^^^^^^^
  File "/home/falcram/.local/lib/python3.12/site-packages/django/utils/decorators.py", line 186, in _view_wrapper
    response = view_func(request, *args, **kwargs)
               ^^^^^^^^^^^^^^^^^^^^^^^^^^^^^^^^^^^
  File "/home/falcram/.local/lib/python3.12/site-packages/django/views/decorators/cache.py", line 80, in _view_wrapper
    response = view_func(request, *args, **kwargs)
               ^^^^^^^^^^^^^^^^^^^^^^^^^^^^^^^^^^^
  File "/home/falcram/.local/lib/python3.12/site-packages/django/contrib/admin/sites.py", line 240, in inner
    return view(request, *args, **kwargs)
           ^^^^^^^^^^^^^^^^^^^^^^^^^^^^^^
  File "/home/falcram/.local/lib/python3.12/site-packages/django/contrib/admin/options.py", line 1945, in add_view
    return self.changeform_view(request, None, form_url, extra_context)
           ^^^^^^^^^^^^^^^^^^^^^^^^^^^^^^^^^^^^^^^^^^^^^^^^^^^^^^^^^^^^
  File "/home/falcram/.local/lib/python3.12/site-packages/django/utils/decorators.py", line 48, in _wrapper
    return bound_method(*args, **kwargs)
           ^^^^^^^^^^^^^^^^^^^^^^^^^^^^^
  File "/home/falcram/.local/lib/python3.12/site-packages/django/utils/decorators.py", line 188, in _view_wrapper
    result = _process_exception(request, e)
             ^^^^^^^^^^^^^^^^^^^^^^^^^^^^^^
  File "/home/falcram/.local/lib/python3.12/site-packages/django/utils/decorators.py", line 186, in _view_wrapper
    response = view_func(request, *args, **kwargs)
               ^^^^^^^^^^^^^^^^^^^^^^^^^^^^^^^^^^^
  File "/home/falcram/.local/lib/python3.12/site-packages/django/contrib/admin/options.py", line 1803, in changeform_view
    with transaction.atomic(using=router.db_for_write(self.model)):
  File "/home/falcram/.local/lib/python3.12/site-packages/django/db/transaction.py", line 263, in __exit__
    connection.commit()
  File "/home/falcram/.local/lib/python3.12/site-packages/django/utils/asyncio.py", line 26, in inner
    return func(*args, **kwargs)
           ^^^^^^^^^^^^^^^^^^^^^
  File "/home/falcram/.local/lib/python3.12/site-packages/django/db/backends/base/base.py", line 323, in commit
    self._commit()
  File "/home/falcram/.local/lib/python3.12/site-packages/django/db/backends/base/base.py", line 298, in _commit
    with debug_transaction(self, "COMMIT"), self.wrap_database_errors:
  File "/home/falcram/.local/lib/python3.12/site-packages/django/db/utils.py", line 91, in __exit__
    raise dj_exc_value.with_traceback(traceback) from exc_value
  File "/home/falcram/.local/lib/python3.12/site-packages/django/db/backends/base/base.py", line 299, in _commit
    return self.connection.commit()
           ^^^^^^^^^^^^^^^^^^^^^^^^
django.db.utils.IntegrityError: FOREIGN KEY constraint failed
2024-06-04 21:09:08,628 ERROR Internal Server Error: /admin/Zoo/family/add/
Traceback (most recent call last):
  File "/home/falcram/.local/lib/python3.12/site-packages/django/db/backends/base/base.py", line 299, in _commit
    return self.connection.commit()
           ^^^^^^^^^^^^^^^^^^^^^^^^
sqlite3.IntegrityError: FOREIGN KEY constraint failed

The above exception was the direct cause of the following exception:

Traceback (most recent call last):
  File "/home/falcram/.local/lib/python3.12/site-packages/django/core/handlers/exception.py", line 55, in inner
    response = get_response(request)
               ^^^^^^^^^^^^^^^^^^^^^
  File "/home/falcram/.local/lib/python3.12/site-packages/django/core/handlers/base.py", line 197, in _get_response
    response = wrapped_callback(request, *callback_args, **callback_kwargs)
               ^^^^^^^^^^^^^^^^^^^^^^^^^^^^^^^^^^^^^^^^^^^^^^^^^^^^^^^^^^^^
  File "/home/falcram/.local/lib/python3.12/site-packages/django/contrib/admin/options.py", line 716, in wrapper
    return self.admin_site.admin_view(view)(*args, **kwargs)
           ^^^^^^^^^^^^^^^^^^^^^^^^^^^^^^^^^^^^^^^^^^^^^^^^^
  File "/home/falcram/.local/lib/python3.12/site-packages/django/utils/decorators.py", line 188, in _view_wrapper
    result = _process_exception(request, e)
             ^^^^^^^^^^^^^^^^^^^^^^^^^^^^^^
  File "/home/falcram/.local/lib/python3.12/site-packages/django/utils/decorators.py", line 186, in _view_wrapper
    response = view_func(request, *args, **kwargs)
               ^^^^^^^^^^^^^^^^^^^^^^^^^^^^^^^^^^^
  File "/home/falcram/.local/lib/python3.12/site-packages/django/views/decorators/cache.py", line 80, in _view_wrapper
    response = view_func(request, *args, **kwargs)
               ^^^^^^^^^^^^^^^^^^^^^^^^^^^^^^^^^^^
  File "/home/falcram/.local/lib/python3.12/site-packages/django/contrib/admin/sites.py", line 240, in inner
    return view(request, *args, **kwargs)
           ^^^^^^^^^^^^^^^^^^^^^^^^^^^^^^
  File "/home/falcram/.local/lib/python3.12/site-packages/django/contrib/admin/options.py", line 1945, in add_view
    return self.changeform_view(request, None, form_url, extra_context)
           ^^^^^^^^^^^^^^^^^^^^^^^^^^^^^^^^^^^^^^^^^^^^^^^^^^^^^^^^^^^^
  File "/home/falcram/.local/lib/python3.12/site-packages/django/utils/decorators.py", line 48, in _wrapper
    return bound_method(*args, **kwargs)
           ^^^^^^^^^^^^^^^^^^^^^^^^^^^^^
  File "/home/falcram/.local/lib/python3.12/site-packages/django/utils/decorators.py", line 188, in _view_wrapper
    result = _process_exception(request, e)
             ^^^^^^^^^^^^^^^^^^^^^^^^^^^^^^
  File "/home/falcram/.local/lib/python3.12/site-packages/django/utils/decorators.py", line 186, in _view_wrapper
    response = view_func(request, *args, **kwargs)
               ^^^^^^^^^^^^^^^^^^^^^^^^^^^^^^^^^^^
  File "/home/falcram/.local/lib/python3.12/site-packages/django/contrib/admin/options.py", line 1803, in changeform_view
    with transaction.atomic(using=router.db_for_write(self.model)):
  File "/home/falcram/.local/lib/python3.12/site-packages/django/db/transaction.py", line 263, in __exit__
    connection.commit()
  File "/home/falcram/.local/lib/python3.12/site-packages/django/utils/asyncio.py", line 26, in inner
    return func(*args, **kwargs)
           ^^^^^^^^^^^^^^^^^^^^^
  File "/home/falcram/.local/lib/python3.12/site-packages/django/db/backends/base/base.py", line 323, in commit
    self._commit()
  File "/home/falcram/.local/lib/python3.12/site-packages/django/db/backends/base/base.py", line 298, in _commit
    with debug_transaction(self, "COMMIT"), self.wrap_database_errors:
  File "/home/falcram/.local/lib/python3.12/site-packages/django/db/utils.py", line 91, in __exit__
    raise dj_exc_value.with_traceback(traceback) from exc_value
  File "/home/falcram/.local/lib/python3.12/site-packages/django/db/backends/base/base.py", line 299, in _commit
    return self.connection.commit()
           ^^^^^^^^^^^^^^^^^^^^^^^^
django.db.utils.IntegrityError: FOREIGN KEY constraint failed
2024-06-07 21:52:36,606 WARNING Not Found: /favicon.ico
2024-06-09 15:31:38,722 WARNING Not Found: /favicon.ico
2024-06-09 15:45:56,827 INFO /home/falcram/BSUIR/IGI/253504_DUBOVIK_8/IGI/LR5/ZooApp/Zoo/models.py changed, reloading.
2024-06-09 16:08:53,884 INFO /home/falcram/BSUIR/IGI/253504_DUBOVIK_8/IGI/LR5/ZooApp/Zoo/models.py changed, reloading.
2024-06-09 16:10:45,158 INFO /home/falcram/BSUIR/IGI/253504_DUBOVIK_8/IGI/LR5/ZooApp/Zoo/models.py changed, reloading.
2024-06-09 16:16:20,363 INFO /home/falcram/BSUIR/IGI/253504_DUBOVIK_8/IGI/LR5/ZooApp/Zoo/admin.py changed, reloading.
2024-06-09 16:34:23,799 ERROR Internal Server Error: /
Traceback (most recent call last):
  File "/home/falcram/.local/lib/python3.12/site-packages/django/core/handlers/exception.py", line 55, in inner
    response = get_response(request)
               ^^^^^^^^^^^^^^^^^^^^^
  File "/home/falcram/.local/lib/python3.12/site-packages/django/core/handlers/base.py", line 197, in _get_response
    response = wrapped_callback(request, *callback_args, **callback_kwargs)
               ^^^^^^^^^^^^^^^^^^^^^^^^^^^^^^^^^^^^^^^^^^^^^^^^^^^^^^^^^^^^
  File "/home/falcram/BSUIR/IGI/253504_DUBOVIK_8/IGI/LR5/ZooApp/Zoo/views.py", line 42, in home
    return render(request, 'home.html', context)
           ^^^^^^^^^^^^^^^^^^^^^^^^^^^^^^^^^^^^^
  File "/home/falcram/.local/lib/python3.12/site-packages/django/shortcuts.py", line 25, in render
    content = loader.render_to_string(template_name, context, request, using=using)
              ^^^^^^^^^^^^^^^^^^^^^^^^^^^^^^^^^^^^^^^^^^^^^^^^^^^^^^^^^^^^^^^^^^^^^
  File "/home/falcram/.local/lib/python3.12/site-packages/django/template/loader.py", line 62, in render_to_string
    return template.render(context, request)
           ^^^^^^^^^^^^^^^^^^^^^^^^^^^^^^^^^
  File "/home/falcram/.local/lib/python3.12/site-packages/django/template/backends/django.py", line 61, in render
    return self.template.render(context)
           ^^^^^^^^^^^^^^^^^^^^^^^^^^^^^
  File "/home/falcram/.local/lib/python3.12/site-packages/django/template/base.py", line 171, in render
    return self._render(context)
           ^^^^^^^^^^^^^^^^^^^^^
  File "/home/falcram/.local/lib/python3.12/site-packages/django/template/base.py", line 163, in _render
    return self.nodelist.render(context)
           ^^^^^^^^^^^^^^^^^^^^^^^^^^^^^
  File "/home/falcram/.local/lib/python3.12/site-packages/django/template/base.py", line 1000, in render
    return SafeString("".join([node.render_annotated(context) for node in self]))
                               ^^^^^^^^^^^^^^^^^^^^^^^^^^^^^^
  File "/home/falcram/.local/lib/python3.12/site-packages/django/template/base.py", line 961, in render_annotated
    return self.render(context)
           ^^^^^^^^^^^^^^^^^^^^
  File "/home/falcram/.local/lib/python3.12/site-packages/django/template/defaulttags.py", line 479, in render
    url = reverse(view_name, args=args, kwargs=kwargs, current_app=current_app)
          ^^^^^^^^^^^^^^^^^^^^^^^^^^^^^^^^^^^^^^^^^^^^^^^^^^^^^^^^^^^^^^^^^^^^^
  File "/home/falcram/.local/lib/python3.12/site-packages/django/urls/base.py", line 88, in reverse
    return resolver._reverse_with_prefix(view, prefix, *args, **kwargs)
           ^^^^^^^^^^^^^^^^^^^^^^^^^^^^^^^^^^^^^^^^^^^^^^^^^^^^^^^^^^^^
  File "/home/falcram/.local/lib/python3.12/site-packages/django/urls/resolvers.py", line 851, in _reverse_with_prefix
    raise NoReverseMatch(msg)
django.urls.exceptions.NoReverseMatch: Reverse for 'contacts' not found. 'contacts' is not a valid view function or pattern name.
2024-06-09 16:34:24,148 ERROR Internal Server Error: /
Traceback (most recent call last):
  File "/home/falcram/.local/lib/python3.12/site-packages/django/core/handlers/exception.py", line 55, in inner
    response = get_response(request)
               ^^^^^^^^^^^^^^^^^^^^^
  File "/home/falcram/.local/lib/python3.12/site-packages/django/core/handlers/base.py", line 197, in _get_response
    response = wrapped_callback(request, *callback_args, **callback_kwargs)
               ^^^^^^^^^^^^^^^^^^^^^^^^^^^^^^^^^^^^^^^^^^^^^^^^^^^^^^^^^^^^
  File "/home/falcram/BSUIR/IGI/253504_DUBOVIK_8/IGI/LR5/ZooApp/Zoo/views.py", line 42, in home
    return render(request, 'home.html', context)
           ^^^^^^^^^^^^^^^^^^^^^^^^^^^^^^^^^^^^^
  File "/home/falcram/.local/lib/python3.12/site-packages/django/shortcuts.py", line 25, in render
    content = loader.render_to_string(template_name, context, request, using=using)
              ^^^^^^^^^^^^^^^^^^^^^^^^^^^^^^^^^^^^^^^^^^^^^^^^^^^^^^^^^^^^^^^^^^^^^
  File "/home/falcram/.local/lib/python3.12/site-packages/django/template/loader.py", line 62, in render_to_string
    return template.render(context, request)
           ^^^^^^^^^^^^^^^^^^^^^^^^^^^^^^^^^
  File "/home/falcram/.local/lib/python3.12/site-packages/django/template/backends/django.py", line 61, in render
    return self.template.render(context)
           ^^^^^^^^^^^^^^^^^^^^^^^^^^^^^
  File "/home/falcram/.local/lib/python3.12/site-packages/django/template/base.py", line 171, in render
    return self._render(context)
           ^^^^^^^^^^^^^^^^^^^^^
  File "/home/falcram/.local/lib/python3.12/site-packages/django/template/base.py", line 163, in _render
    return self.nodelist.render(context)
           ^^^^^^^^^^^^^^^^^^^^^^^^^^^^^
  File "/home/falcram/.local/lib/python3.12/site-packages/django/template/base.py", line 1000, in render
    return SafeString("".join([node.render_annotated(context) for node in self]))
                               ^^^^^^^^^^^^^^^^^^^^^^^^^^^^^^
  File "/home/falcram/.local/lib/python3.12/site-packages/django/template/base.py", line 961, in render_annotated
    return self.render(context)
           ^^^^^^^^^^^^^^^^^^^^
  File "/home/falcram/.local/lib/python3.12/site-packages/django/template/defaulttags.py", line 479, in render
    url = reverse(view_name, args=args, kwargs=kwargs, current_app=current_app)
          ^^^^^^^^^^^^^^^^^^^^^^^^^^^^^^^^^^^^^^^^^^^^^^^^^^^^^^^^^^^^^^^^^^^^^
  File "/home/falcram/.local/lib/python3.12/site-packages/django/urls/base.py", line 88, in reverse
    return resolver._reverse_with_prefix(view, prefix, *args, **kwargs)
           ^^^^^^^^^^^^^^^^^^^^^^^^^^^^^^^^^^^^^^^^^^^^^^^^^^^^^^^^^^^^
  File "/home/falcram/.local/lib/python3.12/site-packages/django/urls/resolvers.py", line 851, in _reverse_with_prefix
    raise NoReverseMatch(msg)
django.urls.exceptions.NoReverseMatch: Reverse for 'contacts' not found. 'contacts' is not a valid view function or pattern name.
2024-06-09 16:34:40,726 INFO /home/falcram/BSUIR/IGI/253504_DUBOVIK_8/IGI/LR5/ZooApp/ZooApp/urls.py changed, reloading.
2024-06-09 16:35:09,397 INFO /home/falcram/BSUIR/IGI/253504_DUBOVIK_8/IGI/LR5/ZooApp/Zoo/views.py changed, reloading.
2024-06-09 16:43:57,713 INFO Contact 'Tom_Vet' was created
2024-06-10 06:16:47,079 INFO /home/falcram/BSUIR/IGI/253504_DUBOVIK_8/IGI/LR5/ZooApp/Zoo/models.py changed, reloading.
2024-06-10 06:16:51,951 INFO /home/falcram/BSUIR/IGI/253504_DUBOVIK_8/IGI/LR5/ZooApp/Zoo/models.py changed, reloading.
2024-06-10 09:51:08,121 INFO /home/falcram/BSUIR/IGI/253504_DUBOVIK_8/IGI/LR5/ZooApp/Zoo/models.py changed, reloading.
2024-06-10 09:59:37,667 ERROR Internal Server Error: /
Traceback (most recent call last):
  File "/home/falcram/.local/lib/python3.12/site-packages/django/core/handlers/exception.py", line 55, in inner
    response = get_response(request)
               ^^^^^^^^^^^^^^^^^^^^^
  File "/home/falcram/.local/lib/python3.12/site-packages/django/core/handlers/base.py", line 197, in _get_response
    response = wrapped_callback(request, *callback_args, **callback_kwargs)
               ^^^^^^^^^^^^^^^^^^^^^^^^^^^^^^^^^^^^^^^^^^^^^^^^^^^^^^^^^^^^
  File "/home/falcram/BSUIR/IGI/253504_DUBOVIK_8/IGI/LR5/ZooApp/Zoo/views.py", line 42, in home
    return render(request, 'home.html', context)
           ^^^^^^^^^^^^^^^^^^^^^^^^^^^^^^^^^^^^^
  File "/home/falcram/.local/lib/python3.12/site-packages/django/shortcuts.py", line 25, in render
    content = loader.render_to_string(template_name, context, request, using=using)
              ^^^^^^^^^^^^^^^^^^^^^^^^^^^^^^^^^^^^^^^^^^^^^^^^^^^^^^^^^^^^^^^^^^^^^
  File "/home/falcram/.local/lib/python3.12/site-packages/django/template/loader.py", line 62, in render_to_string
    return template.render(context, request)
           ^^^^^^^^^^^^^^^^^^^^^^^^^^^^^^^^^
  File "/home/falcram/.local/lib/python3.12/site-packages/django/template/backends/django.py", line 61, in render
    return self.template.render(context)
           ^^^^^^^^^^^^^^^^^^^^^^^^^^^^^
  File "/home/falcram/.local/lib/python3.12/site-packages/django/template/base.py", line 171, in render
    return self._render(context)
           ^^^^^^^^^^^^^^^^^^^^^
  File "/home/falcram/.local/lib/python3.12/site-packages/django/template/base.py", line 163, in _render
    return self.nodelist.render(context)
           ^^^^^^^^^^^^^^^^^^^^^^^^^^^^^
  File "/home/falcram/.local/lib/python3.12/site-packages/django/template/base.py", line 1000, in render
    return SafeString("".join([node.render_annotated(context) for node in self]))
                               ^^^^^^^^^^^^^^^^^^^^^^^^^^^^^^
  File "/home/falcram/.local/lib/python3.12/site-packages/django/template/base.py", line 961, in render_annotated
    return self.render(context)
           ^^^^^^^^^^^^^^^^^^^^
  File "/home/falcram/.local/lib/python3.12/site-packages/django/template/defaulttags.py", line 326, in render
    return nodelist.render(context)
           ^^^^^^^^^^^^^^^^^^^^^^^^
  File "/home/falcram/.local/lib/python3.12/site-packages/django/template/base.py", line 1000, in render
    return SafeString("".join([node.render_annotated(context) for node in self]))
                               ^^^^^^^^^^^^^^^^^^^^^^^^^^^^^^
  File "/home/falcram/.local/lib/python3.12/site-packages/django/template/base.py", line 961, in render_annotated
    return self.render(context)
           ^^^^^^^^^^^^^^^^^^^^
  File "/home/falcram/.local/lib/python3.12/site-packages/django/template/defaulttags.py", line 326, in render
    return nodelist.render(context)
           ^^^^^^^^^^^^^^^^^^^^^^^^
  File "/home/falcram/.local/lib/python3.12/site-packages/django/template/base.py", line 1000, in render
    return SafeString("".join([node.render_annotated(context) for node in self]))
                               ^^^^^^^^^^^^^^^^^^^^^^^^^^^^^^
  File "/home/falcram/.local/lib/python3.12/site-packages/django/template/base.py", line 961, in render_annotated
    return self.render(context)
           ^^^^^^^^^^^^^^^^^^^^
  File "/home/falcram/.local/lib/python3.12/site-packages/django/template/defaulttags.py", line 479, in render
    url = reverse(view_name, args=args, kwargs=kwargs, current_app=current_app)
          ^^^^^^^^^^^^^^^^^^^^^^^^^^^^^^^^^^^^^^^^^^^^^^^^^^^^^^^^^^^^^^^^^^^^^
  File "/home/falcram/.local/lib/python3.12/site-packages/django/urls/base.py", line 88, in reverse
    return resolver._reverse_with_prefix(view, prefix, *args, **kwargs)
           ^^^^^^^^^^^^^^^^^^^^^^^^^^^^^^^^^^^^^^^^^^^^^^^^^^^^^^^^^^^^
  File "/home/falcram/.local/lib/python3.12/site-packages/django/urls/resolvers.py", line 851, in _reverse_with_prefix
    raise NoReverseMatch(msg)
django.urls.exceptions.NoReverseMatch: Reverse for 'orders_list' not found. 'orders_list' is not a valid view function or pattern name.
2024-06-10 10:03:21,277 INFO /home/falcram/BSUIR/IGI/253504_DUBOVIK_8/IGI/LR5/ZooApp/ZooApp/urls.py changed, reloading.
2024-06-10 10:03:25,963 INFO Tim called UserOrderView | user's Timezone: Europe/Minsk
2024-06-10 10:06:16,207 ERROR Internal Server Error: /
Traceback (most recent call last):
  File "/home/falcram/.local/lib/python3.12/site-packages/django/core/handlers/exception.py", line 55, in inner
    response = get_response(request)
               ^^^^^^^^^^^^^^^^^^^^^
  File "/home/falcram/.local/lib/python3.12/site-packages/django/core/handlers/base.py", line 197, in _get_response
    response = wrapped_callback(request, *callback_args, **callback_kwargs)
               ^^^^^^^^^^^^^^^^^^^^^^^^^^^^^^^^^^^^^^^^^^^^^^^^^^^^^^^^^^^^
  File "/home/falcram/BSUIR/IGI/253504_DUBOVIK_8/IGI/LR5/ZooApp/Zoo/views.py", line 42, in home
    return render(request, 'home.html', context)
           ^^^^^^^^^^^^^^^^^^^^^^^^^^^^^^^^^^^^^
  File "/home/falcram/.local/lib/python3.12/site-packages/django/shortcuts.py", line 25, in render
    content = loader.render_to_string(template_name, context, request, using=using)
              ^^^^^^^^^^^^^^^^^^^^^^^^^^^^^^^^^^^^^^^^^^^^^^^^^^^^^^^^^^^^^^^^^^^^^
  File "/home/falcram/.local/lib/python3.12/site-packages/django/template/loader.py", line 62, in render_to_string
    return template.render(context, request)
           ^^^^^^^^^^^^^^^^^^^^^^^^^^^^^^^^^
  File "/home/falcram/.local/lib/python3.12/site-packages/django/template/backends/django.py", line 61, in render
    return self.template.render(context)
           ^^^^^^^^^^^^^^^^^^^^^^^^^^^^^
  File "/home/falcram/.local/lib/python3.12/site-packages/django/template/base.py", line 171, in render
    return self._render(context)
           ^^^^^^^^^^^^^^^^^^^^^
  File "/home/falcram/.local/lib/python3.12/site-packages/django/template/base.py", line 163, in _render
    return self.nodelist.render(context)
           ^^^^^^^^^^^^^^^^^^^^^^^^^^^^^
  File "/home/falcram/.local/lib/python3.12/site-packages/django/template/base.py", line 1000, in render
    return SafeString("".join([node.render_annotated(context) for node in self]))
                               ^^^^^^^^^^^^^^^^^^^^^^^^^^^^^^
  File "/home/falcram/.local/lib/python3.12/site-packages/django/template/base.py", line 961, in render_annotated
    return self.render(context)
           ^^^^^^^^^^^^^^^^^^^^
  File "/home/falcram/.local/lib/python3.12/site-packages/django/template/defaulttags.py", line 326, in render
    return nodelist.render(context)
           ^^^^^^^^^^^^^^^^^^^^^^^^
  File "/home/falcram/.local/lib/python3.12/site-packages/django/template/base.py", line 1000, in render
    return SafeString("".join([node.render_annotated(context) for node in self]))
                               ^^^^^^^^^^^^^^^^^^^^^^^^^^^^^^
  File "/home/falcram/.local/lib/python3.12/site-packages/django/template/base.py", line 961, in render_annotated
    return self.render(context)
           ^^^^^^^^^^^^^^^^^^^^
  File "/home/falcram/.local/lib/python3.12/site-packages/django/template/defaulttags.py", line 326, in render
    return nodelist.render(context)
           ^^^^^^^^^^^^^^^^^^^^^^^^
  File "/home/falcram/.local/lib/python3.12/site-packages/django/template/base.py", line 1000, in render
    return SafeString("".join([node.render_annotated(context) for node in self]))
                               ^^^^^^^^^^^^^^^^^^^^^^^^^^^^^^
  File "/home/falcram/.local/lib/python3.12/site-packages/django/template/base.py", line 961, in render_annotated
    return self.render(context)
           ^^^^^^^^^^^^^^^^^^^^
  File "/home/falcram/.local/lib/python3.12/site-packages/django/template/defaulttags.py", line 479, in render
    url = reverse(view_name, args=args, kwargs=kwargs, current_app=current_app)
          ^^^^^^^^^^^^^^^^^^^^^^^^^^^^^^^^^^^^^^^^^^^^^^^^^^^^^^^^^^^^^^^^^^^^^
  File "/home/falcram/.local/lib/python3.12/site-packages/django/urls/base.py", line 88, in reverse
    return resolver._reverse_with_prefix(view, prefix, *args, **kwargs)
           ^^^^^^^^^^^^^^^^^^^^^^^^^^^^^^^^^^^^^^^^^^^^^^^^^^^^^^^^^^^^
  File "/home/falcram/.local/lib/python3.12/site-packages/django/urls/resolvers.py", line 851, in _reverse_with_prefix
    raise NoReverseMatch(msg)
django.urls.exceptions.NoReverseMatch: Reverse for 'user_order' with no arguments not found. 2 pattern(s) tried: ['order/(?P<pk>[0-9]+)/(?P<jk>[0-9]+)/\\Z', 'user/(?P<pk>\\d+)/order/(?P<jk>\\d+)']
2024-06-10 12:36:10,873 INFO /home/falcram/BSUIR/IGI/253504_DUBOVIK_8/IGI/LR5/ZooApp/ZooApp/urls.py changed, reloading.
2024-06-10 12:36:14,499 ERROR Internal Server Error: /
Traceback (most recent call last):
  File "/home/falcram/.local/lib/python3.12/site-packages/django/core/handlers/exception.py", line 55, in inner
    response = get_response(request)
               ^^^^^^^^^^^^^^^^^^^^^
  File "/home/falcram/.local/lib/python3.12/site-packages/django/core/handlers/base.py", line 197, in _get_response
    response = wrapped_callback(request, *callback_args, **callback_kwargs)
               ^^^^^^^^^^^^^^^^^^^^^^^^^^^^^^^^^^^^^^^^^^^^^^^^^^^^^^^^^^^^
  File "/home/falcram/BSUIR/IGI/253504_DUBOVIK_8/IGI/LR5/ZooApp/Zoo/views.py", line 42, in home
    return render(request, 'home.html', context)
           ^^^^^^^^^^^^^^^^^^^^^^^^^^^^^^^^^^^^^
  File "/home/falcram/.local/lib/python3.12/site-packages/django/shortcuts.py", line 25, in render
    content = loader.render_to_string(template_name, context, request, using=using)
              ^^^^^^^^^^^^^^^^^^^^^^^^^^^^^^^^^^^^^^^^^^^^^^^^^^^^^^^^^^^^^^^^^^^^^
  File "/home/falcram/.local/lib/python3.12/site-packages/django/template/loader.py", line 62, in render_to_string
    return template.render(context, request)
           ^^^^^^^^^^^^^^^^^^^^^^^^^^^^^^^^^
  File "/home/falcram/.local/lib/python3.12/site-packages/django/template/backends/django.py", line 61, in render
    return self.template.render(context)
           ^^^^^^^^^^^^^^^^^^^^^^^^^^^^^
  File "/home/falcram/.local/lib/python3.12/site-packages/django/template/base.py", line 171, in render
    return self._render(context)
           ^^^^^^^^^^^^^^^^^^^^^
  File "/home/falcram/.local/lib/python3.12/site-packages/django/template/base.py", line 163, in _render
    return self.nodelist.render(context)
           ^^^^^^^^^^^^^^^^^^^^^^^^^^^^^
  File "/home/falcram/.local/lib/python3.12/site-packages/django/template/base.py", line 1000, in render
    return SafeString("".join([node.render_annotated(context) for node in self]))
                               ^^^^^^^^^^^^^^^^^^^^^^^^^^^^^^
  File "/home/falcram/.local/lib/python3.12/site-packages/django/template/base.py", line 961, in render_annotated
    return self.render(context)
           ^^^^^^^^^^^^^^^^^^^^
  File "/home/falcram/.local/lib/python3.12/site-packages/django/template/defaulttags.py", line 326, in render
    return nodelist.render(context)
           ^^^^^^^^^^^^^^^^^^^^^^^^
  File "/home/falcram/.local/lib/python3.12/site-packages/django/template/base.py", line 1000, in render
    return SafeString("".join([node.render_annotated(context) for node in self]))
                               ^^^^^^^^^^^^^^^^^^^^^^^^^^^^^^
  File "/home/falcram/.local/lib/python3.12/site-packages/django/template/base.py", line 961, in render_annotated
    return self.render(context)
           ^^^^^^^^^^^^^^^^^^^^
  File "/home/falcram/.local/lib/python3.12/site-packages/django/template/defaulttags.py", line 326, in render
    return nodelist.render(context)
           ^^^^^^^^^^^^^^^^^^^^^^^^
  File "/home/falcram/.local/lib/python3.12/site-packages/django/template/base.py", line 1000, in render
    return SafeString("".join([node.render_annotated(context) for node in self]))
                               ^^^^^^^^^^^^^^^^^^^^^^^^^^^^^^
  File "/home/falcram/.local/lib/python3.12/site-packages/django/template/base.py", line 961, in render_annotated
    return self.render(context)
           ^^^^^^^^^^^^^^^^^^^^
  File "/home/falcram/.local/lib/python3.12/site-packages/django/template/defaulttags.py", line 479, in render
    url = reverse(view_name, args=args, kwargs=kwargs, current_app=current_app)
          ^^^^^^^^^^^^^^^^^^^^^^^^^^^^^^^^^^^^^^^^^^^^^^^^^^^^^^^^^^^^^^^^^^^^^
  File "/home/falcram/.local/lib/python3.12/site-packages/django/urls/base.py", line 88, in reverse
    return resolver._reverse_with_prefix(view, prefix, *args, **kwargs)
           ^^^^^^^^^^^^^^^^^^^^^^^^^^^^^^^^^^^^^^^^^^^^^^^^^^^^^^^^^^^^
  File "/home/falcram/.local/lib/python3.12/site-packages/django/urls/resolvers.py", line 851, in _reverse_with_prefix
    raise NoReverseMatch(msg)
django.urls.exceptions.NoReverseMatch: Reverse for 'user_order' with no arguments not found. 2 pattern(s) tried: ['order/(?P<pk>[0-9]+)/(?P<jk>[0-9]+)/\\Z', 'user/(?P<pk>\\d+)/order/(?P<jk>\\d+)']
2024-06-10 12:36:14,576 WARNING Not Found: /favicon.ico
2024-06-10 12:38:01,522 ERROR Internal Server Error: /
Traceback (most recent call last):
  File "/home/falcram/.local/lib/python3.12/site-packages/django/core/handlers/exception.py", line 55, in inner
    response = get_response(request)
               ^^^^^^^^^^^^^^^^^^^^^
  File "/home/falcram/.local/lib/python3.12/site-packages/django/core/handlers/base.py", line 197, in _get_response
    response = wrapped_callback(request, *callback_args, **callback_kwargs)
               ^^^^^^^^^^^^^^^^^^^^^^^^^^^^^^^^^^^^^^^^^^^^^^^^^^^^^^^^^^^^
  File "/home/falcram/BSUIR/IGI/253504_DUBOVIK_8/IGI/LR5/ZooApp/Zoo/views.py", line 42, in home
    return render(request, 'home.html', context)
           ^^^^^^^^^^^^^^^^^^^^^^^^^^^^^^^^^^^^^
  File "/home/falcram/.local/lib/python3.12/site-packages/django/shortcuts.py", line 25, in render
    content = loader.render_to_string(template_name, context, request, using=using)
              ^^^^^^^^^^^^^^^^^^^^^^^^^^^^^^^^^^^^^^^^^^^^^^^^^^^^^^^^^^^^^^^^^^^^^
  File "/home/falcram/.local/lib/python3.12/site-packages/django/template/loader.py", line 62, in render_to_string
    return template.render(context, request)
           ^^^^^^^^^^^^^^^^^^^^^^^^^^^^^^^^^
  File "/home/falcram/.local/lib/python3.12/site-packages/django/template/backends/django.py", line 61, in render
    return self.template.render(context)
           ^^^^^^^^^^^^^^^^^^^^^^^^^^^^^
  File "/home/falcram/.local/lib/python3.12/site-packages/django/template/base.py", line 171, in render
    return self._render(context)
           ^^^^^^^^^^^^^^^^^^^^^
  File "/home/falcram/.local/lib/python3.12/site-packages/django/template/base.py", line 163, in _render
    return self.nodelist.render(context)
           ^^^^^^^^^^^^^^^^^^^^^^^^^^^^^
  File "/home/falcram/.local/lib/python3.12/site-packages/django/template/base.py", line 1000, in render
    return SafeString("".join([node.render_annotated(context) for node in self]))
                               ^^^^^^^^^^^^^^^^^^^^^^^^^^^^^^
  File "/home/falcram/.local/lib/python3.12/site-packages/django/template/base.py", line 961, in render_annotated
    return self.render(context)
           ^^^^^^^^^^^^^^^^^^^^
  File "/home/falcram/.local/lib/python3.12/site-packages/django/template/defaulttags.py", line 326, in render
    return nodelist.render(context)
           ^^^^^^^^^^^^^^^^^^^^^^^^
  File "/home/falcram/.local/lib/python3.12/site-packages/django/template/base.py", line 1000, in render
    return SafeString("".join([node.render_annotated(context) for node in self]))
                               ^^^^^^^^^^^^^^^^^^^^^^^^^^^^^^
  File "/home/falcram/.local/lib/python3.12/site-packages/django/template/base.py", line 961, in render_annotated
    return self.render(context)
           ^^^^^^^^^^^^^^^^^^^^
  File "/home/falcram/.local/lib/python3.12/site-packages/django/template/defaulttags.py", line 326, in render
    return nodelist.render(context)
           ^^^^^^^^^^^^^^^^^^^^^^^^
  File "/home/falcram/.local/lib/python3.12/site-packages/django/template/base.py", line 1000, in render
    return SafeString("".join([node.render_annotated(context) for node in self]))
                               ^^^^^^^^^^^^^^^^^^^^^^^^^^^^^^
  File "/home/falcram/.local/lib/python3.12/site-packages/django/template/base.py", line 961, in render_annotated
    return self.render(context)
           ^^^^^^^^^^^^^^^^^^^^
  File "/home/falcram/.local/lib/python3.12/site-packages/django/template/defaulttags.py", line 479, in render
    url = reverse(view_name, args=args, kwargs=kwargs, current_app=current_app)
          ^^^^^^^^^^^^^^^^^^^^^^^^^^^^^^^^^^^^^^^^^^^^^^^^^^^^^^^^^^^^^^^^^^^^^
  File "/home/falcram/.local/lib/python3.12/site-packages/django/urls/base.py", line 88, in reverse
    return resolver._reverse_with_prefix(view, prefix, *args, **kwargs)
           ^^^^^^^^^^^^^^^^^^^^^^^^^^^^^^^^^^^^^^^^^^^^^^^^^^^^^^^^^^^^
  File "/home/falcram/.local/lib/python3.12/site-packages/django/urls/resolvers.py", line 851, in _reverse_with_prefix
    raise NoReverseMatch(msg)
django.urls.exceptions.NoReverseMatch: Reverse for 'user_create' not found. 'user_create' is not a valid view function or pattern name.
2024-06-10 12:38:17,621 ERROR Internal Server Error: /order/create/7/
Traceback (most recent call last):
  File "/home/falcram/.local/lib/python3.12/site-packages/django/core/handlers/exception.py", line 55, in inner
    response = get_response(request)
               ^^^^^^^^^^^^^^^^^^^^^
  File "/home/falcram/.local/lib/python3.12/site-packages/django/core/handlers/base.py", line 197, in _get_response
    response = wrapped_callback(request, *callback_args, **callback_kwargs)
               ^^^^^^^^^^^^^^^^^^^^^^^^^^^^^^^^^^^^^^^^^^^^^^^^^^^^^^^^^^^^
  File "/home/falcram/.local/lib/python3.12/site-packages/django/views/generic/base.py", line 104, in view
    return self.dispatch(request, *args, **kwargs)
           ^^^^^^^^^^^^^^^^^^^^^^^^^^^^^^^^^^^^^^^
  File "/home/falcram/.local/lib/python3.12/site-packages/django/views/generic/base.py", line 143, in dispatch
    return handler(request, *args, **kwargs)
           ^^^^^^^^^^^^^^^^^^^^^^^^^^^^^^^^^
TypeError: BuyTicket.get() got an unexpected keyword argument 'pk'
2024-06-10 12:39:17,536 ERROR Internal Server Error: /order/create/7/
Traceback (most recent call last):
  File "/home/falcram/.local/lib/python3.12/site-packages/django/core/handlers/exception.py", line 55, in inner
    response = get_response(request)
               ^^^^^^^^^^^^^^^^^^^^^
  File "/home/falcram/.local/lib/python3.12/site-packages/django/core/handlers/base.py", line 197, in _get_response
    response = wrapped_callback(request, *callback_args, **callback_kwargs)
               ^^^^^^^^^^^^^^^^^^^^^^^^^^^^^^^^^^^^^^^^^^^^^^^^^^^^^^^^^^^^
  File "/home/falcram/.local/lib/python3.12/site-packages/django/views/generic/base.py", line 104, in view
    return self.dispatch(request, *args, **kwargs)
           ^^^^^^^^^^^^^^^^^^^^^^^^^^^^^^^^^^^^^^^
  File "/home/falcram/.local/lib/python3.12/site-packages/django/views/generic/base.py", line 143, in dispatch
    return handler(request, *args, **kwargs)
           ^^^^^^^^^^^^^^^^^^^^^^^^^^^^^^^^^
TypeError: BuyTicket.get() got an unexpected keyword argument 'pk'
2024-06-10 12:39:18,290 ERROR Internal Server Error: /order/create/7/
Traceback (most recent call last):
  File "/home/falcram/.local/lib/python3.12/site-packages/django/core/handlers/exception.py", line 55, in inner
    response = get_response(request)
               ^^^^^^^^^^^^^^^^^^^^^
  File "/home/falcram/.local/lib/python3.12/site-packages/django/core/handlers/base.py", line 197, in _get_response
    response = wrapped_callback(request, *callback_args, **callback_kwargs)
               ^^^^^^^^^^^^^^^^^^^^^^^^^^^^^^^^^^^^^^^^^^^^^^^^^^^^^^^^^^^^
  File "/home/falcram/.local/lib/python3.12/site-packages/django/views/generic/base.py", line 104, in view
    return self.dispatch(request, *args, **kwargs)
           ^^^^^^^^^^^^^^^^^^^^^^^^^^^^^^^^^^^^^^^
  File "/home/falcram/.local/lib/python3.12/site-packages/django/views/generic/base.py", line 143, in dispatch
    return handler(request, *args, **kwargs)
           ^^^^^^^^^^^^^^^^^^^^^^^^^^^^^^^^^
TypeError: BuyTicket.get() got an unexpected keyword argument 'pk'
2024-06-10 12:40:16,189 ERROR Internal Server Error: /order/create/7/
Traceback (most recent call last):
  File "/home/falcram/.local/lib/python3.12/site-packages/django/core/handlers/exception.py", line 55, in inner
    response = get_response(request)
               ^^^^^^^^^^^^^^^^^^^^^
  File "/home/falcram/.local/lib/python3.12/site-packages/django/core/handlers/base.py", line 197, in _get_response
    response = wrapped_callback(request, *callback_args, **callback_kwargs)
               ^^^^^^^^^^^^^^^^^^^^^^^^^^^^^^^^^^^^^^^^^^^^^^^^^^^^^^^^^^^^
  File "/home/falcram/.local/lib/python3.12/site-packages/django/views/generic/base.py", line 104, in view
    return self.dispatch(request, *args, **kwargs)
           ^^^^^^^^^^^^^^^^^^^^^^^^^^^^^^^^^^^^^^^
  File "/home/falcram/.local/lib/python3.12/site-packages/django/views/generic/base.py", line 143, in dispatch
    return handler(request, *args, **kwargs)
           ^^^^^^^^^^^^^^^^^^^^^^^^^^^^^^^^^
TypeError: BuyTicket.get() got an unexpected keyword argument 'pk'
2024-06-10 12:40:16,910 ERROR Internal Server Error: /order/create/7/
Traceback (most recent call last):
  File "/home/falcram/.local/lib/python3.12/site-packages/django/core/handlers/exception.py", line 55, in inner
    response = get_response(request)
               ^^^^^^^^^^^^^^^^^^^^^
  File "/home/falcram/.local/lib/python3.12/site-packages/django/core/handlers/base.py", line 197, in _get_response
    response = wrapped_callback(request, *callback_args, **callback_kwargs)
               ^^^^^^^^^^^^^^^^^^^^^^^^^^^^^^^^^^^^^^^^^^^^^^^^^^^^^^^^^^^^
  File "/home/falcram/.local/lib/python3.12/site-packages/django/views/generic/base.py", line 104, in view
    return self.dispatch(request, *args, **kwargs)
           ^^^^^^^^^^^^^^^^^^^^^^^^^^^^^^^^^^^^^^^
  File "/home/falcram/.local/lib/python3.12/site-packages/django/views/generic/base.py", line 143, in dispatch
    return handler(request, *args, **kwargs)
           ^^^^^^^^^^^^^^^^^^^^^^^^^^^^^^^^^
TypeError: BuyTicket.get() got an unexpected keyword argument 'pk'
2024-06-10 12:40:17,237 ERROR Internal Server Error: /order/create/7/
Traceback (most recent call last):
  File "/home/falcram/.local/lib/python3.12/site-packages/django/core/handlers/exception.py", line 55, in inner
    response = get_response(request)
               ^^^^^^^^^^^^^^^^^^^^^
  File "/home/falcram/.local/lib/python3.12/site-packages/django/core/handlers/base.py", line 197, in _get_response
    response = wrapped_callback(request, *callback_args, **callback_kwargs)
               ^^^^^^^^^^^^^^^^^^^^^^^^^^^^^^^^^^^^^^^^^^^^^^^^^^^^^^^^^^^^
  File "/home/falcram/.local/lib/python3.12/site-packages/django/views/generic/base.py", line 104, in view
    return self.dispatch(request, *args, **kwargs)
           ^^^^^^^^^^^^^^^^^^^^^^^^^^^^^^^^^^^^^^^
  File "/home/falcram/.local/lib/python3.12/site-packages/django/views/generic/base.py", line 143, in dispatch
    return handler(request, *args, **kwargs)
           ^^^^^^^^^^^^^^^^^^^^^^^^^^^^^^^^^
TypeError: BuyTicket.get() got an unexpected keyword argument 'pk'
2024-06-10 12:40:17,419 ERROR Internal Server Error: /order/create/7/
Traceback (most recent call last):
  File "/home/falcram/.local/lib/python3.12/site-packages/django/core/handlers/exception.py", line 55, in inner
    response = get_response(request)
               ^^^^^^^^^^^^^^^^^^^^^
  File "/home/falcram/.local/lib/python3.12/site-packages/django/core/handlers/base.py", line 197, in _get_response
    response = wrapped_callback(request, *callback_args, **callback_kwargs)
               ^^^^^^^^^^^^^^^^^^^^^^^^^^^^^^^^^^^^^^^^^^^^^^^^^^^^^^^^^^^^
  File "/home/falcram/.local/lib/python3.12/site-packages/django/views/generic/base.py", line 104, in view
    return self.dispatch(request, *args, **kwargs)
           ^^^^^^^^^^^^^^^^^^^^^^^^^^^^^^^^^^^^^^^
  File "/home/falcram/.local/lib/python3.12/site-packages/django/views/generic/base.py", line 143, in dispatch
    return handler(request, *args, **kwargs)
           ^^^^^^^^^^^^^^^^^^^^^^^^^^^^^^^^^
TypeError: BuyTicket.get() got an unexpected keyword argument 'pk'
2024-06-10 12:42:27,884 INFO /home/falcram/BSUIR/IGI/253504_DUBOVIK_8/IGI/LR5/ZooApp/Zoo/views.py changed, reloading.
2024-06-10 12:42:40,471 INFO /home/falcram/BSUIR/IGI/253504_DUBOVIK_8/IGI/LR5/ZooApp/Zoo/views.py changed, reloading.
2024-06-10 12:42:41,254 INFO Tim called OrderCreateView | user's Timezone: Europe/Minsk
2024-06-10 12:43:00,834 INFO Tim called OrderCreateView | user's Timezone: Europe/Minsk
2024-06-10 12:43:06,019 INFO OrderForm has no errors
2024-06-10 12:43:06,025 INFO Promocode 1111 used by Tim
2024-06-10 12:43:06,043 ERROR Internal Server Error: /order/create/7/
Traceback (most recent call last):
  File "/home/falcram/.local/lib/python3.12/site-packages/django/core/handlers/exception.py", line 55, in inner
    response = get_response(request)
               ^^^^^^^^^^^^^^^^^^^^^
  File "/home/falcram/.local/lib/python3.12/site-packages/django/core/handlers/base.py", line 197, in _get_response
    response = wrapped_callback(request, *callback_args, **callback_kwargs)
               ^^^^^^^^^^^^^^^^^^^^^^^^^^^^^^^^^^^^^^^^^^^^^^^^^^^^^^^^^^^^
  File "/home/falcram/.local/lib/python3.12/site-packages/django/views/generic/base.py", line 104, in view
    return self.dispatch(request, *args, **kwargs)
           ^^^^^^^^^^^^^^^^^^^^^^^^^^^^^^^^^^^^^^^
  File "/home/falcram/.local/lib/python3.12/site-packages/django/views/generic/base.py", line 143, in dispatch
    return handler(request, *args, **kwargs)
           ^^^^^^^^^^^^^^^^^^^^^^^^^^^^^^^^^
  File "/home/falcram/BSUIR/IGI/253504_DUBOVIK_8/IGI/LR5/ZooApp/Zoo/views.py", line 318, in post
    ticket.use_discount(promocode)
  File "/home/falcram/BSUIR/IGI/253504_DUBOVIK_8/IGI/LR5/ZooApp/Zoo/models.py", line 150, in use_discount
    self.price *= (100 - promocode.discount) / 100
TypeError: unsupported operand type(s) for *=: 'float' and 'decimal.Decimal'
2024-06-10 12:44:21,612 INFO /home/falcram/BSUIR/IGI/253504_DUBOVIK_8/IGI/LR5/ZooApp/Zoo/models.py changed, reloading.
2024-06-10 12:49:06,698 INFO OrderForm has no errors
2024-06-10 12:49:06,708 INFO Promocode 1111 used by Tim
2024-06-10 12:49:06,725 ERROR Internal Server Error: /order/create/7/
Traceback (most recent call last):
  File "/home/falcram/.local/lib/python3.12/site-packages/django/core/handlers/exception.py", line 55, in inner
    response = get_response(request)
               ^^^^^^^^^^^^^^^^^^^^^
  File "/home/falcram/.local/lib/python3.12/site-packages/django/core/handlers/base.py", line 197, in _get_response
    response = wrapped_callback(request, *callback_args, **callback_kwargs)
               ^^^^^^^^^^^^^^^^^^^^^^^^^^^^^^^^^^^^^^^^^^^^^^^^^^^^^^^^^^^^
  File "/home/falcram/.local/lib/python3.12/site-packages/django/views/generic/base.py", line 104, in view
    return self.dispatch(request, *args, **kwargs)
           ^^^^^^^^^^^^^^^^^^^^^^^^^^^^^^^^^^^^^^^
  File "/home/falcram/.local/lib/python3.12/site-packages/django/views/generic/base.py", line 143, in dispatch
    return handler(request, *args, **kwargs)
           ^^^^^^^^^^^^^^^^^^^^^^^^^^^^^^^^^
  File "/home/falcram/BSUIR/IGI/253504_DUBOVIK_8/IGI/LR5/ZooApp/Zoo/views.py", line 318, in post
    ticket.use_discount(promocode)
  File "/home/falcram/BSUIR/IGI/253504_DUBOVIK_8/IGI/LR5/ZooApp/Zoo/models.py", line 150, in use_discount
    self.price *= (100 - promocode.discount) / 100
TypeError: unsupported operand type(s) for *=: 'float' and 'decimal.Decimal'
2024-06-10 12:52:07,012 INFO /home/falcram/BSUIR/IGI/253504_DUBOVIK_8/IGI/LR5/ZooApp/Zoo/models.py changed, reloading.
2024-06-10 12:52:32,631 INFO OrderForm has no errors
2024-06-10 12:52:32,640 INFO Promocode 1111 used by Tim
2024-06-10 12:52:32,657 ERROR Internal Server Error: /order/create/7/
Traceback (most recent call last):
  File "/home/falcram/.local/lib/python3.12/site-packages/django/core/handlers/exception.py", line 55, in inner
    response = get_response(request)
               ^^^^^^^^^^^^^^^^^^^^^
  File "/home/falcram/.local/lib/python3.12/site-packages/django/core/handlers/base.py", line 197, in _get_response
    response = wrapped_callback(request, *callback_args, **callback_kwargs)
               ^^^^^^^^^^^^^^^^^^^^^^^^^^^^^^^^^^^^^^^^^^^^^^^^^^^^^^^^^^^^
  File "/home/falcram/.local/lib/python3.12/site-packages/django/views/generic/base.py", line 104, in view
    return self.dispatch(request, *args, **kwargs)
           ^^^^^^^^^^^^^^^^^^^^^^^^^^^^^^^^^^^^^^^
  File "/home/falcram/.local/lib/python3.12/site-packages/django/views/generic/base.py", line 143, in dispatch
    return handler(request, *args, **kwargs)
           ^^^^^^^^^^^^^^^^^^^^^^^^^^^^^^^^^
  File "/home/falcram/BSUIR/IGI/253504_DUBOVIK_8/IGI/LR5/ZooApp/Zoo/views.py", line 318, in post
    ticket.use_discount(promocode)
  File "/home/falcram/BSUIR/IGI/253504_DUBOVIK_8/IGI/LR5/ZooApp/Zoo/models.py", line 154, in use_discount
    self.price *= (100 - promocode.discount) / 100
TypeError: unsupported operand type(s) for *=: 'float' and 'decimal.Decimal'
2024-06-10 12:55:42,441 INFO /home/falcram/BSUIR/IGI/253504_DUBOVIK_8/IGI/LR5/ZooApp/Zoo/models.py changed, reloading.
2024-06-10 12:55:44,357 INFO OrderForm has no errors
2024-06-10 12:55:44,365 INFO Promocode 1111 used by Tim
2024-06-10 12:55:44,382 INFO Tim called OrderCreateView | user's Timezone: Europe/Minsk
2024-06-10 12:56:07,444 INFO Tim called OrderCreateView | user's Timezone: Europe/Minsk
2024-06-10 12:56:18,641 INFO OrderForm has no errors
2024-06-10 12:56:18,650 INFO Promocode 1111 used by Tim
2024-06-10 12:56:18,656 INFO Tim called OrderCreateView | user's Timezone: Europe/Minsk
2024-06-10 12:56:23,488 INFO Tim called UserOrderView | user's Timezone: Europe/Minsk
2024-06-10 12:56:25,583 INFO Tim called OrderCreateView | user's Timezone: Europe/Minsk
2024-06-10 12:56:28,541 INFO Tim called OrderCreateView | user's Timezone: Europe/Minsk
2024-06-10 12:56:30,595 INFO Tim called OrderCreateView | user's Timezone: Europe/Minsk
2024-06-10 12:56:32,589 INFO Tim called OrderCreateView | user's Timezone: Europe/Minsk
2024-06-10 12:56:34,522 INFO Tim called OrderCreateView | user's Timezone: Europe/Minsk
2024-06-10 12:57:10,897 INFO Tim called OrderCreateView | user's Timezone: Europe/Minsk
2024-06-10 12:57:16,210 INFO Tim called UserOrderView | user's Timezone: Europe/Minsk
2024-06-10 12:58:33,259 INFO Tim called UserOrderView | user's Timezone: Europe/Minsk
2024-06-10 12:58:35,745 INFO Tim called OrderCreateView | user's Timezone: Europe/Minsk
2024-06-10 12:58:52,971 INFO Tim called UserOrderView | user's Timezone: Europe/Minsk
2024-06-10 13:01:05,260 INFO /home/falcram/BSUIR/IGI/253504_DUBOVIK_8/IGI/LR5/ZooApp/ZooApp/urls.py changed, reloading.
2024-06-10 13:01:08,312 INFO Tim called UserOrderView | user's Timezone: Europe/Minsk
2024-06-10 13:01:10,344 INFO Tim called UserOrderView | user's Timezone: Europe/Minsk
2024-06-10 13:01:10,510 INFO Tim called UserOrderView | user's Timezone: Europe/Minsk
2024-06-10 13:01:10,752 INFO Tim called UserOrderView | user's Timezone: Europe/Minsk
2024-06-10 13:01:13,042 INFO Tim called UserOrderView | user's Timezone: Europe/Minsk
2024-06-10 13:01:14,444 INFO Tim called SpecificOrderView | user's Timezone: Europe/Minsk
2024-06-10 13:01:14,469 ERROR Internal Server Error: /order/7/1/
Traceback (most recent call last):
  File "/home/falcram/.local/lib/python3.12/site-packages/django/core/handlers/exception.py", line 55, in inner
    response = get_response(request)
               ^^^^^^^^^^^^^^^^^^^^^
  File "/home/falcram/.local/lib/python3.12/site-packages/django/core/handlers/base.py", line 197, in _get_response
    response = wrapped_callback(request, *callback_args, **callback_kwargs)
               ^^^^^^^^^^^^^^^^^^^^^^^^^^^^^^^^^^^^^^^^^^^^^^^^^^^^^^^^^^^^
  File "/home/falcram/.local/lib/python3.12/site-packages/django/views/generic/base.py", line 104, in view
    return self.dispatch(request, *args, **kwargs)
           ^^^^^^^^^^^^^^^^^^^^^^^^^^^^^^^^^^^^^^^
  File "/home/falcram/.local/lib/python3.12/site-packages/django/views/generic/base.py", line 143, in dispatch
    return handler(request, *args, **kwargs)
           ^^^^^^^^^^^^^^^^^^^^^^^^^^^^^^^^^
  File "/home/falcram/BSUIR/IGI/253504_DUBOVIK_8/IGI/LR5/ZooApp/Zoo/views.py", line 336, in get
    return render(request, 'order_detail.html', {'order': order})
           ^^^^^^^^^^^^^^^^^^^^^^^^^^^^^^^^^^^^^^^^^^^^^^^^^^^^^^
  File "/home/falcram/.local/lib/python3.12/site-packages/django/shortcuts.py", line 25, in render
    content = loader.render_to_string(template_name, context, request, using=using)
              ^^^^^^^^^^^^^^^^^^^^^^^^^^^^^^^^^^^^^^^^^^^^^^^^^^^^^^^^^^^^^^^^^^^^^
  File "/home/falcram/.local/lib/python3.12/site-packages/django/template/loader.py", line 62, in render_to_string
    return template.render(context, request)
           ^^^^^^^^^^^^^^^^^^^^^^^^^^^^^^^^^
  File "/home/falcram/.local/lib/python3.12/site-packages/django/template/backends/django.py", line 61, in render
    return self.template.render(context)
           ^^^^^^^^^^^^^^^^^^^^^^^^^^^^^
  File "/home/falcram/.local/lib/python3.12/site-packages/django/template/base.py", line 171, in render
    return self._render(context)
           ^^^^^^^^^^^^^^^^^^^^^
  File "/home/falcram/.local/lib/python3.12/site-packages/django/template/base.py", line 163, in _render
    return self.nodelist.render(context)
           ^^^^^^^^^^^^^^^^^^^^^^^^^^^^^
  File "/home/falcram/.local/lib/python3.12/site-packages/django/template/base.py", line 1000, in render
    return SafeString("".join([node.render_annotated(context) for node in self]))
                               ^^^^^^^^^^^^^^^^^^^^^^^^^^^^^^
  File "/home/falcram/.local/lib/python3.12/site-packages/django/template/base.py", line 961, in render_annotated
    return self.render(context)
           ^^^^^^^^^^^^^^^^^^^^
  File "/home/falcram/.local/lib/python3.12/site-packages/django/template/defaulttags.py", line 326, in render
    return nodelist.render(context)
           ^^^^^^^^^^^^^^^^^^^^^^^^
  File "/home/falcram/.local/lib/python3.12/site-packages/django/template/base.py", line 1000, in render
    return SafeString("".join([node.render_annotated(context) for node in self]))
                               ^^^^^^^^^^^^^^^^^^^^^^^^^^^^^^
  File "/home/falcram/.local/lib/python3.12/site-packages/django/template/base.py", line 961, in render_annotated
    return self.render(context)
           ^^^^^^^^^^^^^^^^^^^^
  File "/home/falcram/.local/lib/python3.12/site-packages/django/template/defaulttags.py", line 479, in render
    url = reverse(view_name, args=args, kwargs=kwargs, current_app=current_app)
          ^^^^^^^^^^^^^^^^^^^^^^^^^^^^^^^^^^^^^^^^^^^^^^^^^^^^^^^^^^^^^^^^^^^^^
  File "/home/falcram/.local/lib/python3.12/site-packages/django/urls/base.py", line 88, in reverse
    return resolver._reverse_with_prefix(view, prefix, *args, **kwargs)
           ^^^^^^^^^^^^^^^^^^^^^^^^^^^^^^^^^^^^^^^^^^^^^^^^^^^^^^^^^^^^
  File "/home/falcram/.local/lib/python3.12/site-packages/django/urls/resolvers.py", line 851, in _reverse_with_prefix
    raise NoReverseMatch(msg)
django.urls.exceptions.NoReverseMatch: Reverse for 'order_cancel' not found. 'order_cancel' is not a valid view function or pattern name.
2024-06-10 13:04:02,940 INFO /home/falcram/BSUIR/IGI/253504_DUBOVIK_8/IGI/LR5/ZooApp/Zoo/views.py changed, reloading.
2024-06-10 13:04:04,121 INFO Tim called SpecificOrderView | user's Timezone: Europe/Minsk
2024-06-10 13:04:04,157 ERROR Internal Server Error: /order/7/1/
Traceback (most recent call last):
  File "/home/falcram/.local/lib/python3.12/site-packages/django/core/handlers/exception.py", line 55, in inner
    response = get_response(request)
               ^^^^^^^^^^^^^^^^^^^^^
  File "/home/falcram/.local/lib/python3.12/site-packages/django/core/handlers/base.py", line 197, in _get_response
    response = wrapped_callback(request, *callback_args, **callback_kwargs)
               ^^^^^^^^^^^^^^^^^^^^^^^^^^^^^^^^^^^^^^^^^^^^^^^^^^^^^^^^^^^^
  File "/home/falcram/.local/lib/python3.12/site-packages/django/views/generic/base.py", line 104, in view
    return self.dispatch(request, *args, **kwargs)
           ^^^^^^^^^^^^^^^^^^^^^^^^^^^^^^^^^^^^^^^
  File "/home/falcram/.local/lib/python3.12/site-packages/django/views/generic/base.py", line 143, in dispatch
    return handler(request, *args, **kwargs)
           ^^^^^^^^^^^^^^^^^^^^^^^^^^^^^^^^^
  File "/home/falcram/BSUIR/IGI/253504_DUBOVIK_8/IGI/LR5/ZooApp/Zoo/views.py", line 336, in get
    return render(request, 'order_detail.html', {'order': order})
           ^^^^^^^^^^^^^^^^^^^^^^^^^^^^^^^^^^^^^^^^^^^^^^^^^^^^^^
  File "/home/falcram/.local/lib/python3.12/site-packages/django/shortcuts.py", line 25, in render
    content = loader.render_to_string(template_name, context, request, using=using)
              ^^^^^^^^^^^^^^^^^^^^^^^^^^^^^^^^^^^^^^^^^^^^^^^^^^^^^^^^^^^^^^^^^^^^^
  File "/home/falcram/.local/lib/python3.12/site-packages/django/template/loader.py", line 62, in render_to_string
    return template.render(context, request)
           ^^^^^^^^^^^^^^^^^^^^^^^^^^^^^^^^^
  File "/home/falcram/.local/lib/python3.12/site-packages/django/template/backends/django.py", line 61, in render
    return self.template.render(context)
           ^^^^^^^^^^^^^^^^^^^^^^^^^^^^^
  File "/home/falcram/.local/lib/python3.12/site-packages/django/template/base.py", line 171, in render
    return self._render(context)
           ^^^^^^^^^^^^^^^^^^^^^
  File "/home/falcram/.local/lib/python3.12/site-packages/django/template/base.py", line 163, in _render
    return self.nodelist.render(context)
           ^^^^^^^^^^^^^^^^^^^^^^^^^^^^^
  File "/home/falcram/.local/lib/python3.12/site-packages/django/template/base.py", line 1000, in render
    return SafeString("".join([node.render_annotated(context) for node in self]))
                               ^^^^^^^^^^^^^^^^^^^^^^^^^^^^^^
  File "/home/falcram/.local/lib/python3.12/site-packages/django/template/base.py", line 961, in render_annotated
    return self.render(context)
           ^^^^^^^^^^^^^^^^^^^^
  File "/home/falcram/.local/lib/python3.12/site-packages/django/template/defaulttags.py", line 326, in render
    return nodelist.render(context)
           ^^^^^^^^^^^^^^^^^^^^^^^^
  File "/home/falcram/.local/lib/python3.12/site-packages/django/template/base.py", line 1000, in render
    return SafeString("".join([node.render_annotated(context) for node in self]))
                               ^^^^^^^^^^^^^^^^^^^^^^^^^^^^^^
  File "/home/falcram/.local/lib/python3.12/site-packages/django/template/base.py", line 961, in render_annotated
    return self.render(context)
           ^^^^^^^^^^^^^^^^^^^^
  File "/home/falcram/.local/lib/python3.12/site-packages/django/template/defaulttags.py", line 479, in render
    url = reverse(view_name, args=args, kwargs=kwargs, current_app=current_app)
          ^^^^^^^^^^^^^^^^^^^^^^^^^^^^^^^^^^^^^^^^^^^^^^^^^^^^^^^^^^^^^^^^^^^^^
  File "/home/falcram/.local/lib/python3.12/site-packages/django/urls/base.py", line 88, in reverse
    return resolver._reverse_with_prefix(view, prefix, *args, **kwargs)
           ^^^^^^^^^^^^^^^^^^^^^^^^^^^^^^^^^^^^^^^^^^^^^^^^^^^^^^^^^^^^
  File "/home/falcram/.local/lib/python3.12/site-packages/django/urls/resolvers.py", line 851, in _reverse_with_prefix
    raise NoReverseMatch(msg)
django.urls.exceptions.NoReverseMatch: Reverse for 'order_cancel' not found. 'order_cancel' is not a valid view function or pattern name.
2024-06-10 13:04:05,750 INFO Tim called SpecificOrderView | user's Timezone: Europe/Minsk
2024-06-10 13:04:05,771 ERROR Internal Server Error: /order/7/1/
Traceback (most recent call last):
  File "/home/falcram/.local/lib/python3.12/site-packages/django/core/handlers/exception.py", line 55, in inner
    response = get_response(request)
               ^^^^^^^^^^^^^^^^^^^^^
  File "/home/falcram/.local/lib/python3.12/site-packages/django/core/handlers/base.py", line 197, in _get_response
    response = wrapped_callback(request, *callback_args, **callback_kwargs)
               ^^^^^^^^^^^^^^^^^^^^^^^^^^^^^^^^^^^^^^^^^^^^^^^^^^^^^^^^^^^^
  File "/home/falcram/.local/lib/python3.12/site-packages/django/views/generic/base.py", line 104, in view
    return self.dispatch(request, *args, **kwargs)
           ^^^^^^^^^^^^^^^^^^^^^^^^^^^^^^^^^^^^^^^
  File "/home/falcram/.local/lib/python3.12/site-packages/django/views/generic/base.py", line 143, in dispatch
    return handler(request, *args, **kwargs)
           ^^^^^^^^^^^^^^^^^^^^^^^^^^^^^^^^^
  File "/home/falcram/BSUIR/IGI/253504_DUBOVIK_8/IGI/LR5/ZooApp/Zoo/views.py", line 336, in get
    return render(request, 'order_detail.html', {'order': order})
           ^^^^^^^^^^^^^^^^^^^^^^^^^^^^^^^^^^^^^^^^^^^^^^^^^^^^^^
  File "/home/falcram/.local/lib/python3.12/site-packages/django/shortcuts.py", line 25, in render
    content = loader.render_to_string(template_name, context, request, using=using)
              ^^^^^^^^^^^^^^^^^^^^^^^^^^^^^^^^^^^^^^^^^^^^^^^^^^^^^^^^^^^^^^^^^^^^^
  File "/home/falcram/.local/lib/python3.12/site-packages/django/template/loader.py", line 62, in render_to_string
    return template.render(context, request)
           ^^^^^^^^^^^^^^^^^^^^^^^^^^^^^^^^^
  File "/home/falcram/.local/lib/python3.12/site-packages/django/template/backends/django.py", line 61, in render
    return self.template.render(context)
           ^^^^^^^^^^^^^^^^^^^^^^^^^^^^^
  File "/home/falcram/.local/lib/python3.12/site-packages/django/template/base.py", line 171, in render
    return self._render(context)
           ^^^^^^^^^^^^^^^^^^^^^
  File "/home/falcram/.local/lib/python3.12/site-packages/django/template/base.py", line 163, in _render
    return self.nodelist.render(context)
           ^^^^^^^^^^^^^^^^^^^^^^^^^^^^^
  File "/home/falcram/.local/lib/python3.12/site-packages/django/template/base.py", line 1000, in render
    return SafeString("".join([node.render_annotated(context) for node in self]))
                               ^^^^^^^^^^^^^^^^^^^^^^^^^^^^^^
  File "/home/falcram/.local/lib/python3.12/site-packages/django/template/base.py", line 961, in render_annotated
    return self.render(context)
           ^^^^^^^^^^^^^^^^^^^^
  File "/home/falcram/.local/lib/python3.12/site-packages/django/template/defaulttags.py", line 326, in render
    return nodelist.render(context)
           ^^^^^^^^^^^^^^^^^^^^^^^^
  File "/home/falcram/.local/lib/python3.12/site-packages/django/template/base.py", line 1000, in render
    return SafeString("".join([node.render_annotated(context) for node in self]))
                               ^^^^^^^^^^^^^^^^^^^^^^^^^^^^^^
  File "/home/falcram/.local/lib/python3.12/site-packages/django/template/base.py", line 961, in render_annotated
    return self.render(context)
           ^^^^^^^^^^^^^^^^^^^^
  File "/home/falcram/.local/lib/python3.12/site-packages/django/template/defaulttags.py", line 479, in render
    url = reverse(view_name, args=args, kwargs=kwargs, current_app=current_app)
          ^^^^^^^^^^^^^^^^^^^^^^^^^^^^^^^^^^^^^^^^^^^^^^^^^^^^^^^^^^^^^^^^^^^^^
  File "/home/falcram/.local/lib/python3.12/site-packages/django/urls/base.py", line 88, in reverse
    return resolver._reverse_with_prefix(view, prefix, *args, **kwargs)
           ^^^^^^^^^^^^^^^^^^^^^^^^^^^^^^^^^^^^^^^^^^^^^^^^^^^^^^^^^^^^
  File "/home/falcram/.local/lib/python3.12/site-packages/django/urls/resolvers.py", line 851, in _reverse_with_prefix
    raise NoReverseMatch(msg)
django.urls.exceptions.NoReverseMatch: Reverse for 'order_cancel' not found. 'order_cancel' is not a valid view function or pattern name.
2024-06-10 13:04:06,055 INFO Tim called SpecificOrderView | user's Timezone: Europe/Minsk
2024-06-10 13:04:06,076 ERROR Internal Server Error: /order/7/1/
Traceback (most recent call last):
  File "/home/falcram/.local/lib/python3.12/site-packages/django/core/handlers/exception.py", line 55, in inner
    response = get_response(request)
               ^^^^^^^^^^^^^^^^^^^^^
  File "/home/falcram/.local/lib/python3.12/site-packages/django/core/handlers/base.py", line 197, in _get_response
    response = wrapped_callback(request, *callback_args, **callback_kwargs)
               ^^^^^^^^^^^^^^^^^^^^^^^^^^^^^^^^^^^^^^^^^^^^^^^^^^^^^^^^^^^^
  File "/home/falcram/.local/lib/python3.12/site-packages/django/views/generic/base.py", line 104, in view
    return self.dispatch(request, *args, **kwargs)
           ^^^^^^^^^^^^^^^^^^^^^^^^^^^^^^^^^^^^^^^
  File "/home/falcram/.local/lib/python3.12/site-packages/django/views/generic/base.py", line 143, in dispatch
    return handler(request, *args, **kwargs)
           ^^^^^^^^^^^^^^^^^^^^^^^^^^^^^^^^^
  File "/home/falcram/BSUIR/IGI/253504_DUBOVIK_8/IGI/LR5/ZooApp/Zoo/views.py", line 336, in get
    return render(request, 'order_detail.html', {'order': order})
           ^^^^^^^^^^^^^^^^^^^^^^^^^^^^^^^^^^^^^^^^^^^^^^^^^^^^^^
  File "/home/falcram/.local/lib/python3.12/site-packages/django/shortcuts.py", line 25, in render
    content = loader.render_to_string(template_name, context, request, using=using)
              ^^^^^^^^^^^^^^^^^^^^^^^^^^^^^^^^^^^^^^^^^^^^^^^^^^^^^^^^^^^^^^^^^^^^^
  File "/home/falcram/.local/lib/python3.12/site-packages/django/template/loader.py", line 62, in render_to_string
    return template.render(context, request)
           ^^^^^^^^^^^^^^^^^^^^^^^^^^^^^^^^^
  File "/home/falcram/.local/lib/python3.12/site-packages/django/template/backends/django.py", line 61, in render
    return self.template.render(context)
           ^^^^^^^^^^^^^^^^^^^^^^^^^^^^^
  File "/home/falcram/.local/lib/python3.12/site-packages/django/template/base.py", line 171, in render
    return self._render(context)
           ^^^^^^^^^^^^^^^^^^^^^
  File "/home/falcram/.local/lib/python3.12/site-packages/django/template/base.py", line 163, in _render
    return self.nodelist.render(context)
           ^^^^^^^^^^^^^^^^^^^^^^^^^^^^^
  File "/home/falcram/.local/lib/python3.12/site-packages/django/template/base.py", line 1000, in render
    return SafeString("".join([node.render_annotated(context) for node in self]))
                               ^^^^^^^^^^^^^^^^^^^^^^^^^^^^^^
  File "/home/falcram/.local/lib/python3.12/site-packages/django/template/base.py", line 961, in render_annotated
    return self.render(context)
           ^^^^^^^^^^^^^^^^^^^^
  File "/home/falcram/.local/lib/python3.12/site-packages/django/template/defaulttags.py", line 326, in render
    return nodelist.render(context)
           ^^^^^^^^^^^^^^^^^^^^^^^^
  File "/home/falcram/.local/lib/python3.12/site-packages/django/template/base.py", line 1000, in render
    return SafeString("".join([node.render_annotated(context) for node in self]))
                               ^^^^^^^^^^^^^^^^^^^^^^^^^^^^^^
  File "/home/falcram/.local/lib/python3.12/site-packages/django/template/base.py", line 961, in render_annotated
    return self.render(context)
           ^^^^^^^^^^^^^^^^^^^^
  File "/home/falcram/.local/lib/python3.12/site-packages/django/template/defaulttags.py", line 479, in render
    url = reverse(view_name, args=args, kwargs=kwargs, current_app=current_app)
          ^^^^^^^^^^^^^^^^^^^^^^^^^^^^^^^^^^^^^^^^^^^^^^^^^^^^^^^^^^^^^^^^^^^^^
  File "/home/falcram/.local/lib/python3.12/site-packages/django/urls/base.py", line 88, in reverse
    return resolver._reverse_with_prefix(view, prefix, *args, **kwargs)
           ^^^^^^^^^^^^^^^^^^^^^^^^^^^^^^^^^^^^^^^^^^^^^^^^^^^^^^^^^^^^
  File "/home/falcram/.local/lib/python3.12/site-packages/django/urls/resolvers.py", line 851, in _reverse_with_prefix
    raise NoReverseMatch(msg)
django.urls.exceptions.NoReverseMatch: Reverse for 'order_cancel' not found. 'order_cancel' is not a valid view function or pattern name.
2024-06-10 13:04:43,741 INFO /home/falcram/BSUIR/IGI/253504_DUBOVIK_8/IGI/LR5/ZooApp/ZooApp/urls.py changed, reloading.
2024-06-10 13:04:45,630 INFO Tim called SpecificOrderView | user's Timezone: Europe/Minsk
2024-06-10 13:04:50,496 INFO Tim called SpecificOrderView | user's Timezone: Europe/Minsk
2024-06-10 13:04:51,938 ERROR Internal Server Error: /order/7/2/cancel/
Traceback (most recent call last):
  File "/home/falcram/.local/lib/python3.12/site-packages/django/core/handlers/exception.py", line 55, in inner
    response = get_response(request)
               ^^^^^^^^^^^^^^^^^^^^^
  File "/home/falcram/.local/lib/python3.12/site-packages/django/core/handlers/base.py", line 197, in _get_response
    response = wrapped_callback(request, *callback_args, **callback_kwargs)
               ^^^^^^^^^^^^^^^^^^^^^^^^^^^^^^^^^^^^^^^^^^^^^^^^^^^^^^^^^^^^
  File "/home/falcram/.local/lib/python3.12/site-packages/django/views/generic/base.py", line 104, in view
    return self.dispatch(request, *args, **kwargs)
           ^^^^^^^^^^^^^^^^^^^^^^^^^^^^^^^^^^^^^^^
  File "/home/falcram/.local/lib/python3.12/site-packages/django/views/generic/base.py", line 143, in dispatch
    return handler(request, *args, **kwargs)
           ^^^^^^^^^^^^^^^^^^^^^^^^^^^^^^^^^
  File "/home/falcram/BSUIR/IGI/253504_DUBOVIK_8/IGI/LR5/ZooApp/Zoo/views.py", line 354, in post
    if not ticket.is_canceled:
           ^^^^^^^^^^^^^^^^^^
AttributeError: 'Ticket' object has no attribute 'is_canceled'
2024-06-10 13:05:34,642 INFO /home/falcram/BSUIR/IGI/253504_DUBOVIK_8/IGI/LR5/ZooApp/Zoo/models.py changed, reloading.
2024-06-10 13:05:46,482 INFO Order '2' was canceled by Tim
2024-06-10 13:05:46,492 INFO Tim called SpecificOrderView | user's Timezone: Europe/Minsk
2024-06-10 13:05:52,750 INFO Tim called UserOrderView | user's Timezone: Europe/Minsk
2024-06-10 13:05:54,695 INFO Tim called SpecificOrderView | user's Timezone: Europe/Minsk
2024-06-10 13:06:07,557 ERROR Internal Server Error: /admin/login/
Traceback (most recent call last):
  File "/home/falcram/.local/lib/python3.12/site-packages/django/core/handlers/exception.py", line 55, in inner
    response = get_response(request)
               ^^^^^^^^^^^^^^^^^^^^^
  File "/home/falcram/.local/lib/python3.12/site-packages/django/core/handlers/base.py", line 197, in _get_response
    response = wrapped_callback(request, *callback_args, **callback_kwargs)
               ^^^^^^^^^^^^^^^^^^^^^^^^^^^^^^^^^^^^^^^^^^^^^^^^^^^^^^^^^^^^
  File "/home/falcram/.local/lib/python3.12/site-packages/django/utils/decorators.py", line 48, in _wrapper
    return bound_method(*args, **kwargs)
           ^^^^^^^^^^^^^^^^^^^^^^^^^^^^^
  File "/home/falcram/.local/lib/python3.12/site-packages/django/views/decorators/cache.py", line 80, in _view_wrapper
    response = view_func(request, *args, **kwargs)
               ^^^^^^^^^^^^^^^^^^^^^^^^^^^^^^^^^^^
  File "/home/falcram/.local/lib/python3.12/site-packages/django/contrib/admin/sites.py", line 421, in login
    **self.each_context(request),
      ^^^^^^^^^^^^^^^^^^^^^^^^^^
  File "/home/falcram/.local/lib/python3.12/site-packages/django/contrib/admin/sites.py", line 335, in each_context
    "available_apps": self.get_app_list(request),
                      ^^^^^^^^^^^^^^^^^^^^^^^^^^
  File "/home/falcram/.local/lib/python3.12/site-packages/django/contrib/admin/sites.py", line 537, in get_app_list
    app_dict = self._build_app_dict(request, app_label)
               ^^^^^^^^^^^^^^^^^^^^^^^^^^^^^^^^^^^^^^^^
  File "/home/falcram/.local/lib/python3.12/site-packages/django/contrib/admin/sites.py", line 479, in _build_app_dict
    has_module_perms = model_admin.has_module_permission(request)
                       ^^^^^^^^^^^^^^^^^^^^^^^^^^^^^^^^^^^^^^^^^^
  File "/home/falcram/.local/lib/python3.12/site-packages/django/contrib/admin/options.py", line 638, in has_module_permission
    return request.user.has_module_perms(self.opts.app_label)
           ^^^^^^^^^^^^^^^^^^^^^^^^^^^^^^^^^^^^^^^^^^^^^^^^^^
  File "/home/falcram/.local/lib/python3.12/site-packages/django/contrib/auth/models.py", line 331, in has_module_perms
    return _user_has_module_perms(self, app_label)
           ^^^^^^^^^^^^^^^^^^^^^^^^^^^^^^^^^^^^^^^
  File "/home/falcram/.local/lib/python3.12/site-packages/django/contrib/auth/models.py", line 235, in _user_has_module_perms
    if backend.has_module_perms(user, app_label):
       ^^^^^^^^^^^^^^^^^^^^^^^^^^^^^^^^^^^^^^^^^
  File "/home/falcram/.local/lib/python3.12/site-packages/django/contrib/auth/backends.py", line 117, in has_module_perms
    for perm in self.get_all_permissions(user_obj)
                ^^^^^^^^^^^^^^^^^^^^^^^^^^^^^^^^^^
  File "/home/falcram/.local/lib/python3.12/site-packages/django/contrib/auth/backends.py", line 105, in get_all_permissions
    user_obj._perm_cache = super().get_all_permissions(user_obj)
                           ^^^^^^^^^^^^^^^^^^^^^^^^^^^^^^^^^^^^^
  File "/home/falcram/.local/lib/python3.12/site-packages/django/contrib/auth/backends.py", line 23, in get_all_permissions
    *self.get_user_permissions(user_obj, obj=obj),
     ^^^^^^^^^^^^^^^^^^^^^^^^^^^^^^^^^^^^^^^^^^^^
  File "/home/falcram/.local/lib/python3.12/site-packages/django/contrib/auth/backends.py", line 92, in get_user_permissions
    return self._get_permissions(user_obj, obj, "user")
           ^^^^^^^^^^^^^^^^^^^^^^^^^^^^^^^^^^^^^^^^^^^^
  File "/home/falcram/.local/lib/python3.12/site-packages/django/contrib/auth/backends.py", line 80, in _get_permissions
    perms = getattr(self, "_get_%s_permissions" % from_name)(user_obj)
            ^^^^^^^^^^^^^^^^^^^^^^^^^^^^^^^^^^^^^^^^^^^^^^^^^^^^^^^^^^
  File "/home/falcram/.local/lib/python3.12/site-packages/django/contrib/auth/backends.py", line 59, in _get_user_permissions
    return user_obj.user_permissions.all()
           ^^^^^^^^^^^^^^^^^^^^^^^^^^^^^
AttributeError: 'NoneType' object has no attribute 'all'
2024-06-10 13:06:14,343 ERROR Internal Server Error: /admin/login/
Traceback (most recent call last):
  File "/home/falcram/.local/lib/python3.12/site-packages/django/core/handlers/exception.py", line 55, in inner
    response = get_response(request)
               ^^^^^^^^^^^^^^^^^^^^^
  File "/home/falcram/.local/lib/python3.12/site-packages/django/core/handlers/base.py", line 197, in _get_response
    response = wrapped_callback(request, *callback_args, **callback_kwargs)
               ^^^^^^^^^^^^^^^^^^^^^^^^^^^^^^^^^^^^^^^^^^^^^^^^^^^^^^^^^^^^
  File "/home/falcram/.local/lib/python3.12/site-packages/django/utils/decorators.py", line 48, in _wrapper
    return bound_method(*args, **kwargs)
           ^^^^^^^^^^^^^^^^^^^^^^^^^^^^^
  File "/home/falcram/.local/lib/python3.12/site-packages/django/views/decorators/cache.py", line 80, in _view_wrapper
    response = view_func(request, *args, **kwargs)
               ^^^^^^^^^^^^^^^^^^^^^^^^^^^^^^^^^^^
  File "/home/falcram/.local/lib/python3.12/site-packages/django/contrib/admin/sites.py", line 421, in login
    **self.each_context(request),
      ^^^^^^^^^^^^^^^^^^^^^^^^^^
  File "/home/falcram/.local/lib/python3.12/site-packages/django/contrib/admin/sites.py", line 335, in each_context
    "available_apps": self.get_app_list(request),
                      ^^^^^^^^^^^^^^^^^^^^^^^^^^
  File "/home/falcram/.local/lib/python3.12/site-packages/django/contrib/admin/sites.py", line 537, in get_app_list
    app_dict = self._build_app_dict(request, app_label)
               ^^^^^^^^^^^^^^^^^^^^^^^^^^^^^^^^^^^^^^^^
  File "/home/falcram/.local/lib/python3.12/site-packages/django/contrib/admin/sites.py", line 479, in _build_app_dict
    has_module_perms = model_admin.has_module_permission(request)
                       ^^^^^^^^^^^^^^^^^^^^^^^^^^^^^^^^^^^^^^^^^^
  File "/home/falcram/.local/lib/python3.12/site-packages/django/contrib/admin/options.py", line 638, in has_module_permission
    return request.user.has_module_perms(self.opts.app_label)
           ^^^^^^^^^^^^^^^^^^^^^^^^^^^^^^^^^^^^^^^^^^^^^^^^^^
  File "/home/falcram/.local/lib/python3.12/site-packages/django/contrib/auth/models.py", line 331, in has_module_perms
    return _user_has_module_perms(self, app_label)
           ^^^^^^^^^^^^^^^^^^^^^^^^^^^^^^^^^^^^^^^
  File "/home/falcram/.local/lib/python3.12/site-packages/django/contrib/auth/models.py", line 235, in _user_has_module_perms
    if backend.has_module_perms(user, app_label):
       ^^^^^^^^^^^^^^^^^^^^^^^^^^^^^^^^^^^^^^^^^
  File "/home/falcram/.local/lib/python3.12/site-packages/django/contrib/auth/backends.py", line 117, in has_module_perms
    for perm in self.get_all_permissions(user_obj)
                ^^^^^^^^^^^^^^^^^^^^^^^^^^^^^^^^^^
  File "/home/falcram/.local/lib/python3.12/site-packages/django/contrib/auth/backends.py", line 105, in get_all_permissions
    user_obj._perm_cache = super().get_all_permissions(user_obj)
                           ^^^^^^^^^^^^^^^^^^^^^^^^^^^^^^^^^^^^^
  File "/home/falcram/.local/lib/python3.12/site-packages/django/contrib/auth/backends.py", line 23, in get_all_permissions
    *self.get_user_permissions(user_obj, obj=obj),
     ^^^^^^^^^^^^^^^^^^^^^^^^^^^^^^^^^^^^^^^^^^^^
  File "/home/falcram/.local/lib/python3.12/site-packages/django/contrib/auth/backends.py", line 92, in get_user_permissions
    return self._get_permissions(user_obj, obj, "user")
           ^^^^^^^^^^^^^^^^^^^^^^^^^^^^^^^^^^^^^^^^^^^^
  File "/home/falcram/.local/lib/python3.12/site-packages/django/contrib/auth/backends.py", line 80, in _get_permissions
    perms = getattr(self, "_get_%s_permissions" % from_name)(user_obj)
            ^^^^^^^^^^^^^^^^^^^^^^^^^^^^^^^^^^^^^^^^^^^^^^^^^^^^^^^^^^
  File "/home/falcram/.local/lib/python3.12/site-packages/django/contrib/auth/backends.py", line 59, in _get_user_permissions
    return user_obj.user_permissions.all()
           ^^^^^^^^^^^^^^^^^^^^^^^^^^^^^
AttributeError: 'NoneType' object has no attribute 'all'
2024-06-10 13:07:22,726 INFO /home/falcram/BSUIR/IGI/253504_DUBOVIK_8/IGI/LR5/ZooApp/Zoo/admin.py changed, reloading.
2024-06-10 14:57:31,442 INFO /home/falcram/BSUIR/IGI/253504_DUBOVIK_8/IGI/LR5/ZooApp/ZooApp/urls.py changed, reloading.
2024-06-10 15:01:36,597 ERROR Internal Server Error: /sales
Traceback (most recent call last):
  File "/home/falcram/.local/lib/python3.12/site-packages/django/core/handlers/exception.py", line 55, in inner
    response = get_response(request)
               ^^^^^^^^^^^^^^^^^^^^^
  File "/home/falcram/.local/lib/python3.12/site-packages/django/core/handlers/base.py", line 197, in _get_response
    response = wrapped_callback(request, *callback_args, **callback_kwargs)
               ^^^^^^^^^^^^^^^^^^^^^^^^^^^^^^^^^^^^^^^^^^^^^^^^^^^^^^^^^^^^
  File "/home/falcram/BSUIR/IGI/253504_DUBOVIK_8/IGI/LR5/ZooApp/Zoo/statistics.py", line 49, in sales
    orders = Sale.objects.filter(is_canceled=False)
             ^^^^
NameError: name 'Sale' is not defined. Did you mean: 'sales'?
2024-06-10 15:02:55,109 INFO /home/falcram/BSUIR/IGI/253504_DUBOVIK_8/IGI/LR5/ZooApp/Zoo/statistics.py changed, reloading.
2024-06-10 15:02:56,667 ERROR Internal Server Error: /sales
Traceback (most recent call last):
  File "/home/falcram/.local/lib/python3.12/site-packages/django/core/handlers/exception.py", line 55, in inner
    response = get_response(request)
               ^^^^^^^^^^^^^^^^^^^^^
  File "/home/falcram/.local/lib/python3.12/site-packages/django/core/handlers/base.py", line 197, in _get_response
    response = wrapped_callback(request, *callback_args, **callback_kwargs)
               ^^^^^^^^^^^^^^^^^^^^^^^^^^^^^^^^^^^^^^^^^^^^^^^^^^^^^^^^^^^^
  File "/home/falcram/BSUIR/IGI/253504_DUBOVIK_8/IGI/LR5/ZooApp/Zoo/statistics.py", line 44, in sales
    average_sales = round(mean(prices), 2)
                          ^^^^^^^^^^^^
  File "/usr/lib64/python3.12/statistics.py", line 486, in mean
    raise StatisticsError('mean requires at least one data point')
statistics.StatisticsError: mean requires at least one data point
2024-06-10 15:05:29,553 INFO Tim called UserOrderView | user's Timezone: Europe/Minsk
2024-06-10 15:05:32,480 INFO Tim called OrderCreateView | user's Timezone: Europe/Minsk
2024-06-10 15:05:43,550 INFO OrderForm has no errors
2024-06-10 15:05:43,558 INFO Promocode 1111 used by Tim
2024-06-10 15:05:43,564 INFO Tim called SpecificOrderView | user's Timezone: Europe/Minsk
2024-06-10 15:05:50,346 INFO Tim called OrderCreateView | user's Timezone: Europe/Minsk
2024-06-10 15:05:54,434 INFO OrderForm has no errors
2024-06-10 15:05:54,447 INFO Tim called SpecificOrderView | user's Timezone: Europe/Minsk
2024-06-10 15:06:10,713 ERROR Internal Server Error: /sales
Traceback (most recent call last):
  File "/home/falcram/.local/lib/python3.12/site-packages/django/core/handlers/exception.py", line 55, in inner
    response = get_response(request)
               ^^^^^^^^^^^^^^^^^^^^^
  File "/home/falcram/.local/lib/python3.12/site-packages/django/core/handlers/base.py", line 197, in _get_response
    response = wrapped_callback(request, *callback_args, **callback_kwargs)
               ^^^^^^^^^^^^^^^^^^^^^^^^^^^^^^^^^^^^^^^^^^^^^^^^^^^^^^^^^^^^
  File "/home/falcram/BSUIR/IGI/253504_DUBOVIK_8/IGI/LR5/ZooApp/Zoo/statistics.py", line 48, in sales
    url, yearly_sales_data = linear_sales_trend()
                             ^^^^^^^^^^^^^^^^^^^^
  File "/home/falcram/BSUIR/IGI/253504_DUBOVIK_8/IGI/LR5/ZooApp/Zoo/statistics.py", line 84, in linear_sales_trend
    years, sales = yearly_sales_trend()
                   ^^^^^^^^^^^^^^^^^^^^
  File "/home/falcram/BSUIR/IGI/253504_DUBOVIK_8/IGI/LR5/ZooApp/Zoo/statistics.py", line 74, in yearly_sales_trend
    sales = yearly_sales_report(year)
            ^^^^^^^^^^^^^^^^^^^^^^^^^
  File "/home/falcram/BSUIR/IGI/253504_DUBOVIK_8/IGI/LR5/ZooApp/Zoo/statistics.py", line 63, in yearly_sales_report
    orders = Ticket.objects.filter(date__year=year, is_canceled=False)
             ^^^^^^^^^^^^^^^^^^^^^^^^^^^^^^^^^^^^^^^^^^^^^^^^^^^^^^^^^
  File "/home/falcram/.local/lib/python3.12/site-packages/django/db/models/manager.py", line 87, in manager_method
    return getattr(self.get_queryset(), name)(*args, **kwargs)
           ^^^^^^^^^^^^^^^^^^^^^^^^^^^^^^^^^^^^^^^^^^^^^^^^^^^
  File "/home/falcram/.local/lib/python3.12/site-packages/django/db/models/query.py", line 1476, in filter
    return self._filter_or_exclude(False, args, kwargs)
           ^^^^^^^^^^^^^^^^^^^^^^^^^^^^^^^^^^^^^^^^^^^^
  File "/home/falcram/.local/lib/python3.12/site-packages/django/db/models/query.py", line 1494, in _filter_or_exclude
    clone._filter_or_exclude_inplace(negate, args, kwargs)
  File "/home/falcram/.local/lib/python3.12/site-packages/django/db/models/query.py", line 1501, in _filter_or_exclude_inplace
    self._query.add_q(Q(*args, **kwargs))
  File "/home/falcram/.local/lib/python3.12/site-packages/django/db/models/sql/query.py", line 1613, in add_q
    clause, _ = self._add_q(q_object, self.used_aliases)
                ^^^^^^^^^^^^^^^^^^^^^^^^^^^^^^^^^^^^^^^^
  File "/home/falcram/.local/lib/python3.12/site-packages/django/db/models/sql/query.py", line 1645, in _add_q
    child_clause, needed_inner = self.build_filter(
                                 ^^^^^^^^^^^^^^^^^^
  File "/home/falcram/.local/lib/python3.12/site-packages/django/db/models/sql/query.py", line 1495, in build_filter
    lookups, parts, reffed_expression = self.solve_lookup_type(arg, summarize)
                                        ^^^^^^^^^^^^^^^^^^^^^^^^^^^^^^^^^^^^^^
  File "/home/falcram/.local/lib/python3.12/site-packages/django/db/models/sql/query.py", line 1307, in solve_lookup_type
    _, field, _, lookup_parts = self.names_to_path(lookup_splitted, self.get_meta())
                                ^^^^^^^^^^^^^^^^^^^^^^^^^^^^^^^^^^^^^^^^^^^^^^^^^^^^
  File "/home/falcram/.local/lib/python3.12/site-packages/django/db/models/sql/query.py", line 1772, in names_to_path
    raise FieldError(
django.core.exceptions.FieldError: Cannot resolve keyword 'date' into field. Choices are: date_of_visit, id, is_canceled, price, promocode, promocode_id, user, user_id
2024-06-10 15:07:39,717 INFO /home/falcram/BSUIR/IGI/253504_DUBOVIK_8/IGI/LR5/ZooApp/Zoo/statistics.py changed, reloading.
2024-06-10 15:07:41,804 ERROR Internal Server Error: /sales
Traceback (most recent call last):
  File "/home/falcram/.local/lib/python3.12/site-packages/django/core/handlers/exception.py", line 55, in inner
    response = get_response(request)
               ^^^^^^^^^^^^^^^^^^^^^
  File "/home/falcram/.local/lib/python3.12/site-packages/django/core/handlers/base.py", line 197, in _get_response
    response = wrapped_callback(request, *callback_args, **callback_kwargs)
               ^^^^^^^^^^^^^^^^^^^^^^^^^^^^^^^^^^^^^^^^^^^^^^^^^^^^^^^^^^^^
  File "/home/falcram/BSUIR/IGI/253504_DUBOVIK_8/IGI/LR5/ZooApp/Zoo/statistics.py", line 48, in sales
    url, yearly_sales_data = linear_sales_trend()
                             ^^^^^^^^^^^^^^^^^^^^
  File "/home/falcram/BSUIR/IGI/253504_DUBOVIK_8/IGI/LR5/ZooApp/Zoo/statistics.py", line 84, in linear_sales_trend
    years, sales = yearly_sales_trend()
                   ^^^^^^^^^^^^^^^^^^^^
  File "/home/falcram/BSUIR/IGI/253504_DUBOVIK_8/IGI/LR5/ZooApp/Zoo/statistics.py", line 74, in yearly_sales_trend
    sales = yearly_sales_report(year)
            ^^^^^^^^^^^^^^^^^^^^^^^^^
  File "/home/falcram/BSUIR/IGI/253504_DUBOVIK_8/IGI/LR5/ZooApp/Zoo/statistics.py", line 63, in yearly_sales_report
    orders = Ticket.objects.filter(date_of_visit=year, is_canceled=False)
             ^^^^^^^^^^^^^^^^^^^^^^^^^^^^^^^^^^^^^^^^^^^^^^^^^^^^^^^^^^^^
  File "/home/falcram/.local/lib/python3.12/site-packages/django/db/models/manager.py", line 87, in manager_method
    return getattr(self.get_queryset(), name)(*args, **kwargs)
           ^^^^^^^^^^^^^^^^^^^^^^^^^^^^^^^^^^^^^^^^^^^^^^^^^^^
  File "/home/falcram/.local/lib/python3.12/site-packages/django/db/models/query.py", line 1476, in filter
    return self._filter_or_exclude(False, args, kwargs)
           ^^^^^^^^^^^^^^^^^^^^^^^^^^^^^^^^^^^^^^^^^^^^
  File "/home/falcram/.local/lib/python3.12/site-packages/django/db/models/query.py", line 1494, in _filter_or_exclude
    clone._filter_or_exclude_inplace(negate, args, kwargs)
  File "/home/falcram/.local/lib/python3.12/site-packages/django/db/models/query.py", line 1501, in _filter_or_exclude_inplace
    self._query.add_q(Q(*args, **kwargs))
  File "/home/falcram/.local/lib/python3.12/site-packages/django/db/models/sql/query.py", line 1613, in add_q
    clause, _ = self._add_q(q_object, self.used_aliases)
                ^^^^^^^^^^^^^^^^^^^^^^^^^^^^^^^^^^^^^^^^
  File "/home/falcram/.local/lib/python3.12/site-packages/django/db/models/sql/query.py", line 1645, in _add_q
    child_clause, needed_inner = self.build_filter(
                                 ^^^^^^^^^^^^^^^^^^
  File "/home/falcram/.local/lib/python3.12/site-packages/django/db/models/sql/query.py", line 1559, in build_filter
    condition = self.build_lookup(lookups, col, value)
                ^^^^^^^^^^^^^^^^^^^^^^^^^^^^^^^^^^^^^^
  File "/home/falcram/.local/lib/python3.12/site-packages/django/db/models/sql/query.py", line 1389, in build_lookup
    lookup = lookup_class(lhs, rhs)
             ^^^^^^^^^^^^^^^^^^^^^^
  File "/home/falcram/.local/lib/python3.12/site-packages/django/db/models/lookups.py", line 30, in __init__
    self.rhs = self.get_prep_lookup()
               ^^^^^^^^^^^^^^^^^^^^^^
  File "/home/falcram/.local/lib/python3.12/site-packages/django/db/models/lookups.py", line 364, in get_prep_lookup
    return super().get_prep_lookup()
           ^^^^^^^^^^^^^^^^^^^^^^^^^
  File "/home/falcram/.local/lib/python3.12/site-packages/django/db/models/lookups.py", line 88, in get_prep_lookup
    return self.lhs.output_field.get_prep_value(self.rhs)
           ^^^^^^^^^^^^^^^^^^^^^^^^^^^^^^^^^^^^^^^^^^^^^^
  File "/home/falcram/.local/lib/python3.12/site-packages/django/db/models/fields/__init__.py", line 1649, in get_prep_value
    value = super().get_prep_value(value)
            ^^^^^^^^^^^^^^^^^^^^^^^^^^^^^
  File "/home/falcram/.local/lib/python3.12/site-packages/django/db/models/fields/__init__.py", line 1525, in get_prep_value
    return self.to_python(value)
           ^^^^^^^^^^^^^^^^^^^^^
  File "/home/falcram/.local/lib/python3.12/site-packages/django/db/models/fields/__init__.py", line 1610, in to_python
    parsed = parse_datetime(value)
             ^^^^^^^^^^^^^^^^^^^^^
  File "/home/falcram/.local/lib/python3.12/site-packages/django/utils/dateparse.py", line 114, in parse_datetime
    return datetime.datetime.fromisoformat(value)
           ^^^^^^^^^^^^^^^^^^^^^^^^^^^^^^^^^^^^^^
TypeError: fromisoformat: argument must be str
2024-06-10 15:10:25,218 INFO /home/falcram/BSUIR/IGI/253504_DUBOVIK_8/IGI/LR5/ZooApp/Zoo/statistics.py changed, reloading.
2024-06-10 15:10:55,833 ERROR Internal Server Error: /sales
Traceback (most recent call last):
  File "/home/falcram/.local/lib/python3.12/site-packages/django/core/handlers/exception.py", line 55, in inner
    response = get_response(request)
               ^^^^^^^^^^^^^^^^^^^^^
  File "/home/falcram/.local/lib/python3.12/site-packages/django/core/handlers/base.py", line 197, in _get_response
    response = wrapped_callback(request, *callback_args, **callback_kwargs)
               ^^^^^^^^^^^^^^^^^^^^^^^^^^^^^^^^^^^^^^^^^^^^^^^^^^^^^^^^^^^^
  File "/home/falcram/BSUIR/IGI/253504_DUBOVIK_8/IGI/LR5/ZooApp/Zoo/statistics.py", line 48, in sales
    url, yearly_sales_data = linear_sales_trend()
                             ^^^^^^^^^^^^^^^^^^^^
  File "/home/falcram/BSUIR/IGI/253504_DUBOVIK_8/IGI/LR5/ZooApp/Zoo/statistics.py", line 84, in linear_sales_trend
    years, sales = yearly_sales_trend()
                   ^^^^^^^^^^^^^^^^^^^^
  File "/home/falcram/BSUIR/IGI/253504_DUBOVIK_8/IGI/LR5/ZooApp/Zoo/statistics.py", line 74, in yearly_sales_trend
    sales = yearly_sales_report(year)
            ^^^^^^^^^^^^^^^^^^^^^^^^^
  File "/home/falcram/BSUIR/IGI/253504_DUBOVIK_8/IGI/LR5/ZooApp/Zoo/statistics.py", line 63, in yearly_sales_report
    orders = Ticket.objects.filter(date_of_visit=year, is_canceled=False)
             ^^^^^^^^^^^^^^^^^^^^^^^^^^^^^^^^^^^^^^^^^^^^^^^^^^^^^^^^^^^^
  File "/home/falcram/.local/lib/python3.12/site-packages/django/db/models/manager.py", line 87, in manager_method
    return getattr(self.get_queryset(), name)(*args, **kwargs)
           ^^^^^^^^^^^^^^^^^^^^^^^^^^^^^^^^^^^^^^^^^^^^^^^^^^^
  File "/home/falcram/.local/lib/python3.12/site-packages/django/db/models/query.py", line 1476, in filter
    return self._filter_or_exclude(False, args, kwargs)
           ^^^^^^^^^^^^^^^^^^^^^^^^^^^^^^^^^^^^^^^^^^^^
  File "/home/falcram/.local/lib/python3.12/site-packages/django/db/models/query.py", line 1494, in _filter_or_exclude
    clone._filter_or_exclude_inplace(negate, args, kwargs)
  File "/home/falcram/.local/lib/python3.12/site-packages/django/db/models/query.py", line 1501, in _filter_or_exclude_inplace
    self._query.add_q(Q(*args, **kwargs))
  File "/home/falcram/.local/lib/python3.12/site-packages/django/db/models/sql/query.py", line 1613, in add_q
    clause, _ = self._add_q(q_object, self.used_aliases)
                ^^^^^^^^^^^^^^^^^^^^^^^^^^^^^^^^^^^^^^^^
  File "/home/falcram/.local/lib/python3.12/site-packages/django/db/models/sql/query.py", line 1645, in _add_q
    child_clause, needed_inner = self.build_filter(
                                 ^^^^^^^^^^^^^^^^^^
  File "/home/falcram/.local/lib/python3.12/site-packages/django/db/models/sql/query.py", line 1559, in build_filter
    condition = self.build_lookup(lookups, col, value)
                ^^^^^^^^^^^^^^^^^^^^^^^^^^^^^^^^^^^^^^
  File "/home/falcram/.local/lib/python3.12/site-packages/django/db/models/sql/query.py", line 1389, in build_lookup
    lookup = lookup_class(lhs, rhs)
             ^^^^^^^^^^^^^^^^^^^^^^
  File "/home/falcram/.local/lib/python3.12/site-packages/django/db/models/lookups.py", line 30, in __init__
    self.rhs = self.get_prep_lookup()
               ^^^^^^^^^^^^^^^^^^^^^^
  File "/home/falcram/.local/lib/python3.12/site-packages/django/db/models/lookups.py", line 364, in get_prep_lookup
    return super().get_prep_lookup()
           ^^^^^^^^^^^^^^^^^^^^^^^^^
  File "/home/falcram/.local/lib/python3.12/site-packages/django/db/models/lookups.py", line 88, in get_prep_lookup
    return self.lhs.output_field.get_prep_value(self.rhs)
           ^^^^^^^^^^^^^^^^^^^^^^^^^^^^^^^^^^^^^^^^^^^^^^
  File "/home/falcram/.local/lib/python3.12/site-packages/django/db/models/fields/__init__.py", line 1649, in get_prep_value
    value = super().get_prep_value(value)
            ^^^^^^^^^^^^^^^^^^^^^^^^^^^^^
  File "/home/falcram/.local/lib/python3.12/site-packages/django/db/models/fields/__init__.py", line 1525, in get_prep_value
    return self.to_python(value)
           ^^^^^^^^^^^^^^^^^^^^^
  File "/home/falcram/.local/lib/python3.12/site-packages/django/db/models/fields/__init__.py", line 1610, in to_python
    parsed = parse_datetime(value)
             ^^^^^^^^^^^^^^^^^^^^^
  File "/home/falcram/.local/lib/python3.12/site-packages/django/utils/dateparse.py", line 114, in parse_datetime
    return datetime.datetime.fromisoformat(value)
           ^^^^^^^^^^^^^^^^^^^^^^^^^^^^^^^^^^^^^^
TypeError: fromisoformat: argument must be str
2024-06-10 15:16:00,985 INFO /home/falcram/BSUIR/IGI/253504_DUBOVIK_8/IGI/LR5/ZooApp/Zoo/models.py changed, reloading.
2024-06-10 15:16:27,077 ERROR Internal Server Error: /sales
Traceback (most recent call last):
  File "/home/falcram/.local/lib/python3.12/site-packages/django/core/handlers/exception.py", line 55, in inner
    response = get_response(request)
               ^^^^^^^^^^^^^^^^^^^^^
  File "/home/falcram/.local/lib/python3.12/site-packages/django/core/handlers/base.py", line 197, in _get_response
    response = wrapped_callback(request, *callback_args, **callback_kwargs)
               ^^^^^^^^^^^^^^^^^^^^^^^^^^^^^^^^^^^^^^^^^^^^^^^^^^^^^^^^^^^^
  File "/home/falcram/BSUIR/IGI/253504_DUBOVIK_8/IGI/LR5/ZooApp/Zoo/statistics.py", line 48, in sales
    url, yearly_sales_data = linear_sales_trend()
                             ^^^^^^^^^^^^^^^^^^^^
  File "/home/falcram/BSUIR/IGI/253504_DUBOVIK_8/IGI/LR5/ZooApp/Zoo/statistics.py", line 84, in linear_sales_trend
    years, sales = yearly_sales_trend()
                   ^^^^^^^^^^^^^^^^^^^^
  File "/home/falcram/BSUIR/IGI/253504_DUBOVIK_8/IGI/LR5/ZooApp/Zoo/statistics.py", line 74, in yearly_sales_trend
    sales = yearly_sales_report(year)
            ^^^^^^^^^^^^^^^^^^^^^^^^^
  File "/home/falcram/BSUIR/IGI/253504_DUBOVIK_8/IGI/LR5/ZooApp/Zoo/statistics.py", line 63, in yearly_sales_report
    orders = Ticket.objects.filter(date_of_visit=year, is_canceled=False)
             ^^^^^^^^^^^^^^^^^^^^^^^^^^^^^^^^^^^^^^^^^^^^^^^^^^^^^^^^^^^^
  File "/home/falcram/.local/lib/python3.12/site-packages/django/db/models/manager.py", line 87, in manager_method
    return getattr(self.get_queryset(), name)(*args, **kwargs)
           ^^^^^^^^^^^^^^^^^^^^^^^^^^^^^^^^^^^^^^^^^^^^^^^^^^^
  File "/home/falcram/.local/lib/python3.12/site-packages/django/db/models/query.py", line 1476, in filter
    return self._filter_or_exclude(False, args, kwargs)
           ^^^^^^^^^^^^^^^^^^^^^^^^^^^^^^^^^^^^^^^^^^^^
  File "/home/falcram/.local/lib/python3.12/site-packages/django/db/models/query.py", line 1494, in _filter_or_exclude
    clone._filter_or_exclude_inplace(negate, args, kwargs)
  File "/home/falcram/.local/lib/python3.12/site-packages/django/db/models/query.py", line 1501, in _filter_or_exclude_inplace
    self._query.add_q(Q(*args, **kwargs))
  File "/home/falcram/.local/lib/python3.12/site-packages/django/db/models/sql/query.py", line 1613, in add_q
    clause, _ = self._add_q(q_object, self.used_aliases)
                ^^^^^^^^^^^^^^^^^^^^^^^^^^^^^^^^^^^^^^^^
  File "/home/falcram/.local/lib/python3.12/site-packages/django/db/models/sql/query.py", line 1645, in _add_q
    child_clause, needed_inner = self.build_filter(
                                 ^^^^^^^^^^^^^^^^^^
  File "/home/falcram/.local/lib/python3.12/site-packages/django/db/models/sql/query.py", line 1559, in build_filter
    condition = self.build_lookup(lookups, col, value)
                ^^^^^^^^^^^^^^^^^^^^^^^^^^^^^^^^^^^^^^
  File "/home/falcram/.local/lib/python3.12/site-packages/django/db/models/sql/query.py", line 1389, in build_lookup
    lookup = lookup_class(lhs, rhs)
             ^^^^^^^^^^^^^^^^^^^^^^
  File "/home/falcram/.local/lib/python3.12/site-packages/django/db/models/lookups.py", line 30, in __init__
    self.rhs = self.get_prep_lookup()
               ^^^^^^^^^^^^^^^^^^^^^^
  File "/home/falcram/.local/lib/python3.12/site-packages/django/db/models/lookups.py", line 364, in get_prep_lookup
    return super().get_prep_lookup()
           ^^^^^^^^^^^^^^^^^^^^^^^^^
  File "/home/falcram/.local/lib/python3.12/site-packages/django/db/models/lookups.py", line 88, in get_prep_lookup
    return self.lhs.output_field.get_prep_value(self.rhs)
           ^^^^^^^^^^^^^^^^^^^^^^^^^^^^^^^^^^^^^^^^^^^^^^
  File "/home/falcram/.local/lib/python3.12/site-packages/django/db/models/fields/__init__.py", line 1649, in get_prep_value
    value = super().get_prep_value(value)
            ^^^^^^^^^^^^^^^^^^^^^^^^^^^^^
  File "/home/falcram/.local/lib/python3.12/site-packages/django/db/models/fields/__init__.py", line 1525, in get_prep_value
    return self.to_python(value)
           ^^^^^^^^^^^^^^^^^^^^^
  File "/home/falcram/.local/lib/python3.12/site-packages/django/db/models/fields/__init__.py", line 1610, in to_python
    parsed = parse_datetime(value)
             ^^^^^^^^^^^^^^^^^^^^^
  File "/home/falcram/.local/lib/python3.12/site-packages/django/utils/dateparse.py", line 114, in parse_datetime
    return datetime.datetime.fromisoformat(value)
           ^^^^^^^^^^^^^^^^^^^^^^^^^^^^^^^^^^^^^^
TypeError: fromisoformat: argument must be str
2024-06-10 15:16:27,928 ERROR Internal Server Error: /sales
Traceback (most recent call last):
  File "/home/falcram/.local/lib/python3.12/site-packages/django/core/handlers/exception.py", line 55, in inner
    response = get_response(request)
               ^^^^^^^^^^^^^^^^^^^^^
  File "/home/falcram/.local/lib/python3.12/site-packages/django/core/handlers/base.py", line 197, in _get_response
    response = wrapped_callback(request, *callback_args, **callback_kwargs)
               ^^^^^^^^^^^^^^^^^^^^^^^^^^^^^^^^^^^^^^^^^^^^^^^^^^^^^^^^^^^^
  File "/home/falcram/BSUIR/IGI/253504_DUBOVIK_8/IGI/LR5/ZooApp/Zoo/statistics.py", line 48, in sales
    url, yearly_sales_data = linear_sales_trend()
                             ^^^^^^^^^^^^^^^^^^^^
  File "/home/falcram/BSUIR/IGI/253504_DUBOVIK_8/IGI/LR5/ZooApp/Zoo/statistics.py", line 84, in linear_sales_trend
    years, sales = yearly_sales_trend()
                   ^^^^^^^^^^^^^^^^^^^^
  File "/home/falcram/BSUIR/IGI/253504_DUBOVIK_8/IGI/LR5/ZooApp/Zoo/statistics.py", line 74, in yearly_sales_trend
    sales = yearly_sales_report(year)
            ^^^^^^^^^^^^^^^^^^^^^^^^^
  File "/home/falcram/BSUIR/IGI/253504_DUBOVIK_8/IGI/LR5/ZooApp/Zoo/statistics.py", line 63, in yearly_sales_report
    orders = Ticket.objects.filter(date_of_visit=year, is_canceled=False)
             ^^^^^^^^^^^^^^^^^^^^^^^^^^^^^^^^^^^^^^^^^^^^^^^^^^^^^^^^^^^^
  File "/home/falcram/.local/lib/python3.12/site-packages/django/db/models/manager.py", line 87, in manager_method
    return getattr(self.get_queryset(), name)(*args, **kwargs)
           ^^^^^^^^^^^^^^^^^^^^^^^^^^^^^^^^^^^^^^^^^^^^^^^^^^^
  File "/home/falcram/.local/lib/python3.12/site-packages/django/db/models/query.py", line 1476, in filter
    return self._filter_or_exclude(False, args, kwargs)
           ^^^^^^^^^^^^^^^^^^^^^^^^^^^^^^^^^^^^^^^^^^^^
  File "/home/falcram/.local/lib/python3.12/site-packages/django/db/models/query.py", line 1494, in _filter_or_exclude
    clone._filter_or_exclude_inplace(negate, args, kwargs)
  File "/home/falcram/.local/lib/python3.12/site-packages/django/db/models/query.py", line 1501, in _filter_or_exclude_inplace
    self._query.add_q(Q(*args, **kwargs))
  File "/home/falcram/.local/lib/python3.12/site-packages/django/db/models/sql/query.py", line 1613, in add_q
    clause, _ = self._add_q(q_object, self.used_aliases)
                ^^^^^^^^^^^^^^^^^^^^^^^^^^^^^^^^^^^^^^^^
  File "/home/falcram/.local/lib/python3.12/site-packages/django/db/models/sql/query.py", line 1645, in _add_q
    child_clause, needed_inner = self.build_filter(
                                 ^^^^^^^^^^^^^^^^^^
  File "/home/falcram/.local/lib/python3.12/site-packages/django/db/models/sql/query.py", line 1559, in build_filter
    condition = self.build_lookup(lookups, col, value)
                ^^^^^^^^^^^^^^^^^^^^^^^^^^^^^^^^^^^^^^
  File "/home/falcram/.local/lib/python3.12/site-packages/django/db/models/sql/query.py", line 1389, in build_lookup
    lookup = lookup_class(lhs, rhs)
             ^^^^^^^^^^^^^^^^^^^^^^
  File "/home/falcram/.local/lib/python3.12/site-packages/django/db/models/lookups.py", line 30, in __init__
    self.rhs = self.get_prep_lookup()
               ^^^^^^^^^^^^^^^^^^^^^^
  File "/home/falcram/.local/lib/python3.12/site-packages/django/db/models/lookups.py", line 364, in get_prep_lookup
    return super().get_prep_lookup()
           ^^^^^^^^^^^^^^^^^^^^^^^^^
  File "/home/falcram/.local/lib/python3.12/site-packages/django/db/models/lookups.py", line 88, in get_prep_lookup
    return self.lhs.output_field.get_prep_value(self.rhs)
           ^^^^^^^^^^^^^^^^^^^^^^^^^^^^^^^^^^^^^^^^^^^^^^
  File "/home/falcram/.local/lib/python3.12/site-packages/django/db/models/fields/__init__.py", line 1649, in get_prep_value
    value = super().get_prep_value(value)
            ^^^^^^^^^^^^^^^^^^^^^^^^^^^^^
  File "/home/falcram/.local/lib/python3.12/site-packages/django/db/models/fields/__init__.py", line 1525, in get_prep_value
    return self.to_python(value)
           ^^^^^^^^^^^^^^^^^^^^^
  File "/home/falcram/.local/lib/python3.12/site-packages/django/db/models/fields/__init__.py", line 1610, in to_python
    parsed = parse_datetime(value)
             ^^^^^^^^^^^^^^^^^^^^^
  File "/home/falcram/.local/lib/python3.12/site-packages/django/utils/dateparse.py", line 114, in parse_datetime
    return datetime.datetime.fromisoformat(value)
           ^^^^^^^^^^^^^^^^^^^^^^^^^^^^^^^^^^^^^^
TypeError: fromisoformat: argument must be str
2024-06-10 15:16:28,153 ERROR Internal Server Error: /sales
Traceback (most recent call last):
  File "/home/falcram/.local/lib/python3.12/site-packages/django/core/handlers/exception.py", line 55, in inner
    response = get_response(request)
               ^^^^^^^^^^^^^^^^^^^^^
  File "/home/falcram/.local/lib/python3.12/site-packages/django/core/handlers/base.py", line 197, in _get_response
    response = wrapped_callback(request, *callback_args, **callback_kwargs)
               ^^^^^^^^^^^^^^^^^^^^^^^^^^^^^^^^^^^^^^^^^^^^^^^^^^^^^^^^^^^^
  File "/home/falcram/BSUIR/IGI/253504_DUBOVIK_8/IGI/LR5/ZooApp/Zoo/statistics.py", line 48, in sales
    url, yearly_sales_data = linear_sales_trend()
                             ^^^^^^^^^^^^^^^^^^^^
  File "/home/falcram/BSUIR/IGI/253504_DUBOVIK_8/IGI/LR5/ZooApp/Zoo/statistics.py", line 84, in linear_sales_trend
    years, sales = yearly_sales_trend()
                   ^^^^^^^^^^^^^^^^^^^^
  File "/home/falcram/BSUIR/IGI/253504_DUBOVIK_8/IGI/LR5/ZooApp/Zoo/statistics.py", line 74, in yearly_sales_trend
    sales = yearly_sales_report(year)
            ^^^^^^^^^^^^^^^^^^^^^^^^^
  File "/home/falcram/BSUIR/IGI/253504_DUBOVIK_8/IGI/LR5/ZooApp/Zoo/statistics.py", line 63, in yearly_sales_report
    orders = Ticket.objects.filter(date_of_visit=year, is_canceled=False)
             ^^^^^^^^^^^^^^^^^^^^^^^^^^^^^^^^^^^^^^^^^^^^^^^^^^^^^^^^^^^^
  File "/home/falcram/.local/lib/python3.12/site-packages/django/db/models/manager.py", line 87, in manager_method
    return getattr(self.get_queryset(), name)(*args, **kwargs)
           ^^^^^^^^^^^^^^^^^^^^^^^^^^^^^^^^^^^^^^^^^^^^^^^^^^^
  File "/home/falcram/.local/lib/python3.12/site-packages/django/db/models/query.py", line 1476, in filter
    return self._filter_or_exclude(False, args, kwargs)
           ^^^^^^^^^^^^^^^^^^^^^^^^^^^^^^^^^^^^^^^^^^^^
  File "/home/falcram/.local/lib/python3.12/site-packages/django/db/models/query.py", line 1494, in _filter_or_exclude
    clone._filter_or_exclude_inplace(negate, args, kwargs)
  File "/home/falcram/.local/lib/python3.12/site-packages/django/db/models/query.py", line 1501, in _filter_or_exclude_inplace
    self._query.add_q(Q(*args, **kwargs))
  File "/home/falcram/.local/lib/python3.12/site-packages/django/db/models/sql/query.py", line 1613, in add_q
    clause, _ = self._add_q(q_object, self.used_aliases)
                ^^^^^^^^^^^^^^^^^^^^^^^^^^^^^^^^^^^^^^^^
  File "/home/falcram/.local/lib/python3.12/site-packages/django/db/models/sql/query.py", line 1645, in _add_q
    child_clause, needed_inner = self.build_filter(
                                 ^^^^^^^^^^^^^^^^^^
  File "/home/falcram/.local/lib/python3.12/site-packages/django/db/models/sql/query.py", line 1559, in build_filter
    condition = self.build_lookup(lookups, col, value)
                ^^^^^^^^^^^^^^^^^^^^^^^^^^^^^^^^^^^^^^
  File "/home/falcram/.local/lib/python3.12/site-packages/django/db/models/sql/query.py", line 1389, in build_lookup
    lookup = lookup_class(lhs, rhs)
             ^^^^^^^^^^^^^^^^^^^^^^
  File "/home/falcram/.local/lib/python3.12/site-packages/django/db/models/lookups.py", line 30, in __init__
    self.rhs = self.get_prep_lookup()
               ^^^^^^^^^^^^^^^^^^^^^^
  File "/home/falcram/.local/lib/python3.12/site-packages/django/db/models/lookups.py", line 364, in get_prep_lookup
    return super().get_prep_lookup()
           ^^^^^^^^^^^^^^^^^^^^^^^^^
  File "/home/falcram/.local/lib/python3.12/site-packages/django/db/models/lookups.py", line 88, in get_prep_lookup
    return self.lhs.output_field.get_prep_value(self.rhs)
           ^^^^^^^^^^^^^^^^^^^^^^^^^^^^^^^^^^^^^^^^^^^^^^
  File "/home/falcram/.local/lib/python3.12/site-packages/django/db/models/fields/__init__.py", line 1649, in get_prep_value
    value = super().get_prep_value(value)
            ^^^^^^^^^^^^^^^^^^^^^^^^^^^^^
  File "/home/falcram/.local/lib/python3.12/site-packages/django/db/models/fields/__init__.py", line 1525, in get_prep_value
    return self.to_python(value)
           ^^^^^^^^^^^^^^^^^^^^^
  File "/home/falcram/.local/lib/python3.12/site-packages/django/db/models/fields/__init__.py", line 1610, in to_python
    parsed = parse_datetime(value)
             ^^^^^^^^^^^^^^^^^^^^^
  File "/home/falcram/.local/lib/python3.12/site-packages/django/utils/dateparse.py", line 114, in parse_datetime
    return datetime.datetime.fromisoformat(value)
           ^^^^^^^^^^^^^^^^^^^^^^^^^^^^^^^^^^^^^^
TypeError: fromisoformat: argument must be str
2024-06-10 15:16:43,565 ERROR Internal Server Error: /sales
Traceback (most recent call last):
  File "/home/falcram/.local/lib/python3.12/site-packages/django/core/handlers/exception.py", line 55, in inner
    response = get_response(request)
               ^^^^^^^^^^^^^^^^^^^^^
  File "/home/falcram/.local/lib/python3.12/site-packages/django/core/handlers/base.py", line 197, in _get_response
    response = wrapped_callback(request, *callback_args, **callback_kwargs)
               ^^^^^^^^^^^^^^^^^^^^^^^^^^^^^^^^^^^^^^^^^^^^^^^^^^^^^^^^^^^^
  File "/home/falcram/BSUIR/IGI/253504_DUBOVIK_8/IGI/LR5/ZooApp/Zoo/statistics.py", line 48, in sales
    url, yearly_sales_data = linear_sales_trend()
                             ^^^^^^^^^^^^^^^^^^^^
  File "/home/falcram/BSUIR/IGI/253504_DUBOVIK_8/IGI/LR5/ZooApp/Zoo/statistics.py", line 84, in linear_sales_trend
    years, sales = yearly_sales_trend()
                   ^^^^^^^^^^^^^^^^^^^^
  File "/home/falcram/BSUIR/IGI/253504_DUBOVIK_8/IGI/LR5/ZooApp/Zoo/statistics.py", line 74, in yearly_sales_trend
    sales = yearly_sales_report(year)
            ^^^^^^^^^^^^^^^^^^^^^^^^^
  File "/home/falcram/BSUIR/IGI/253504_DUBOVIK_8/IGI/LR5/ZooApp/Zoo/statistics.py", line 63, in yearly_sales_report
    orders = Ticket.objects.filter(date_of_visit=year, is_canceled=False)
             ^^^^^^^^^^^^^^^^^^^^^^^^^^^^^^^^^^^^^^^^^^^^^^^^^^^^^^^^^^^^
  File "/home/falcram/.local/lib/python3.12/site-packages/django/db/models/manager.py", line 87, in manager_method
    return getattr(self.get_queryset(), name)(*args, **kwargs)
           ^^^^^^^^^^^^^^^^^^^^^^^^^^^^^^^^^^^^^^^^^^^^^^^^^^^
  File "/home/falcram/.local/lib/python3.12/site-packages/django/db/models/query.py", line 1476, in filter
    return self._filter_or_exclude(False, args, kwargs)
           ^^^^^^^^^^^^^^^^^^^^^^^^^^^^^^^^^^^^^^^^^^^^
  File "/home/falcram/.local/lib/python3.12/site-packages/django/db/models/query.py", line 1494, in _filter_or_exclude
    clone._filter_or_exclude_inplace(negate, args, kwargs)
  File "/home/falcram/.local/lib/python3.12/site-packages/django/db/models/query.py", line 1501, in _filter_or_exclude_inplace
    self._query.add_q(Q(*args, **kwargs))
  File "/home/falcram/.local/lib/python3.12/site-packages/django/db/models/sql/query.py", line 1613, in add_q
    clause, _ = self._add_q(q_object, self.used_aliases)
                ^^^^^^^^^^^^^^^^^^^^^^^^^^^^^^^^^^^^^^^^
  File "/home/falcram/.local/lib/python3.12/site-packages/django/db/models/sql/query.py", line 1645, in _add_q
    child_clause, needed_inner = self.build_filter(
                                 ^^^^^^^^^^^^^^^^^^
  File "/home/falcram/.local/lib/python3.12/site-packages/django/db/models/sql/query.py", line 1559, in build_filter
    condition = self.build_lookup(lookups, col, value)
                ^^^^^^^^^^^^^^^^^^^^^^^^^^^^^^^^^^^^^^
  File "/home/falcram/.local/lib/python3.12/site-packages/django/db/models/sql/query.py", line 1389, in build_lookup
    lookup = lookup_class(lhs, rhs)
             ^^^^^^^^^^^^^^^^^^^^^^
  File "/home/falcram/.local/lib/python3.12/site-packages/django/db/models/lookups.py", line 30, in __init__
    self.rhs = self.get_prep_lookup()
               ^^^^^^^^^^^^^^^^^^^^^^
  File "/home/falcram/.local/lib/python3.12/site-packages/django/db/models/lookups.py", line 364, in get_prep_lookup
    return super().get_prep_lookup()
           ^^^^^^^^^^^^^^^^^^^^^^^^^
  File "/home/falcram/.local/lib/python3.12/site-packages/django/db/models/lookups.py", line 88, in get_prep_lookup
    return self.lhs.output_field.get_prep_value(self.rhs)
           ^^^^^^^^^^^^^^^^^^^^^^^^^^^^^^^^^^^^^^^^^^^^^^
  File "/home/falcram/.local/lib/python3.12/site-packages/django/db/models/fields/__init__.py", line 1649, in get_prep_value
    value = super().get_prep_value(value)
            ^^^^^^^^^^^^^^^^^^^^^^^^^^^^^
  File "/home/falcram/.local/lib/python3.12/site-packages/django/db/models/fields/__init__.py", line 1525, in get_prep_value
    return self.to_python(value)
           ^^^^^^^^^^^^^^^^^^^^^
  File "/home/falcram/.local/lib/python3.12/site-packages/django/db/models/fields/__init__.py", line 1610, in to_python
    parsed = parse_datetime(value)
             ^^^^^^^^^^^^^^^^^^^^^
  File "/home/falcram/.local/lib/python3.12/site-packages/django/utils/dateparse.py", line 114, in parse_datetime
    return datetime.datetime.fromisoformat(value)
           ^^^^^^^^^^^^^^^^^^^^^^^^^^^^^^^^^^^^^^
TypeError: fromisoformat: argument must be str
2024-06-10 15:17:14,143 INFO /home/falcram/BSUIR/IGI/253504_DUBOVIK_8/IGI/LR5/ZooApp/Zoo/models.py changed, reloading.
2024-06-10 15:17:50,113 ERROR Internal Server Error: /sales
Traceback (most recent call last):
  File "/home/falcram/.local/lib/python3.12/site-packages/django/core/handlers/exception.py", line 55, in inner
    response = get_response(request)
               ^^^^^^^^^^^^^^^^^^^^^
  File "/home/falcram/.local/lib/python3.12/site-packages/django/core/handlers/base.py", line 197, in _get_response
    response = wrapped_callback(request, *callback_args, **callback_kwargs)
               ^^^^^^^^^^^^^^^^^^^^^^^^^^^^^^^^^^^^^^^^^^^^^^^^^^^^^^^^^^^^
  File "/home/falcram/BSUIR/IGI/253504_DUBOVIK_8/IGI/LR5/ZooApp/Zoo/statistics.py", line 48, in sales
    url, yearly_sales_data = linear_sales_trend()
                             ^^^^^^^^^^^^^^^^^^^^
  File "/home/falcram/BSUIR/IGI/253504_DUBOVIK_8/IGI/LR5/ZooApp/Zoo/statistics.py", line 84, in linear_sales_trend
    years, sales = yearly_sales_trend()
                   ^^^^^^^^^^^^^^^^^^^^
  File "/home/falcram/BSUIR/IGI/253504_DUBOVIK_8/IGI/LR5/ZooApp/Zoo/statistics.py", line 74, in yearly_sales_trend
    sales = yearly_sales_report(year)
            ^^^^^^^^^^^^^^^^^^^^^^^^^
  File "/home/falcram/BSUIR/IGI/253504_DUBOVIK_8/IGI/LR5/ZooApp/Zoo/statistics.py", line 63, in yearly_sales_report
    orders = Ticket.objects.filter(date_of_visit=year, is_canceled=False)
             ^^^^^^^^^^^^^^^^^^^^^^^^^^^^^^^^^^^^^^^^^^^^^^^^^^^^^^^^^^^^
  File "/home/falcram/.local/lib/python3.12/site-packages/django/db/models/manager.py", line 87, in manager_method
    return getattr(self.get_queryset(), name)(*args, **kwargs)
           ^^^^^^^^^^^^^^^^^^^^^^^^^^^^^^^^^^^^^^^^^^^^^^^^^^^
  File "/home/falcram/.local/lib/python3.12/site-packages/django/db/models/query.py", line 1476, in filter
    return self._filter_or_exclude(False, args, kwargs)
           ^^^^^^^^^^^^^^^^^^^^^^^^^^^^^^^^^^^^^^^^^^^^
  File "/home/falcram/.local/lib/python3.12/site-packages/django/db/models/query.py", line 1494, in _filter_or_exclude
    clone._filter_or_exclude_inplace(negate, args, kwargs)
  File "/home/falcram/.local/lib/python3.12/site-packages/django/db/models/query.py", line 1501, in _filter_or_exclude_inplace
    self._query.add_q(Q(*args, **kwargs))
  File "/home/falcram/.local/lib/python3.12/site-packages/django/db/models/sql/query.py", line 1613, in add_q
    clause, _ = self._add_q(q_object, self.used_aliases)
                ^^^^^^^^^^^^^^^^^^^^^^^^^^^^^^^^^^^^^^^^
  File "/home/falcram/.local/lib/python3.12/site-packages/django/db/models/sql/query.py", line 1645, in _add_q
    child_clause, needed_inner = self.build_filter(
                                 ^^^^^^^^^^^^^^^^^^
  File "/home/falcram/.local/lib/python3.12/site-packages/django/db/models/sql/query.py", line 1559, in build_filter
    condition = self.build_lookup(lookups, col, value)
                ^^^^^^^^^^^^^^^^^^^^^^^^^^^^^^^^^^^^^^
  File "/home/falcram/.local/lib/python3.12/site-packages/django/db/models/sql/query.py", line 1389, in build_lookup
    lookup = lookup_class(lhs, rhs)
             ^^^^^^^^^^^^^^^^^^^^^^
  File "/home/falcram/.local/lib/python3.12/site-packages/django/db/models/lookups.py", line 30, in __init__
    self.rhs = self.get_prep_lookup()
               ^^^^^^^^^^^^^^^^^^^^^^
  File "/home/falcram/.local/lib/python3.12/site-packages/django/db/models/lookups.py", line 364, in get_prep_lookup
    return super().get_prep_lookup()
           ^^^^^^^^^^^^^^^^^^^^^^^^^
  File "/home/falcram/.local/lib/python3.12/site-packages/django/db/models/lookups.py", line 88, in get_prep_lookup
    return self.lhs.output_field.get_prep_value(self.rhs)
           ^^^^^^^^^^^^^^^^^^^^^^^^^^^^^^^^^^^^^^^^^^^^^^
  File "/home/falcram/.local/lib/python3.12/site-packages/django/db/models/fields/__init__.py", line 1649, in get_prep_value
    value = super().get_prep_value(value)
            ^^^^^^^^^^^^^^^^^^^^^^^^^^^^^
  File "/home/falcram/.local/lib/python3.12/site-packages/django/db/models/fields/__init__.py", line 1525, in get_prep_value
    return self.to_python(value)
           ^^^^^^^^^^^^^^^^^^^^^
  File "/home/falcram/.local/lib/python3.12/site-packages/django/db/models/fields/__init__.py", line 1610, in to_python
    parsed = parse_datetime(value)
             ^^^^^^^^^^^^^^^^^^^^^
  File "/home/falcram/.local/lib/python3.12/site-packages/django/utils/dateparse.py", line 114, in parse_datetime
    return datetime.datetime.fromisoformat(value)
           ^^^^^^^^^^^^^^^^^^^^^^^^^^^^^^^^^^^^^^
TypeError: fromisoformat: argument must be str
2024-06-10 15:17:54,538 ERROR Internal Server Error: /sales
Traceback (most recent call last):
  File "/home/falcram/.local/lib/python3.12/site-packages/django/core/handlers/exception.py", line 55, in inner
    response = get_response(request)
               ^^^^^^^^^^^^^^^^^^^^^
  File "/home/falcram/.local/lib/python3.12/site-packages/django/core/handlers/base.py", line 197, in _get_response
    response = wrapped_callback(request, *callback_args, **callback_kwargs)
               ^^^^^^^^^^^^^^^^^^^^^^^^^^^^^^^^^^^^^^^^^^^^^^^^^^^^^^^^^^^^
  File "/home/falcram/BSUIR/IGI/253504_DUBOVIK_8/IGI/LR5/ZooApp/Zoo/statistics.py", line 48, in sales
    url, yearly_sales_data = linear_sales_trend()
                             ^^^^^^^^^^^^^^^^^^^^
  File "/home/falcram/BSUIR/IGI/253504_DUBOVIK_8/IGI/LR5/ZooApp/Zoo/statistics.py", line 84, in linear_sales_trend
    years, sales = yearly_sales_trend()
                   ^^^^^^^^^^^^^^^^^^^^
  File "/home/falcram/BSUIR/IGI/253504_DUBOVIK_8/IGI/LR5/ZooApp/Zoo/statistics.py", line 74, in yearly_sales_trend
    sales = yearly_sales_report(year)
            ^^^^^^^^^^^^^^^^^^^^^^^^^
  File "/home/falcram/BSUIR/IGI/253504_DUBOVIK_8/IGI/LR5/ZooApp/Zoo/statistics.py", line 63, in yearly_sales_report
    orders = Ticket.objects.filter(date_of_visit=year, is_canceled=False)
             ^^^^^^^^^^^^^^^^^^^^^^^^^^^^^^^^^^^^^^^^^^^^^^^^^^^^^^^^^^^^
  File "/home/falcram/.local/lib/python3.12/site-packages/django/db/models/manager.py", line 87, in manager_method
    return getattr(self.get_queryset(), name)(*args, **kwargs)
           ^^^^^^^^^^^^^^^^^^^^^^^^^^^^^^^^^^^^^^^^^^^^^^^^^^^
  File "/home/falcram/.local/lib/python3.12/site-packages/django/db/models/query.py", line 1476, in filter
    return self._filter_or_exclude(False, args, kwargs)
           ^^^^^^^^^^^^^^^^^^^^^^^^^^^^^^^^^^^^^^^^^^^^
  File "/home/falcram/.local/lib/python3.12/site-packages/django/db/models/query.py", line 1494, in _filter_or_exclude
    clone._filter_or_exclude_inplace(negate, args, kwargs)
  File "/home/falcram/.local/lib/python3.12/site-packages/django/db/models/query.py", line 1501, in _filter_or_exclude_inplace
    self._query.add_q(Q(*args, **kwargs))
  File "/home/falcram/.local/lib/python3.12/site-packages/django/db/models/sql/query.py", line 1613, in add_q
    clause, _ = self._add_q(q_object, self.used_aliases)
                ^^^^^^^^^^^^^^^^^^^^^^^^^^^^^^^^^^^^^^^^
  File "/home/falcram/.local/lib/python3.12/site-packages/django/db/models/sql/query.py", line 1645, in _add_q
    child_clause, needed_inner = self.build_filter(
                                 ^^^^^^^^^^^^^^^^^^
  File "/home/falcram/.local/lib/python3.12/site-packages/django/db/models/sql/query.py", line 1559, in build_filter
    condition = self.build_lookup(lookups, col, value)
                ^^^^^^^^^^^^^^^^^^^^^^^^^^^^^^^^^^^^^^
  File "/home/falcram/.local/lib/python3.12/site-packages/django/db/models/sql/query.py", line 1389, in build_lookup
    lookup = lookup_class(lhs, rhs)
             ^^^^^^^^^^^^^^^^^^^^^^
  File "/home/falcram/.local/lib/python3.12/site-packages/django/db/models/lookups.py", line 30, in __init__
    self.rhs = self.get_prep_lookup()
               ^^^^^^^^^^^^^^^^^^^^^^
  File "/home/falcram/.local/lib/python3.12/site-packages/django/db/models/lookups.py", line 364, in get_prep_lookup
    return super().get_prep_lookup()
           ^^^^^^^^^^^^^^^^^^^^^^^^^
  File "/home/falcram/.local/lib/python3.12/site-packages/django/db/models/lookups.py", line 88, in get_prep_lookup
    return self.lhs.output_field.get_prep_value(self.rhs)
           ^^^^^^^^^^^^^^^^^^^^^^^^^^^^^^^^^^^^^^^^^^^^^^
  File "/home/falcram/.local/lib/python3.12/site-packages/django/db/models/fields/__init__.py", line 1649, in get_prep_value
    value = super().get_prep_value(value)
            ^^^^^^^^^^^^^^^^^^^^^^^^^^^^^
  File "/home/falcram/.local/lib/python3.12/site-packages/django/db/models/fields/__init__.py", line 1525, in get_prep_value
    return self.to_python(value)
           ^^^^^^^^^^^^^^^^^^^^^
  File "/home/falcram/.local/lib/python3.12/site-packages/django/db/models/fields/__init__.py", line 1610, in to_python
    parsed = parse_datetime(value)
             ^^^^^^^^^^^^^^^^^^^^^
  File "/home/falcram/.local/lib/python3.12/site-packages/django/utils/dateparse.py", line 114, in parse_datetime
    return datetime.datetime.fromisoformat(value)
           ^^^^^^^^^^^^^^^^^^^^^^^^^^^^^^^^^^^^^^
TypeError: fromisoformat: argument must be str
2024-06-10 15:20:47,633 INFO /home/falcram/BSUIR/IGI/253504_DUBOVIK_8/IGI/LR5/ZooApp/Zoo/views.py changed, reloading.
2024-06-10 15:21:05,250 INFO Tim called OrderCreateView | user's Timezone: Europe/Minsk
2024-06-10 15:21:11,514 INFO OrderForm has no errors
2024-06-10 15:21:11,528 INFO Tim called SpecificOrderView | user's Timezone: Europe/Minsk
2024-06-10 15:21:34,200 INFO /home/falcram/BSUIR/IGI/253504_DUBOVIK_8/IGI/LR5/ZooApp/Zoo/views.py changed, reloading.
2024-06-10 15:21:38,116 INFO Tim called OrderCreateView | user's Timezone: Europe/Minsk
2024-06-10 15:21:43,440 INFO OrderForm has no errors
2024-06-10 15:21:43,451 INFO Tim called SpecificOrderView | user's Timezone: Europe/Minsk
2024-06-10 15:22:20,622 INFO /home/falcram/BSUIR/IGI/253504_DUBOVIK_8/IGI/LR5/ZooApp/Zoo/statistics.py changed, reloading.
2024-06-10 15:22:32,476 ERROR Internal Server Error: /sales
Traceback (most recent call last):
  File "/home/falcram/.local/lib/python3.12/site-packages/django/core/handlers/exception.py", line 55, in inner
    response = get_response(request)
               ^^^^^^^^^^^^^^^^^^^^^
  File "/home/falcram/.local/lib/python3.12/site-packages/django/core/handlers/base.py", line 197, in _get_response
    response = wrapped_callback(request, *callback_args, **callback_kwargs)
               ^^^^^^^^^^^^^^^^^^^^^^^^^^^^^^^^^^^^^^^^^^^^^^^^^^^^^^^^^^^^
  File "/home/falcram/BSUIR/IGI/253504_DUBOVIK_8/IGI/LR5/ZooApp/Zoo/statistics.py", line 48, in sales
    url, yearly_sales_data = linear_sales_trend()
                             ^^^^^^^^^^^^^^^^^^^^
  File "/home/falcram/BSUIR/IGI/253504_DUBOVIK_8/IGI/LR5/ZooApp/Zoo/statistics.py", line 85, in linear_sales_trend
    years, sales = yearly_sales_trend()
                   ^^^^^^^^^^^^^^^^^^^^
  File "/home/falcram/BSUIR/IGI/253504_DUBOVIK_8/IGI/LR5/ZooApp/Zoo/statistics.py", line 75, in yearly_sales_trend
    sales = yearly_sales_report(year)
            ^^^^^^^^^^^^^^^^^^^^^^^^^
  File "/home/falcram/BSUIR/IGI/253504_DUBOVIK_8/IGI/LR5/ZooApp/Zoo/statistics.py", line 64, in yearly_sales_report
    orders = Ticket.objects.filter(date_of_visit=year, is_canceled=False)
             ^^^^^^^^^^^^^^^^^^^^^^^^^^^^^^^^^^^^^^^^^^^^^^^^^^^^^^^^^^^^
  File "/home/falcram/.local/lib/python3.12/site-packages/django/db/models/manager.py", line 87, in manager_method
    return getattr(self.get_queryset(), name)(*args, **kwargs)
           ^^^^^^^^^^^^^^^^^^^^^^^^^^^^^^^^^^^^^^^^^^^^^^^^^^^
  File "/home/falcram/.local/lib/python3.12/site-packages/django/db/models/query.py", line 1476, in filter
    return self._filter_or_exclude(False, args, kwargs)
           ^^^^^^^^^^^^^^^^^^^^^^^^^^^^^^^^^^^^^^^^^^^^
  File "/home/falcram/.local/lib/python3.12/site-packages/django/db/models/query.py", line 1494, in _filter_or_exclude
    clone._filter_or_exclude_inplace(negate, args, kwargs)
  File "/home/falcram/.local/lib/python3.12/site-packages/django/db/models/query.py", line 1501, in _filter_or_exclude_inplace
    self._query.add_q(Q(*args, **kwargs))
  File "/home/falcram/.local/lib/python3.12/site-packages/django/db/models/sql/query.py", line 1613, in add_q
    clause, _ = self._add_q(q_object, self.used_aliases)
                ^^^^^^^^^^^^^^^^^^^^^^^^^^^^^^^^^^^^^^^^
  File "/home/falcram/.local/lib/python3.12/site-packages/django/db/models/sql/query.py", line 1645, in _add_q
    child_clause, needed_inner = self.build_filter(
                                 ^^^^^^^^^^^^^^^^^^
  File "/home/falcram/.local/lib/python3.12/site-packages/django/db/models/sql/query.py", line 1559, in build_filter
    condition = self.build_lookup(lookups, col, value)
                ^^^^^^^^^^^^^^^^^^^^^^^^^^^^^^^^^^^^^^
  File "/home/falcram/.local/lib/python3.12/site-packages/django/db/models/sql/query.py", line 1389, in build_lookup
    lookup = lookup_class(lhs, rhs)
             ^^^^^^^^^^^^^^^^^^^^^^
  File "/home/falcram/.local/lib/python3.12/site-packages/django/db/models/lookups.py", line 30, in __init__
    self.rhs = self.get_prep_lookup()
               ^^^^^^^^^^^^^^^^^^^^^^
  File "/home/falcram/.local/lib/python3.12/site-packages/django/db/models/lookups.py", line 364, in get_prep_lookup
    return super().get_prep_lookup()
           ^^^^^^^^^^^^^^^^^^^^^^^^^
  File "/home/falcram/.local/lib/python3.12/site-packages/django/db/models/lookups.py", line 88, in get_prep_lookup
    return self.lhs.output_field.get_prep_value(self.rhs)
           ^^^^^^^^^^^^^^^^^^^^^^^^^^^^^^^^^^^^^^^^^^^^^^
  File "/home/falcram/.local/lib/python3.12/site-packages/django/db/models/fields/__init__.py", line 1649, in get_prep_value
    value = super().get_prep_value(value)
            ^^^^^^^^^^^^^^^^^^^^^^^^^^^^^
  File "/home/falcram/.local/lib/python3.12/site-packages/django/db/models/fields/__init__.py", line 1525, in get_prep_value
    return self.to_python(value)
           ^^^^^^^^^^^^^^^^^^^^^
  File "/home/falcram/.local/lib/python3.12/site-packages/django/db/models/fields/__init__.py", line 1610, in to_python
    parsed = parse_datetime(value)
             ^^^^^^^^^^^^^^^^^^^^^
  File "/home/falcram/.local/lib/python3.12/site-packages/django/utils/dateparse.py", line 114, in parse_datetime
    return datetime.datetime.fromisoformat(value)
           ^^^^^^^^^^^^^^^^^^^^^^^^^^^^^^^^^^^^^^
TypeError: fromisoformat: argument must be str
2024-06-10 15:22:57,044 INFO /home/falcram/BSUIR/IGI/253504_DUBOVIK_8/IGI/LR5/ZooApp/Zoo/statistics.py changed, reloading.
2024-06-10 15:22:58,750 ERROR Internal Server Error: /sales
Traceback (most recent call last):
  File "/home/falcram/.local/lib/python3.12/site-packages/django/core/handlers/exception.py", line 55, in inner
    response = get_response(request)
               ^^^^^^^^^^^^^^^^^^^^^
  File "/home/falcram/.local/lib/python3.12/site-packages/django/core/handlers/base.py", line 197, in _get_response
    response = wrapped_callback(request, *callback_args, **callback_kwargs)
               ^^^^^^^^^^^^^^^^^^^^^^^^^^^^^^^^^^^^^^^^^^^^^^^^^^^^^^^^^^^^
  File "/home/falcram/BSUIR/IGI/253504_DUBOVIK_8/IGI/LR5/ZooApp/Zoo/statistics.py", line 48, in sales
    url, yearly_sales_data = linear_sales_trend()
                             ^^^^^^^^^^^^^^^^^^^^
  File "/home/falcram/BSUIR/IGI/253504_DUBOVIK_8/IGI/LR5/ZooApp/Zoo/statistics.py", line 86, in linear_sales_trend
    years, sales = yearly_sales_trend()
                   ^^^^^^^^^^^^^^^^^^^^
  File "/home/falcram/BSUIR/IGI/253504_DUBOVIK_8/IGI/LR5/ZooApp/Zoo/statistics.py", line 76, in yearly_sales_trend
    sales = yearly_sales_report(year)
            ^^^^^^^^^^^^^^^^^^^^^^^^^
  File "/home/falcram/BSUIR/IGI/253504_DUBOVIK_8/IGI/LR5/ZooApp/Zoo/statistics.py", line 65, in yearly_sales_report
    orders = Ticket.objects.filter(date_of_visit=year, is_canceled=False)
             ^^^^^^^^^^^^^^^^^^^^^^^^^^^^^^^^^^^^^^^^^^^^^^^^^^^^^^^^^^^^
  File "/home/falcram/.local/lib/python3.12/site-packages/django/db/models/manager.py", line 87, in manager_method
    return getattr(self.get_queryset(), name)(*args, **kwargs)
           ^^^^^^^^^^^^^^^^^^^^^^^^^^^^^^^^^^^^^^^^^^^^^^^^^^^
  File "/home/falcram/.local/lib/python3.12/site-packages/django/db/models/query.py", line 1476, in filter
    return self._filter_or_exclude(False, args, kwargs)
           ^^^^^^^^^^^^^^^^^^^^^^^^^^^^^^^^^^^^^^^^^^^^
  File "/home/falcram/.local/lib/python3.12/site-packages/django/db/models/query.py", line 1494, in _filter_or_exclude
    clone._filter_or_exclude_inplace(negate, args, kwargs)
  File "/home/falcram/.local/lib/python3.12/site-packages/django/db/models/query.py", line 1501, in _filter_or_exclude_inplace
    self._query.add_q(Q(*args, **kwargs))
  File "/home/falcram/.local/lib/python3.12/site-packages/django/db/models/sql/query.py", line 1613, in add_q
    clause, _ = self._add_q(q_object, self.used_aliases)
                ^^^^^^^^^^^^^^^^^^^^^^^^^^^^^^^^^^^^^^^^
  File "/home/falcram/.local/lib/python3.12/site-packages/django/db/models/sql/query.py", line 1645, in _add_q
    child_clause, needed_inner = self.build_filter(
                                 ^^^^^^^^^^^^^^^^^^
  File "/home/falcram/.local/lib/python3.12/site-packages/django/db/models/sql/query.py", line 1559, in build_filter
    condition = self.build_lookup(lookups, col, value)
                ^^^^^^^^^^^^^^^^^^^^^^^^^^^^^^^^^^^^^^
  File "/home/falcram/.local/lib/python3.12/site-packages/django/db/models/sql/query.py", line 1389, in build_lookup
    lookup = lookup_class(lhs, rhs)
             ^^^^^^^^^^^^^^^^^^^^^^
  File "/home/falcram/.local/lib/python3.12/site-packages/django/db/models/lookups.py", line 30, in __init__
    self.rhs = self.get_prep_lookup()
               ^^^^^^^^^^^^^^^^^^^^^^
  File "/home/falcram/.local/lib/python3.12/site-packages/django/db/models/lookups.py", line 364, in get_prep_lookup
    return super().get_prep_lookup()
           ^^^^^^^^^^^^^^^^^^^^^^^^^
  File "/home/falcram/.local/lib/python3.12/site-packages/django/db/models/lookups.py", line 88, in get_prep_lookup
    return self.lhs.output_field.get_prep_value(self.rhs)
           ^^^^^^^^^^^^^^^^^^^^^^^^^^^^^^^^^^^^^^^^^^^^^^
  File "/home/falcram/.local/lib/python3.12/site-packages/django/db/models/fields/__init__.py", line 1649, in get_prep_value
    value = super().get_prep_value(value)
            ^^^^^^^^^^^^^^^^^^^^^^^^^^^^^
  File "/home/falcram/.local/lib/python3.12/site-packages/django/db/models/fields/__init__.py", line 1525, in get_prep_value
    return self.to_python(value)
           ^^^^^^^^^^^^^^^^^^^^^
  File "/home/falcram/.local/lib/python3.12/site-packages/django/db/models/fields/__init__.py", line 1610, in to_python
    parsed = parse_datetime(value)
             ^^^^^^^^^^^^^^^^^^^^^
  File "/home/falcram/.local/lib/python3.12/site-packages/django/utils/dateparse.py", line 114, in parse_datetime
    return datetime.datetime.fromisoformat(value)
           ^^^^^^^^^^^^^^^^^^^^^^^^^^^^^^^^^^^^^^
TypeError: fromisoformat: argument must be str
2024-06-10 15:30:49,748 ERROR Internal Server Error: /sales
Traceback (most recent call last):
  File "/home/falcram/.local/lib/python3.12/site-packages/django/core/handlers/exception.py", line 55, in inner
    response = get_response(request)
               ^^^^^^^^^^^^^^^^^^^^^
  File "/home/falcram/.local/lib/python3.12/site-packages/django/core/handlers/base.py", line 197, in _get_response
    response = wrapped_callback(request, *callback_args, **callback_kwargs)
               ^^^^^^^^^^^^^^^^^^^^^^^^^^^^^^^^^^^^^^^^^^^^^^^^^^^^^^^^^^^^
  File "/home/falcram/BSUIR/IGI/253504_DUBOVIK_8/IGI/LR5/ZooApp/Zoo/statistics.py", line 51, in sales
    return render(request, 'sale_stat.html', {'general_sales': general_sales,
           ^^^^^^^^^^^^^^^^^^^^^^^^^^^^^^^^^^^^^^^^^^^^^^^^^^^^^^^^^^^^^^^^^^
  File "/home/falcram/.local/lib/python3.12/site-packages/django/shortcuts.py", line 25, in render
    content = loader.render_to_string(template_name, context, request, using=using)
              ^^^^^^^^^^^^^^^^^^^^^^^^^^^^^^^^^^^^^^^^^^^^^^^^^^^^^^^^^^^^^^^^^^^^^
  File "/home/falcram/.local/lib/python3.12/site-packages/django/template/loader.py", line 62, in render_to_string
    return template.render(context, request)
           ^^^^^^^^^^^^^^^^^^^^^^^^^^^^^^^^^
  File "/home/falcram/.local/lib/python3.12/site-packages/django/template/backends/django.py", line 61, in render
    return self.template.render(context)
           ^^^^^^^^^^^^^^^^^^^^^^^^^^^^^
  File "/home/falcram/.local/lib/python3.12/site-packages/django/template/base.py", line 171, in render
    return self._render(context)
           ^^^^^^^^^^^^^^^^^^^^^
  File "/home/falcram/.local/lib/python3.12/site-packages/django/template/base.py", line 163, in _render
    return self.nodelist.render(context)
           ^^^^^^^^^^^^^^^^^^^^^^^^^^^^^
  File "/home/falcram/.local/lib/python3.12/site-packages/django/template/base.py", line 1000, in render
    return SafeString("".join([node.render_annotated(context) for node in self]))
                               ^^^^^^^^^^^^^^^^^^^^^^^^^^^^^^
  File "/home/falcram/.local/lib/python3.12/site-packages/django/template/base.py", line 961, in render_annotated
    return self.render(context)
           ^^^^^^^^^^^^^^^^^^^^
  File "/home/falcram/.local/lib/python3.12/site-packages/django/template/defaulttags.py", line 479, in render
    url = reverse(view_name, args=args, kwargs=kwargs, current_app=current_app)
          ^^^^^^^^^^^^^^^^^^^^^^^^^^^^^^^^^^^^^^^^^^^^^^^^^^^^^^^^^^^^^^^^^^^^^
  File "/home/falcram/.local/lib/python3.12/site-packages/django/urls/base.py", line 88, in reverse
    return resolver._reverse_with_prefix(view, prefix, *args, **kwargs)
           ^^^^^^^^^^^^^^^^^^^^^^^^^^^^^^^^^^^^^^^^^^^^^^^^^^^^^^^^^^^^
  File "/home/falcram/.local/lib/python3.12/site-packages/django/urls/resolvers.py", line 851, in _reverse_with_prefix
    raise NoReverseMatch(msg)
django.urls.exceptions.NoReverseMatch: Reverse for 'terms' not found. 'terms' is not a valid view function or pattern name.
2024-06-10 15:41:54,447 INFO Tim called ReviewCreateView (status: client) | user's Timezone: Europe/Minsk
2024-06-10 15:42:17,818 INFO ReviewForm has no errors)
2024-06-10 15:42:17,833 INFO Review 'Крутой медведь' was created by Tim 
2024-06-10 15:58:15,629 INFO Tim called UserOrderView | user's Timezone: Europe/Minsk
2024-06-10 16:03:36,445 INFO Tim called UserOrderView | user's Timezone: Europe/Minsk
2024-06-10 16:03:37,969 INFO Tim called UserOrderView | user's Timezone: Europe/Minsk
2024-06-10 16:03:38,379 INFO Tim called UserOrderView | user's Timezone: Europe/Minsk
2024-06-10 16:03:57,554 INFO Tim called UserOrderView | user's Timezone: Europe/Minsk
2024-06-10 16:15:18,876 INFO /home/falcram/BSUIR/IGI/253504_DUBOVIK_8/IGI/LR5/ZooApp/Zoo/statistics.py changed, reloading.
2024-06-10 16:19:03,759 INFO Contact 'Vika_Vet' was updated
2024-06-10 16:19:39,756 INFO Contact 'Director' was created
2024-06-10 16:20:08,847 INFO Tim called OrderCreateView | user's Timezone: Europe/Minsk
2024-06-10 16:20:16,072 INFO OrderForm has no errors
2024-06-10 16:20:16,080 INFO Promocode 1111 used by Tim
2024-06-10 16:20:16,087 INFO Tim called SpecificOrderView | user's Timezone: Europe/Minsk
2024-06-10 16:20:23,006 INFO Tim called UserOrderView | user's Timezone: Europe/Minsk
2024-06-10 16:20:24,098 INFO Tim called SpecificOrderView | user's Timezone: Europe/Minsk
2024-07-25 22:04:26,673 WARNING Not Found: /favicon.ico
2024-07-25 22:22:48,251 INFO Tim called ReviewCreateView (status: client) | user's Timezone: Europe/Minsk
2024-07-25 22:23:01,332 INFO ReviewForm has no errors)
2024-07-25 22:23:01,340 INFO Review 'c' was created by Tim 
2024-09-04 14:29:13,161 WARNING Not Found: /favicon.ico
2024-09-04 14:33:17,727 INFO Tim called OrderCreateView | user's Timezone: Europe/Minsk
2024-09-04 14:34:13,111 INFO Tim called UserOrderView | user's Timezone: Europe/Minsk
2024-09-04 14:34:14,493 INFO Tim called SpecificOrderView | user's Timezone: Europe/Minsk
2024-09-06 17:37:49,844 WARNING Not Found: /favicon.ico
2024-09-07 13:36:37,858 WARNING Not Found: /favicon.ico
2024-09-07 14:57:00,704 WARNING Not Found: /home/falcram/BSUIR/IGI/253504_DUBOVIK_8/STRWEB/LR1/ZooApp/Zoo/templates/home.html
2024-09-07 15:00:38,413 WARNING Not Found: /home/falcram/BSUIR/IGI/253504_DUBOVIK_8/STRWEB/LR1/ZooApp/media/tiger_zoo_logo.jpg
2024-09-07 15:02:12,351 WARNING Not Found: /home/falcram/Pictures/tiger_zoo_logo.jpg
2024-09-09 15:19:54,294 WARNING Not Found: /home/falcram/Pictures/favicon.jpg
2024-09-09 15:21:45,559 WARNING Not Found: /home/falcram/Pictures/icon.png
2024-09-09 15:26:11,973 ERROR Internal Server Error: /
Traceback (most recent call last):
  File "/home/falcram/.local/lib/python3.12/site-packages/django/template/base.py", line 502, in parse
    compile_func = self.tags[command]
                   ~~~~~~~~~^^^^^^^^^
KeyError: 'static'

During handling of the above exception, another exception occurred:

Traceback (most recent call last):
  File "/home/falcram/.local/lib/python3.12/site-packages/django/core/handlers/exception.py", line 55, in inner
    response = get_response(request)
               ^^^^^^^^^^^^^^^^^^^^^
  File "/home/falcram/.local/lib/python3.12/site-packages/django/core/handlers/base.py", line 197, in _get_response
    response = wrapped_callback(request, *callback_args, **callback_kwargs)
               ^^^^^^^^^^^^^^^^^^^^^^^^^^^^^^^^^^^^^^^^^^^^^^^^^^^^^^^^^^^^
  File "/home/falcram/BSUIR/IGI/253504_DUBOVIK_8/STRWEB/LR1/ZooApp/Zoo/views.py", line 42, in home
    return render(request, 'home.html', context)
           ^^^^^^^^^^^^^^^^^^^^^^^^^^^^^^^^^^^^^
  File "/home/falcram/.local/lib/python3.12/site-packages/django/shortcuts.py", line 25, in render
    content = loader.render_to_string(template_name, context, request, using=using)
              ^^^^^^^^^^^^^^^^^^^^^^^^^^^^^^^^^^^^^^^^^^^^^^^^^^^^^^^^^^^^^^^^^^^^^
  File "/home/falcram/.local/lib/python3.12/site-packages/django/template/loader.py", line 61, in render_to_string
    template = get_template(template_name, using=using)
               ^^^^^^^^^^^^^^^^^^^^^^^^^^^^^^^^^^^^^^^^
  File "/home/falcram/.local/lib/python3.12/site-packages/django/template/loader.py", line 15, in get_template
    return engine.get_template(template_name)
           ^^^^^^^^^^^^^^^^^^^^^^^^^^^^^^^^^^
  File "/home/falcram/.local/lib/python3.12/site-packages/django/template/backends/django.py", line 33, in get_template
    return Template(self.engine.get_template(template_name), self)
                    ^^^^^^^^^^^^^^^^^^^^^^^^^^^^^^^^^^^^^^^
  File "/home/falcram/.local/lib/python3.12/site-packages/django/template/engine.py", line 177, in get_template
    template, origin = self.find_template(template_name)
                       ^^^^^^^^^^^^^^^^^^^^^^^^^^^^^^^^^
  File "/home/falcram/.local/lib/python3.12/site-packages/django/template/engine.py", line 159, in find_template
    template = loader.get_template(name, skip=skip)
               ^^^^^^^^^^^^^^^^^^^^^^^^^^^^^^^^^^^^
  File "/home/falcram/.local/lib/python3.12/site-packages/django/template/loaders/cached.py", line 57, in get_template
    template = super().get_template(template_name, skip)
               ^^^^^^^^^^^^^^^^^^^^^^^^^^^^^^^^^^^^^^^^^
  File "/home/falcram/.local/lib/python3.12/site-packages/django/template/loaders/base.py", line 28, in get_template
    return Template(
           ^^^^^^^^^
  File "/home/falcram/.local/lib/python3.12/site-packages/django/template/base.py", line 154, in __init__
    self.nodelist = self.compile_nodelist()
                    ^^^^^^^^^^^^^^^^^^^^^^^
  File "/home/falcram/.local/lib/python3.12/site-packages/django/template/base.py", line 196, in compile_nodelist
    return parser.parse()
           ^^^^^^^^^^^^^^
  File "/home/falcram/.local/lib/python3.12/site-packages/django/template/base.py", line 504, in parse
    self.invalid_block_tag(token, command, parse_until)
  File "/home/falcram/.local/lib/python3.12/site-packages/django/template/base.py", line 565, in invalid_block_tag
    raise self.error(
django.template.exceptions.TemplateSyntaxError: Invalid block tag on line 4: 'static'. Did you forget to register or load this tag?
2024-09-09 15:26:12,035 WARNING Not Found: /favicon.ico
2024-09-09 15:27:26,754 INFO /home/falcram/BSUIR/IGI/253504_DUBOVIK_8/STRWEB/LR1/ZooApp/ZooApp/settings.py changed, reloading.
2024-09-09 15:29:05,583 INFO /home/falcram/BSUIR/IGI/253504_DUBOVIK_8/STRWEB/LR1/ZooApp/ZooApp/settings.py changed, reloading.
2024-09-09 15:29:09,630 ERROR Internal Server Error: /
Traceback (most recent call last):
  File "/home/falcram/.local/lib/python3.12/site-packages/django/template/base.py", line 502, in parse
    compile_func = self.tags[command]
                   ~~~~~~~~~^^^^^^^^^
KeyError: 'static'

During handling of the above exception, another exception occurred:

Traceback (most recent call last):
  File "/home/falcram/.local/lib/python3.12/site-packages/django/core/handlers/exception.py", line 55, in inner
    response = get_response(request)
               ^^^^^^^^^^^^^^^^^^^^^
  File "/home/falcram/.local/lib/python3.12/site-packages/django/core/handlers/base.py", line 197, in _get_response
    response = wrapped_callback(request, *callback_args, **callback_kwargs)
               ^^^^^^^^^^^^^^^^^^^^^^^^^^^^^^^^^^^^^^^^^^^^^^^^^^^^^^^^^^^^
  File "/home/falcram/BSUIR/IGI/253504_DUBOVIK_8/STRWEB/LR1/ZooApp/Zoo/views.py", line 42, in home
    return render(request, 'home.html', context)
           ^^^^^^^^^^^^^^^^^^^^^^^^^^^^^^^^^^^^^
  File "/home/falcram/.local/lib/python3.12/site-packages/django/shortcuts.py", line 25, in render
    content = loader.render_to_string(template_name, context, request, using=using)
              ^^^^^^^^^^^^^^^^^^^^^^^^^^^^^^^^^^^^^^^^^^^^^^^^^^^^^^^^^^^^^^^^^^^^^
  File "/home/falcram/.local/lib/python3.12/site-packages/django/template/loader.py", line 61, in render_to_string
    template = get_template(template_name, using=using)
               ^^^^^^^^^^^^^^^^^^^^^^^^^^^^^^^^^^^^^^^^
  File "/home/falcram/.local/lib/python3.12/site-packages/django/template/loader.py", line 15, in get_template
    return engine.get_template(template_name)
           ^^^^^^^^^^^^^^^^^^^^^^^^^^^^^^^^^^
  File "/home/falcram/.local/lib/python3.12/site-packages/django/template/backends/django.py", line 33, in get_template
    return Template(self.engine.get_template(template_name), self)
                    ^^^^^^^^^^^^^^^^^^^^^^^^^^^^^^^^^^^^^^^
  File "/home/falcram/.local/lib/python3.12/site-packages/django/template/engine.py", line 177, in get_template
    template, origin = self.find_template(template_name)
                       ^^^^^^^^^^^^^^^^^^^^^^^^^^^^^^^^^
  File "/home/falcram/.local/lib/python3.12/site-packages/django/template/engine.py", line 159, in find_template
    template = loader.get_template(name, skip=skip)
               ^^^^^^^^^^^^^^^^^^^^^^^^^^^^^^^^^^^^
  File "/home/falcram/.local/lib/python3.12/site-packages/django/template/loaders/cached.py", line 57, in get_template
    template = super().get_template(template_name, skip)
               ^^^^^^^^^^^^^^^^^^^^^^^^^^^^^^^^^^^^^^^^^
  File "/home/falcram/.local/lib/python3.12/site-packages/django/template/loaders/base.py", line 28, in get_template
    return Template(
           ^^^^^^^^^
  File "/home/falcram/.local/lib/python3.12/site-packages/django/template/base.py", line 154, in __init__
    self.nodelist = self.compile_nodelist()
                    ^^^^^^^^^^^^^^^^^^^^^^^
  File "/home/falcram/.local/lib/python3.12/site-packages/django/template/base.py", line 196, in compile_nodelist
    return parser.parse()
           ^^^^^^^^^^^^^^
  File "/home/falcram/.local/lib/python3.12/site-packages/django/template/base.py", line 504, in parse
    self.invalid_block_tag(token, command, parse_until)
  File "/home/falcram/.local/lib/python3.12/site-packages/django/template/base.py", line 565, in invalid_block_tag
    raise self.error(
django.template.exceptions.TemplateSyntaxError: Invalid block tag on line 4: 'static'. Did you forget to register or load this tag?
2024-09-09 15:29:10,353 ERROR Internal Server Error: /
Traceback (most recent call last):
  File "/home/falcram/.local/lib/python3.12/site-packages/django/template/base.py", line 502, in parse
    compile_func = self.tags[command]
                   ~~~~~~~~~^^^^^^^^^
KeyError: 'static'

During handling of the above exception, another exception occurred:

Traceback (most recent call last):
  File "/home/falcram/.local/lib/python3.12/site-packages/django/core/handlers/exception.py", line 55, in inner
    response = get_response(request)
               ^^^^^^^^^^^^^^^^^^^^^
  File "/home/falcram/.local/lib/python3.12/site-packages/django/core/handlers/base.py", line 197, in _get_response
    response = wrapped_callback(request, *callback_args, **callback_kwargs)
               ^^^^^^^^^^^^^^^^^^^^^^^^^^^^^^^^^^^^^^^^^^^^^^^^^^^^^^^^^^^^
  File "/home/falcram/BSUIR/IGI/253504_DUBOVIK_8/STRWEB/LR1/ZooApp/Zoo/views.py", line 42, in home
    return render(request, 'home.html', context)
           ^^^^^^^^^^^^^^^^^^^^^^^^^^^^^^^^^^^^^
  File "/home/falcram/.local/lib/python3.12/site-packages/django/shortcuts.py", line 25, in render
    content = loader.render_to_string(template_name, context, request, using=using)
              ^^^^^^^^^^^^^^^^^^^^^^^^^^^^^^^^^^^^^^^^^^^^^^^^^^^^^^^^^^^^^^^^^^^^^
  File "/home/falcram/.local/lib/python3.12/site-packages/django/template/loader.py", line 61, in render_to_string
    template = get_template(template_name, using=using)
               ^^^^^^^^^^^^^^^^^^^^^^^^^^^^^^^^^^^^^^^^
  File "/home/falcram/.local/lib/python3.12/site-packages/django/template/loader.py", line 15, in get_template
    return engine.get_template(template_name)
           ^^^^^^^^^^^^^^^^^^^^^^^^^^^^^^^^^^
  File "/home/falcram/.local/lib/python3.12/site-packages/django/template/backends/django.py", line 33, in get_template
    return Template(self.engine.get_template(template_name), self)
                    ^^^^^^^^^^^^^^^^^^^^^^^^^^^^^^^^^^^^^^^
  File "/home/falcram/.local/lib/python3.12/site-packages/django/template/engine.py", line 177, in get_template
    template, origin = self.find_template(template_name)
                       ^^^^^^^^^^^^^^^^^^^^^^^^^^^^^^^^^
  File "/home/falcram/.local/lib/python3.12/site-packages/django/template/engine.py", line 159, in find_template
    template = loader.get_template(name, skip=skip)
               ^^^^^^^^^^^^^^^^^^^^^^^^^^^^^^^^^^^^
  File "/home/falcram/.local/lib/python3.12/site-packages/django/template/loaders/cached.py", line 57, in get_template
    template = super().get_template(template_name, skip)
               ^^^^^^^^^^^^^^^^^^^^^^^^^^^^^^^^^^^^^^^^^
  File "/home/falcram/.local/lib/python3.12/site-packages/django/template/loaders/base.py", line 28, in get_template
    return Template(
           ^^^^^^^^^
  File "/home/falcram/.local/lib/python3.12/site-packages/django/template/base.py", line 154, in __init__
    self.nodelist = self.compile_nodelist()
                    ^^^^^^^^^^^^^^^^^^^^^^^
  File "/home/falcram/.local/lib/python3.12/site-packages/django/template/base.py", line 196, in compile_nodelist
    return parser.parse()
           ^^^^^^^^^^^^^^
  File "/home/falcram/.local/lib/python3.12/site-packages/django/template/base.py", line 504, in parse
    self.invalid_block_tag(token, command, parse_until)
  File "/home/falcram/.local/lib/python3.12/site-packages/django/template/base.py", line 565, in invalid_block_tag
    raise self.error(
django.template.exceptions.TemplateSyntaxError: Invalid block tag on line 4: 'static'. Did you forget to register or load this tag?
2024-09-09 15:29:10,608 ERROR Internal Server Error: /
Traceback (most recent call last):
  File "/home/falcram/.local/lib/python3.12/site-packages/django/template/base.py", line 502, in parse
    compile_func = self.tags[command]
                   ~~~~~~~~~^^^^^^^^^
KeyError: 'static'

During handling of the above exception, another exception occurred:

Traceback (most recent call last):
  File "/home/falcram/.local/lib/python3.12/site-packages/django/core/handlers/exception.py", line 55, in inner
    response = get_response(request)
               ^^^^^^^^^^^^^^^^^^^^^
  File "/home/falcram/.local/lib/python3.12/site-packages/django/core/handlers/base.py", line 197, in _get_response
    response = wrapped_callback(request, *callback_args, **callback_kwargs)
               ^^^^^^^^^^^^^^^^^^^^^^^^^^^^^^^^^^^^^^^^^^^^^^^^^^^^^^^^^^^^
  File "/home/falcram/BSUIR/IGI/253504_DUBOVIK_8/STRWEB/LR1/ZooApp/Zoo/views.py", line 42, in home
    return render(request, 'home.html', context)
           ^^^^^^^^^^^^^^^^^^^^^^^^^^^^^^^^^^^^^
  File "/home/falcram/.local/lib/python3.12/site-packages/django/shortcuts.py", line 25, in render
    content = loader.render_to_string(template_name, context, request, using=using)
              ^^^^^^^^^^^^^^^^^^^^^^^^^^^^^^^^^^^^^^^^^^^^^^^^^^^^^^^^^^^^^^^^^^^^^
  File "/home/falcram/.local/lib/python3.12/site-packages/django/template/loader.py", line 61, in render_to_string
    template = get_template(template_name, using=using)
               ^^^^^^^^^^^^^^^^^^^^^^^^^^^^^^^^^^^^^^^^
  File "/home/falcram/.local/lib/python3.12/site-packages/django/template/loader.py", line 15, in get_template
    return engine.get_template(template_name)
           ^^^^^^^^^^^^^^^^^^^^^^^^^^^^^^^^^^
  File "/home/falcram/.local/lib/python3.12/site-packages/django/template/backends/django.py", line 33, in get_template
    return Template(self.engine.get_template(template_name), self)
                    ^^^^^^^^^^^^^^^^^^^^^^^^^^^^^^^^^^^^^^^
  File "/home/falcram/.local/lib/python3.12/site-packages/django/template/engine.py", line 177, in get_template
    template, origin = self.find_template(template_name)
                       ^^^^^^^^^^^^^^^^^^^^^^^^^^^^^^^^^
  File "/home/falcram/.local/lib/python3.12/site-packages/django/template/engine.py", line 159, in find_template
    template = loader.get_template(name, skip=skip)
               ^^^^^^^^^^^^^^^^^^^^^^^^^^^^^^^^^^^^
  File "/home/falcram/.local/lib/python3.12/site-packages/django/template/loaders/cached.py", line 57, in get_template
    template = super().get_template(template_name, skip)
               ^^^^^^^^^^^^^^^^^^^^^^^^^^^^^^^^^^^^^^^^^
  File "/home/falcram/.local/lib/python3.12/site-packages/django/template/loaders/base.py", line 28, in get_template
    return Template(
           ^^^^^^^^^
  File "/home/falcram/.local/lib/python3.12/site-packages/django/template/base.py", line 154, in __init__
    self.nodelist = self.compile_nodelist()
                    ^^^^^^^^^^^^^^^^^^^^^^^
  File "/home/falcram/.local/lib/python3.12/site-packages/django/template/base.py", line 196, in compile_nodelist
    return parser.parse()
           ^^^^^^^^^^^^^^
  File "/home/falcram/.local/lib/python3.12/site-packages/django/template/base.py", line 504, in parse
    self.invalid_block_tag(token, command, parse_until)
  File "/home/falcram/.local/lib/python3.12/site-packages/django/template/base.py", line 565, in invalid_block_tag
    raise self.error(
django.template.exceptions.TemplateSyntaxError: Invalid block tag on line 4: 'static'. Did you forget to register or load this tag?
2024-09-09 15:29:10,765 ERROR Internal Server Error: /
Traceback (most recent call last):
  File "/home/falcram/.local/lib/python3.12/site-packages/django/template/base.py", line 502, in parse
    compile_func = self.tags[command]
                   ~~~~~~~~~^^^^^^^^^
KeyError: 'static'

During handling of the above exception, another exception occurred:

Traceback (most recent call last):
  File "/home/falcram/.local/lib/python3.12/site-packages/django/core/handlers/exception.py", line 55, in inner
    response = get_response(request)
               ^^^^^^^^^^^^^^^^^^^^^
  File "/home/falcram/.local/lib/python3.12/site-packages/django/core/handlers/base.py", line 197, in _get_response
    response = wrapped_callback(request, *callback_args, **callback_kwargs)
               ^^^^^^^^^^^^^^^^^^^^^^^^^^^^^^^^^^^^^^^^^^^^^^^^^^^^^^^^^^^^
  File "/home/falcram/BSUIR/IGI/253504_DUBOVIK_8/STRWEB/LR1/ZooApp/Zoo/views.py", line 42, in home
    return render(request, 'home.html', context)
           ^^^^^^^^^^^^^^^^^^^^^^^^^^^^^^^^^^^^^
  File "/home/falcram/.local/lib/python3.12/site-packages/django/shortcuts.py", line 25, in render
    content = loader.render_to_string(template_name, context, request, using=using)
              ^^^^^^^^^^^^^^^^^^^^^^^^^^^^^^^^^^^^^^^^^^^^^^^^^^^^^^^^^^^^^^^^^^^^^
  File "/home/falcram/.local/lib/python3.12/site-packages/django/template/loader.py", line 61, in render_to_string
    template = get_template(template_name, using=using)
               ^^^^^^^^^^^^^^^^^^^^^^^^^^^^^^^^^^^^^^^^
  File "/home/falcram/.local/lib/python3.12/site-packages/django/template/loader.py", line 15, in get_template
    return engine.get_template(template_name)
           ^^^^^^^^^^^^^^^^^^^^^^^^^^^^^^^^^^
  File "/home/falcram/.local/lib/python3.12/site-packages/django/template/backends/django.py", line 33, in get_template
    return Template(self.engine.get_template(template_name), self)
                    ^^^^^^^^^^^^^^^^^^^^^^^^^^^^^^^^^^^^^^^
  File "/home/falcram/.local/lib/python3.12/site-packages/django/template/engine.py", line 177, in get_template
    template, origin = self.find_template(template_name)
                       ^^^^^^^^^^^^^^^^^^^^^^^^^^^^^^^^^
  File "/home/falcram/.local/lib/python3.12/site-packages/django/template/engine.py", line 159, in find_template
    template = loader.get_template(name, skip=skip)
               ^^^^^^^^^^^^^^^^^^^^^^^^^^^^^^^^^^^^
  File "/home/falcram/.local/lib/python3.12/site-packages/django/template/loaders/cached.py", line 57, in get_template
    template = super().get_template(template_name, skip)
               ^^^^^^^^^^^^^^^^^^^^^^^^^^^^^^^^^^^^^^^^^
  File "/home/falcram/.local/lib/python3.12/site-packages/django/template/loaders/base.py", line 28, in get_template
    return Template(
           ^^^^^^^^^
  File "/home/falcram/.local/lib/python3.12/site-packages/django/template/base.py", line 154, in __init__
    self.nodelist = self.compile_nodelist()
                    ^^^^^^^^^^^^^^^^^^^^^^^
  File "/home/falcram/.local/lib/python3.12/site-packages/django/template/base.py", line 196, in compile_nodelist
    return parser.parse()
           ^^^^^^^^^^^^^^
  File "/home/falcram/.local/lib/python3.12/site-packages/django/template/base.py", line 504, in parse
    self.invalid_block_tag(token, command, parse_until)
  File "/home/falcram/.local/lib/python3.12/site-packages/django/template/base.py", line 565, in invalid_block_tag
    raise self.error(
django.template.exceptions.TemplateSyntaxError: Invalid block tag on line 4: 'static'. Did you forget to register or load this tag?
2024-09-09 15:29:11,068 ERROR Internal Server Error: /
Traceback (most recent call last):
  File "/home/falcram/.local/lib/python3.12/site-packages/django/template/base.py", line 502, in parse
    compile_func = self.tags[command]
                   ~~~~~~~~~^^^^^^^^^
KeyError: 'static'

During handling of the above exception, another exception occurred:

Traceback (most recent call last):
  File "/home/falcram/.local/lib/python3.12/site-packages/django/core/handlers/exception.py", line 55, in inner
    response = get_response(request)
               ^^^^^^^^^^^^^^^^^^^^^
  File "/home/falcram/.local/lib/python3.12/site-packages/django/core/handlers/base.py", line 197, in _get_response
    response = wrapped_callback(request, *callback_args, **callback_kwargs)
               ^^^^^^^^^^^^^^^^^^^^^^^^^^^^^^^^^^^^^^^^^^^^^^^^^^^^^^^^^^^^
  File "/home/falcram/BSUIR/IGI/253504_DUBOVIK_8/STRWEB/LR1/ZooApp/Zoo/views.py", line 42, in home
    return render(request, 'home.html', context)
           ^^^^^^^^^^^^^^^^^^^^^^^^^^^^^^^^^^^^^
  File "/home/falcram/.local/lib/python3.12/site-packages/django/shortcuts.py", line 25, in render
    content = loader.render_to_string(template_name, context, request, using=using)
              ^^^^^^^^^^^^^^^^^^^^^^^^^^^^^^^^^^^^^^^^^^^^^^^^^^^^^^^^^^^^^^^^^^^^^
  File "/home/falcram/.local/lib/python3.12/site-packages/django/template/loader.py", line 61, in render_to_string
    template = get_template(template_name, using=using)
               ^^^^^^^^^^^^^^^^^^^^^^^^^^^^^^^^^^^^^^^^
  File "/home/falcram/.local/lib/python3.12/site-packages/django/template/loader.py", line 15, in get_template
    return engine.get_template(template_name)
           ^^^^^^^^^^^^^^^^^^^^^^^^^^^^^^^^^^
  File "/home/falcram/.local/lib/python3.12/site-packages/django/template/backends/django.py", line 33, in get_template
    return Template(self.engine.get_template(template_name), self)
                    ^^^^^^^^^^^^^^^^^^^^^^^^^^^^^^^^^^^^^^^
  File "/home/falcram/.local/lib/python3.12/site-packages/django/template/engine.py", line 177, in get_template
    template, origin = self.find_template(template_name)
                       ^^^^^^^^^^^^^^^^^^^^^^^^^^^^^^^^^
  File "/home/falcram/.local/lib/python3.12/site-packages/django/template/engine.py", line 159, in find_template
    template = loader.get_template(name, skip=skip)
               ^^^^^^^^^^^^^^^^^^^^^^^^^^^^^^^^^^^^
  File "/home/falcram/.local/lib/python3.12/site-packages/django/template/loaders/cached.py", line 57, in get_template
    template = super().get_template(template_name, skip)
               ^^^^^^^^^^^^^^^^^^^^^^^^^^^^^^^^^^^^^^^^^
  File "/home/falcram/.local/lib/python3.12/site-packages/django/template/loaders/base.py", line 28, in get_template
    return Template(
           ^^^^^^^^^
  File "/home/falcram/.local/lib/python3.12/site-packages/django/template/base.py", line 154, in __init__
    self.nodelist = self.compile_nodelist()
                    ^^^^^^^^^^^^^^^^^^^^^^^
  File "/home/falcram/.local/lib/python3.12/site-packages/django/template/base.py", line 196, in compile_nodelist
    return parser.parse()
           ^^^^^^^^^^^^^^
  File "/home/falcram/.local/lib/python3.12/site-packages/django/template/base.py", line 504, in parse
    self.invalid_block_tag(token, command, parse_until)
  File "/home/falcram/.local/lib/python3.12/site-packages/django/template/base.py", line 565, in invalid_block_tag
    raise self.error(
django.template.exceptions.TemplateSyntaxError: Invalid block tag on line 4: 'static'. Did you forget to register or load this tag?
2024-09-09 15:30:19,166 ERROR Internal Server Error: /
Traceback (most recent call last):
  File "/home/falcram/.local/lib/python3.12/site-packages/django/template/base.py", line 502, in parse
    compile_func = self.tags[command]
                   ~~~~~~~~~^^^^^^^^^
KeyError: 'static'

During handling of the above exception, another exception occurred:

Traceback (most recent call last):
  File "/home/falcram/.local/lib/python3.12/site-packages/django/core/handlers/exception.py", line 55, in inner
    response = get_response(request)
               ^^^^^^^^^^^^^^^^^^^^^
  File "/home/falcram/.local/lib/python3.12/site-packages/django/core/handlers/base.py", line 197, in _get_response
    response = wrapped_callback(request, *callback_args, **callback_kwargs)
               ^^^^^^^^^^^^^^^^^^^^^^^^^^^^^^^^^^^^^^^^^^^^^^^^^^^^^^^^^^^^
  File "/home/falcram/BSUIR/IGI/253504_DUBOVIK_8/STRWEB/LR1/ZooApp/Zoo/views.py", line 42, in home
    return render(request, 'home.html', context)
           ^^^^^^^^^^^^^^^^^^^^^^^^^^^^^^^^^^^^^
  File "/home/falcram/.local/lib/python3.12/site-packages/django/shortcuts.py", line 25, in render
    content = loader.render_to_string(template_name, context, request, using=using)
              ^^^^^^^^^^^^^^^^^^^^^^^^^^^^^^^^^^^^^^^^^^^^^^^^^^^^^^^^^^^^^^^^^^^^^
  File "/home/falcram/.local/lib/python3.12/site-packages/django/template/loader.py", line 61, in render_to_string
    template = get_template(template_name, using=using)
               ^^^^^^^^^^^^^^^^^^^^^^^^^^^^^^^^^^^^^^^^
  File "/home/falcram/.local/lib/python3.12/site-packages/django/template/loader.py", line 15, in get_template
    return engine.get_template(template_name)
           ^^^^^^^^^^^^^^^^^^^^^^^^^^^^^^^^^^
  File "/home/falcram/.local/lib/python3.12/site-packages/django/template/backends/django.py", line 33, in get_template
    return Template(self.engine.get_template(template_name), self)
                    ^^^^^^^^^^^^^^^^^^^^^^^^^^^^^^^^^^^^^^^
  File "/home/falcram/.local/lib/python3.12/site-packages/django/template/engine.py", line 177, in get_template
    template, origin = self.find_template(template_name)
                       ^^^^^^^^^^^^^^^^^^^^^^^^^^^^^^^^^
  File "/home/falcram/.local/lib/python3.12/site-packages/django/template/engine.py", line 159, in find_template
    template = loader.get_template(name, skip=skip)
               ^^^^^^^^^^^^^^^^^^^^^^^^^^^^^^^^^^^^
  File "/home/falcram/.local/lib/python3.12/site-packages/django/template/loaders/cached.py", line 57, in get_template
    template = super().get_template(template_name, skip)
               ^^^^^^^^^^^^^^^^^^^^^^^^^^^^^^^^^^^^^^^^^
  File "/home/falcram/.local/lib/python3.12/site-packages/django/template/loaders/base.py", line 28, in get_template
    return Template(
           ^^^^^^^^^
  File "/home/falcram/.local/lib/python3.12/site-packages/django/template/base.py", line 154, in __init__
    self.nodelist = self.compile_nodelist()
                    ^^^^^^^^^^^^^^^^^^^^^^^
  File "/home/falcram/.local/lib/python3.12/site-packages/django/template/base.py", line 196, in compile_nodelist
    return parser.parse()
           ^^^^^^^^^^^^^^
  File "/home/falcram/.local/lib/python3.12/site-packages/django/template/base.py", line 504, in parse
    self.invalid_block_tag(token, command, parse_until)
  File "/home/falcram/.local/lib/python3.12/site-packages/django/template/base.py", line 565, in invalid_block_tag
    raise self.error(
django.template.exceptions.TemplateSyntaxError: Invalid block tag on line 4: 'static'. Did you forget to register or load this tag?
2024-09-09 15:31:27,902 INFO /home/falcram/BSUIR/IGI/253504_DUBOVIK_8/STRWEB/LR1/ZooApp/ZooApp/settings.py changed, reloading.
2024-09-09 15:31:35,599 ERROR Internal Server Error: /
Traceback (most recent call last):
  File "/home/falcram/.local/lib/python3.12/site-packages/django/template/base.py", line 502, in parse
    compile_func = self.tags[command]
                   ~~~~~~~~~^^^^^^^^^
KeyError: 'static'

During handling of the above exception, another exception occurred:

Traceback (most recent call last):
  File "/home/falcram/.local/lib/python3.12/site-packages/django/core/handlers/exception.py", line 55, in inner
    response = get_response(request)
               ^^^^^^^^^^^^^^^^^^^^^
  File "/home/falcram/.local/lib/python3.12/site-packages/django/core/handlers/base.py", line 197, in _get_response
    response = wrapped_callback(request, *callback_args, **callback_kwargs)
               ^^^^^^^^^^^^^^^^^^^^^^^^^^^^^^^^^^^^^^^^^^^^^^^^^^^^^^^^^^^^
  File "/home/falcram/BSUIR/IGI/253504_DUBOVIK_8/STRWEB/LR1/ZooApp/Zoo/views.py", line 42, in home
    return render(request, 'home.html', context)
           ^^^^^^^^^^^^^^^^^^^^^^^^^^^^^^^^^^^^^
  File "/home/falcram/.local/lib/python3.12/site-packages/django/shortcuts.py", line 25, in render
    content = loader.render_to_string(template_name, context, request, using=using)
              ^^^^^^^^^^^^^^^^^^^^^^^^^^^^^^^^^^^^^^^^^^^^^^^^^^^^^^^^^^^^^^^^^^^^^
  File "/home/falcram/.local/lib/python3.12/site-packages/django/template/loader.py", line 61, in render_to_string
    template = get_template(template_name, using=using)
               ^^^^^^^^^^^^^^^^^^^^^^^^^^^^^^^^^^^^^^^^
  File "/home/falcram/.local/lib/python3.12/site-packages/django/template/loader.py", line 15, in get_template
    return engine.get_template(template_name)
           ^^^^^^^^^^^^^^^^^^^^^^^^^^^^^^^^^^
  File "/home/falcram/.local/lib/python3.12/site-packages/django/template/backends/django.py", line 33, in get_template
    return Template(self.engine.get_template(template_name), self)
                    ^^^^^^^^^^^^^^^^^^^^^^^^^^^^^^^^^^^^^^^
  File "/home/falcram/.local/lib/python3.12/site-packages/django/template/engine.py", line 177, in get_template
    template, origin = self.find_template(template_name)
                       ^^^^^^^^^^^^^^^^^^^^^^^^^^^^^^^^^
  File "/home/falcram/.local/lib/python3.12/site-packages/django/template/engine.py", line 159, in find_template
    template = loader.get_template(name, skip=skip)
               ^^^^^^^^^^^^^^^^^^^^^^^^^^^^^^^^^^^^
  File "/home/falcram/.local/lib/python3.12/site-packages/django/template/loaders/cached.py", line 57, in get_template
    template = super().get_template(template_name, skip)
               ^^^^^^^^^^^^^^^^^^^^^^^^^^^^^^^^^^^^^^^^^
  File "/home/falcram/.local/lib/python3.12/site-packages/django/template/loaders/base.py", line 28, in get_template
    return Template(
           ^^^^^^^^^
  File "/home/falcram/.local/lib/python3.12/site-packages/django/template/base.py", line 154, in __init__
    self.nodelist = self.compile_nodelist()
                    ^^^^^^^^^^^^^^^^^^^^^^^
  File "/home/falcram/.local/lib/python3.12/site-packages/django/template/base.py", line 196, in compile_nodelist
    return parser.parse()
           ^^^^^^^^^^^^^^
  File "/home/falcram/.local/lib/python3.12/site-packages/django/template/base.py", line 504, in parse
    self.invalid_block_tag(token, command, parse_until)
  File "/home/falcram/.local/lib/python3.12/site-packages/django/template/base.py", line 565, in invalid_block_tag
    raise self.error(
django.template.exceptions.TemplateSyntaxError: Invalid block tag on line 4: 'static'. Did you forget to register or load this tag?
2024-09-09 15:32:10,357 INFO /home/falcram/BSUIR/IGI/253504_DUBOVIK_8/STRWEB/LR1/ZooApp/ZooApp/settings.py changed, reloading.
2024-09-09 15:33:08,030 ERROR Internal Server Error: /
Traceback (most recent call last):
  File "/home/falcram/.local/lib/python3.12/site-packages/django/template/base.py", line 502, in parse
    compile_func = self.tags[command]
                   ~~~~~~~~~^^^^^^^^^
KeyError: 'static'

During handling of the above exception, another exception occurred:

Traceback (most recent call last):
  File "/home/falcram/.local/lib/python3.12/site-packages/django/core/handlers/exception.py", line 55, in inner
    response = get_response(request)
               ^^^^^^^^^^^^^^^^^^^^^
  File "/home/falcram/.local/lib/python3.12/site-packages/django/core/handlers/base.py", line 197, in _get_response
    response = wrapped_callback(request, *callback_args, **callback_kwargs)
               ^^^^^^^^^^^^^^^^^^^^^^^^^^^^^^^^^^^^^^^^^^^^^^^^^^^^^^^^^^^^
  File "/home/falcram/BSUIR/IGI/253504_DUBOVIK_8/STRWEB/LR1/ZooApp/Zoo/views.py", line 42, in home
    return render(request, 'home.html', context)
           ^^^^^^^^^^^^^^^^^^^^^^^^^^^^^^^^^^^^^
  File "/home/falcram/.local/lib/python3.12/site-packages/django/shortcuts.py", line 25, in render
    content = loader.render_to_string(template_name, context, request, using=using)
              ^^^^^^^^^^^^^^^^^^^^^^^^^^^^^^^^^^^^^^^^^^^^^^^^^^^^^^^^^^^^^^^^^^^^^
  File "/home/falcram/.local/lib/python3.12/site-packages/django/template/loader.py", line 61, in render_to_string
    template = get_template(template_name, using=using)
               ^^^^^^^^^^^^^^^^^^^^^^^^^^^^^^^^^^^^^^^^
  File "/home/falcram/.local/lib/python3.12/site-packages/django/template/loader.py", line 15, in get_template
    return engine.get_template(template_name)
           ^^^^^^^^^^^^^^^^^^^^^^^^^^^^^^^^^^
  File "/home/falcram/.local/lib/python3.12/site-packages/django/template/backends/django.py", line 33, in get_template
    return Template(self.engine.get_template(template_name), self)
                    ^^^^^^^^^^^^^^^^^^^^^^^^^^^^^^^^^^^^^^^
  File "/home/falcram/.local/lib/python3.12/site-packages/django/template/engine.py", line 177, in get_template
    template, origin = self.find_template(template_name)
                       ^^^^^^^^^^^^^^^^^^^^^^^^^^^^^^^^^
  File "/home/falcram/.local/lib/python3.12/site-packages/django/template/engine.py", line 159, in find_template
    template = loader.get_template(name, skip=skip)
               ^^^^^^^^^^^^^^^^^^^^^^^^^^^^^^^^^^^^
  File "/home/falcram/.local/lib/python3.12/site-packages/django/template/loaders/cached.py", line 57, in get_template
    template = super().get_template(template_name, skip)
               ^^^^^^^^^^^^^^^^^^^^^^^^^^^^^^^^^^^^^^^^^
  File "/home/falcram/.local/lib/python3.12/site-packages/django/template/loaders/base.py", line 28, in get_template
    return Template(
           ^^^^^^^^^
  File "/home/falcram/.local/lib/python3.12/site-packages/django/template/base.py", line 154, in __init__
    self.nodelist = self.compile_nodelist()
                    ^^^^^^^^^^^^^^^^^^^^^^^
  File "/home/falcram/.local/lib/python3.12/site-packages/django/template/base.py", line 196, in compile_nodelist
    return parser.parse()
           ^^^^^^^^^^^^^^
  File "/home/falcram/.local/lib/python3.12/site-packages/django/template/base.py", line 504, in parse
    self.invalid_block_tag(token, command, parse_until)
  File "/home/falcram/.local/lib/python3.12/site-packages/django/template/base.py", line 565, in invalid_block_tag
    raise self.error(
django.template.exceptions.TemplateSyntaxError: Invalid block tag on line 4: 'static'. Did you forget to register or load this tag?
2024-09-09 15:33:08,734 ERROR Internal Server Error: /
Traceback (most recent call last):
  File "/home/falcram/.local/lib/python3.12/site-packages/django/template/base.py", line 502, in parse
    compile_func = self.tags[command]
                   ~~~~~~~~~^^^^^^^^^
KeyError: 'static'

During handling of the above exception, another exception occurred:

Traceback (most recent call last):
  File "/home/falcram/.local/lib/python3.12/site-packages/django/core/handlers/exception.py", line 55, in inner
    response = get_response(request)
               ^^^^^^^^^^^^^^^^^^^^^
  File "/home/falcram/.local/lib/python3.12/site-packages/django/core/handlers/base.py", line 197, in _get_response
    response = wrapped_callback(request, *callback_args, **callback_kwargs)
               ^^^^^^^^^^^^^^^^^^^^^^^^^^^^^^^^^^^^^^^^^^^^^^^^^^^^^^^^^^^^
  File "/home/falcram/BSUIR/IGI/253504_DUBOVIK_8/STRWEB/LR1/ZooApp/Zoo/views.py", line 42, in home
    return render(request, 'home.html', context)
           ^^^^^^^^^^^^^^^^^^^^^^^^^^^^^^^^^^^^^
  File "/home/falcram/.local/lib/python3.12/site-packages/django/shortcuts.py", line 25, in render
    content = loader.render_to_string(template_name, context, request, using=using)
              ^^^^^^^^^^^^^^^^^^^^^^^^^^^^^^^^^^^^^^^^^^^^^^^^^^^^^^^^^^^^^^^^^^^^^
  File "/home/falcram/.local/lib/python3.12/site-packages/django/template/loader.py", line 61, in render_to_string
    template = get_template(template_name, using=using)
               ^^^^^^^^^^^^^^^^^^^^^^^^^^^^^^^^^^^^^^^^
  File "/home/falcram/.local/lib/python3.12/site-packages/django/template/loader.py", line 15, in get_template
    return engine.get_template(template_name)
           ^^^^^^^^^^^^^^^^^^^^^^^^^^^^^^^^^^
  File "/home/falcram/.local/lib/python3.12/site-packages/django/template/backends/django.py", line 33, in get_template
    return Template(self.engine.get_template(template_name), self)
                    ^^^^^^^^^^^^^^^^^^^^^^^^^^^^^^^^^^^^^^^
  File "/home/falcram/.local/lib/python3.12/site-packages/django/template/engine.py", line 177, in get_template
    template, origin = self.find_template(template_name)
                       ^^^^^^^^^^^^^^^^^^^^^^^^^^^^^^^^^
  File "/home/falcram/.local/lib/python3.12/site-packages/django/template/engine.py", line 159, in find_template
    template = loader.get_template(name, skip=skip)
               ^^^^^^^^^^^^^^^^^^^^^^^^^^^^^^^^^^^^
  File "/home/falcram/.local/lib/python3.12/site-packages/django/template/loaders/cached.py", line 57, in get_template
    template = super().get_template(template_name, skip)
               ^^^^^^^^^^^^^^^^^^^^^^^^^^^^^^^^^^^^^^^^^
  File "/home/falcram/.local/lib/python3.12/site-packages/django/template/loaders/base.py", line 28, in get_template
    return Template(
           ^^^^^^^^^
  File "/home/falcram/.local/lib/python3.12/site-packages/django/template/base.py", line 154, in __init__
    self.nodelist = self.compile_nodelist()
                    ^^^^^^^^^^^^^^^^^^^^^^^
  File "/home/falcram/.local/lib/python3.12/site-packages/django/template/base.py", line 196, in compile_nodelist
    return parser.parse()
           ^^^^^^^^^^^^^^
  File "/home/falcram/.local/lib/python3.12/site-packages/django/template/base.py", line 504, in parse
    self.invalid_block_tag(token, command, parse_until)
  File "/home/falcram/.local/lib/python3.12/site-packages/django/template/base.py", line 565, in invalid_block_tag
    raise self.error(
django.template.exceptions.TemplateSyntaxError: Invalid block tag on line 4: 'static'. Did you forget to register or load this tag?
2024-09-09 15:33:08,853 ERROR Internal Server Error: /
Traceback (most recent call last):
  File "/home/falcram/.local/lib/python3.12/site-packages/django/template/base.py", line 502, in parse
    compile_func = self.tags[command]
                   ~~~~~~~~~^^^^^^^^^
KeyError: 'static'

During handling of the above exception, another exception occurred:

Traceback (most recent call last):
  File "/home/falcram/.local/lib/python3.12/site-packages/django/core/handlers/exception.py", line 55, in inner
    response = get_response(request)
               ^^^^^^^^^^^^^^^^^^^^^
  File "/home/falcram/.local/lib/python3.12/site-packages/django/core/handlers/base.py", line 197, in _get_response
    response = wrapped_callback(request, *callback_args, **callback_kwargs)
               ^^^^^^^^^^^^^^^^^^^^^^^^^^^^^^^^^^^^^^^^^^^^^^^^^^^^^^^^^^^^
  File "/home/falcram/BSUIR/IGI/253504_DUBOVIK_8/STRWEB/LR1/ZooApp/Zoo/views.py", line 42, in home
    return render(request, 'home.html', context)
           ^^^^^^^^^^^^^^^^^^^^^^^^^^^^^^^^^^^^^
  File "/home/falcram/.local/lib/python3.12/site-packages/django/shortcuts.py", line 25, in render
    content = loader.render_to_string(template_name, context, request, using=using)
              ^^^^^^^^^^^^^^^^^^^^^^^^^^^^^^^^^^^^^^^^^^^^^^^^^^^^^^^^^^^^^^^^^^^^^
  File "/home/falcram/.local/lib/python3.12/site-packages/django/template/loader.py", line 61, in render_to_string
    template = get_template(template_name, using=using)
               ^^^^^^^^^^^^^^^^^^^^^^^^^^^^^^^^^^^^^^^^
  File "/home/falcram/.local/lib/python3.12/site-packages/django/template/loader.py", line 15, in get_template
    return engine.get_template(template_name)
           ^^^^^^^^^^^^^^^^^^^^^^^^^^^^^^^^^^
  File "/home/falcram/.local/lib/python3.12/site-packages/django/template/backends/django.py", line 33, in get_template
    return Template(self.engine.get_template(template_name), self)
                    ^^^^^^^^^^^^^^^^^^^^^^^^^^^^^^^^^^^^^^^
  File "/home/falcram/.local/lib/python3.12/site-packages/django/template/engine.py", line 177, in get_template
    template, origin = self.find_template(template_name)
                       ^^^^^^^^^^^^^^^^^^^^^^^^^^^^^^^^^
  File "/home/falcram/.local/lib/python3.12/site-packages/django/template/engine.py", line 159, in find_template
    template = loader.get_template(name, skip=skip)
               ^^^^^^^^^^^^^^^^^^^^^^^^^^^^^^^^^^^^
  File "/home/falcram/.local/lib/python3.12/site-packages/django/template/loaders/cached.py", line 57, in get_template
    template = super().get_template(template_name, skip)
               ^^^^^^^^^^^^^^^^^^^^^^^^^^^^^^^^^^^^^^^^^
  File "/home/falcram/.local/lib/python3.12/site-packages/django/template/loaders/base.py", line 28, in get_template
    return Template(
           ^^^^^^^^^
  File "/home/falcram/.local/lib/python3.12/site-packages/django/template/base.py", line 154, in __init__
    self.nodelist = self.compile_nodelist()
                    ^^^^^^^^^^^^^^^^^^^^^^^
  File "/home/falcram/.local/lib/python3.12/site-packages/django/template/base.py", line 196, in compile_nodelist
    return parser.parse()
           ^^^^^^^^^^^^^^
  File "/home/falcram/.local/lib/python3.12/site-packages/django/template/base.py", line 504, in parse
    self.invalid_block_tag(token, command, parse_until)
  File "/home/falcram/.local/lib/python3.12/site-packages/django/template/base.py", line 565, in invalid_block_tag
    raise self.error(
django.template.exceptions.TemplateSyntaxError: Invalid block tag on line 4: 'static'. Did you forget to register or load this tag?
2024-09-09 15:33:09,008 ERROR Internal Server Error: /
Traceback (most recent call last):
  File "/home/falcram/.local/lib/python3.12/site-packages/django/template/base.py", line 502, in parse
    compile_func = self.tags[command]
                   ~~~~~~~~~^^^^^^^^^
KeyError: 'static'

During handling of the above exception, another exception occurred:

Traceback (most recent call last):
  File "/home/falcram/.local/lib/python3.12/site-packages/django/core/handlers/exception.py", line 55, in inner
    response = get_response(request)
               ^^^^^^^^^^^^^^^^^^^^^
  File "/home/falcram/.local/lib/python3.12/site-packages/django/core/handlers/base.py", line 197, in _get_response
    response = wrapped_callback(request, *callback_args, **callback_kwargs)
               ^^^^^^^^^^^^^^^^^^^^^^^^^^^^^^^^^^^^^^^^^^^^^^^^^^^^^^^^^^^^
  File "/home/falcram/BSUIR/IGI/253504_DUBOVIK_8/STRWEB/LR1/ZooApp/Zoo/views.py", line 42, in home
    return render(request, 'home.html', context)
           ^^^^^^^^^^^^^^^^^^^^^^^^^^^^^^^^^^^^^
  File "/home/falcram/.local/lib/python3.12/site-packages/django/shortcuts.py", line 25, in render
    content = loader.render_to_string(template_name, context, request, using=using)
              ^^^^^^^^^^^^^^^^^^^^^^^^^^^^^^^^^^^^^^^^^^^^^^^^^^^^^^^^^^^^^^^^^^^^^
  File "/home/falcram/.local/lib/python3.12/site-packages/django/template/loader.py", line 61, in render_to_string
    template = get_template(template_name, using=using)
               ^^^^^^^^^^^^^^^^^^^^^^^^^^^^^^^^^^^^^^^^
  File "/home/falcram/.local/lib/python3.12/site-packages/django/template/loader.py", line 15, in get_template
    return engine.get_template(template_name)
           ^^^^^^^^^^^^^^^^^^^^^^^^^^^^^^^^^^
  File "/home/falcram/.local/lib/python3.12/site-packages/django/template/backends/django.py", line 33, in get_template
    return Template(self.engine.get_template(template_name), self)
                    ^^^^^^^^^^^^^^^^^^^^^^^^^^^^^^^^^^^^^^^
  File "/home/falcram/.local/lib/python3.12/site-packages/django/template/engine.py", line 177, in get_template
    template, origin = self.find_template(template_name)
                       ^^^^^^^^^^^^^^^^^^^^^^^^^^^^^^^^^
  File "/home/falcram/.local/lib/python3.12/site-packages/django/template/engine.py", line 159, in find_template
    template = loader.get_template(name, skip=skip)
               ^^^^^^^^^^^^^^^^^^^^^^^^^^^^^^^^^^^^
  File "/home/falcram/.local/lib/python3.12/site-packages/django/template/loaders/cached.py", line 57, in get_template
    template = super().get_template(template_name, skip)
               ^^^^^^^^^^^^^^^^^^^^^^^^^^^^^^^^^^^^^^^^^
  File "/home/falcram/.local/lib/python3.12/site-packages/django/template/loaders/base.py", line 28, in get_template
    return Template(
           ^^^^^^^^^
  File "/home/falcram/.local/lib/python3.12/site-packages/django/template/base.py", line 154, in __init__
    self.nodelist = self.compile_nodelist()
                    ^^^^^^^^^^^^^^^^^^^^^^^
  File "/home/falcram/.local/lib/python3.12/site-packages/django/template/base.py", line 196, in compile_nodelist
    return parser.parse()
           ^^^^^^^^^^^^^^
  File "/home/falcram/.local/lib/python3.12/site-packages/django/template/base.py", line 504, in parse
    self.invalid_block_tag(token, command, parse_until)
  File "/home/falcram/.local/lib/python3.12/site-packages/django/template/base.py", line 565, in invalid_block_tag
    raise self.error(
django.template.exceptions.TemplateSyntaxError: Invalid block tag on line 4: 'static'. Did you forget to register or load this tag?
2024-09-09 15:33:09,137 ERROR Internal Server Error: /
Traceback (most recent call last):
  File "/home/falcram/.local/lib/python3.12/site-packages/django/template/base.py", line 502, in parse
    compile_func = self.tags[command]
                   ~~~~~~~~~^^^^^^^^^
KeyError: 'static'

During handling of the above exception, another exception occurred:

Traceback (most recent call last):
  File "/home/falcram/.local/lib/python3.12/site-packages/django/core/handlers/exception.py", line 55, in inner
    response = get_response(request)
               ^^^^^^^^^^^^^^^^^^^^^
  File "/home/falcram/.local/lib/python3.12/site-packages/django/core/handlers/base.py", line 197, in _get_response
    response = wrapped_callback(request, *callback_args, **callback_kwargs)
               ^^^^^^^^^^^^^^^^^^^^^^^^^^^^^^^^^^^^^^^^^^^^^^^^^^^^^^^^^^^^
  File "/home/falcram/BSUIR/IGI/253504_DUBOVIK_8/STRWEB/LR1/ZooApp/Zoo/views.py", line 42, in home
    return render(request, 'home.html', context)
           ^^^^^^^^^^^^^^^^^^^^^^^^^^^^^^^^^^^^^
  File "/home/falcram/.local/lib/python3.12/site-packages/django/shortcuts.py", line 25, in render
    content = loader.render_to_string(template_name, context, request, using=using)
              ^^^^^^^^^^^^^^^^^^^^^^^^^^^^^^^^^^^^^^^^^^^^^^^^^^^^^^^^^^^^^^^^^^^^^
  File "/home/falcram/.local/lib/python3.12/site-packages/django/template/loader.py", line 61, in render_to_string
    template = get_template(template_name, using=using)
               ^^^^^^^^^^^^^^^^^^^^^^^^^^^^^^^^^^^^^^^^
  File "/home/falcram/.local/lib/python3.12/site-packages/django/template/loader.py", line 15, in get_template
    return engine.get_template(template_name)
           ^^^^^^^^^^^^^^^^^^^^^^^^^^^^^^^^^^
  File "/home/falcram/.local/lib/python3.12/site-packages/django/template/backends/django.py", line 33, in get_template
    return Template(self.engine.get_template(template_name), self)
                    ^^^^^^^^^^^^^^^^^^^^^^^^^^^^^^^^^^^^^^^
  File "/home/falcram/.local/lib/python3.12/site-packages/django/template/engine.py", line 177, in get_template
    template, origin = self.find_template(template_name)
                       ^^^^^^^^^^^^^^^^^^^^^^^^^^^^^^^^^
  File "/home/falcram/.local/lib/python3.12/site-packages/django/template/engine.py", line 159, in find_template
    template = loader.get_template(name, skip=skip)
               ^^^^^^^^^^^^^^^^^^^^^^^^^^^^^^^^^^^^
  File "/home/falcram/.local/lib/python3.12/site-packages/django/template/loaders/cached.py", line 57, in get_template
    template = super().get_template(template_name, skip)
               ^^^^^^^^^^^^^^^^^^^^^^^^^^^^^^^^^^^^^^^^^
  File "/home/falcram/.local/lib/python3.12/site-packages/django/template/loaders/base.py", line 28, in get_template
    return Template(
           ^^^^^^^^^
  File "/home/falcram/.local/lib/python3.12/site-packages/django/template/base.py", line 154, in __init__
    self.nodelist = self.compile_nodelist()
                    ^^^^^^^^^^^^^^^^^^^^^^^
  File "/home/falcram/.local/lib/python3.12/site-packages/django/template/base.py", line 196, in compile_nodelist
    return parser.parse()
           ^^^^^^^^^^^^^^
  File "/home/falcram/.local/lib/python3.12/site-packages/django/template/base.py", line 504, in parse
    self.invalid_block_tag(token, command, parse_until)
  File "/home/falcram/.local/lib/python3.12/site-packages/django/template/base.py", line 565, in invalid_block_tag
    raise self.error(
django.template.exceptions.TemplateSyntaxError: Invalid block tag on line 4: 'static'. Did you forget to register or load this tag?
2024-09-09 15:33:09,299 ERROR Internal Server Error: /
Traceback (most recent call last):
  File "/home/falcram/.local/lib/python3.12/site-packages/django/template/base.py", line 502, in parse
    compile_func = self.tags[command]
                   ~~~~~~~~~^^^^^^^^^
KeyError: 'static'

During handling of the above exception, another exception occurred:

Traceback (most recent call last):
  File "/home/falcram/.local/lib/python3.12/site-packages/django/core/handlers/exception.py", line 55, in inner
    response = get_response(request)
               ^^^^^^^^^^^^^^^^^^^^^
  File "/home/falcram/.local/lib/python3.12/site-packages/django/core/handlers/base.py", line 197, in _get_response
    response = wrapped_callback(request, *callback_args, **callback_kwargs)
               ^^^^^^^^^^^^^^^^^^^^^^^^^^^^^^^^^^^^^^^^^^^^^^^^^^^^^^^^^^^^
  File "/home/falcram/BSUIR/IGI/253504_DUBOVIK_8/STRWEB/LR1/ZooApp/Zoo/views.py", line 42, in home
    return render(request, 'home.html', context)
           ^^^^^^^^^^^^^^^^^^^^^^^^^^^^^^^^^^^^^
  File "/home/falcram/.local/lib/python3.12/site-packages/django/shortcuts.py", line 25, in render
    content = loader.render_to_string(template_name, context, request, using=using)
              ^^^^^^^^^^^^^^^^^^^^^^^^^^^^^^^^^^^^^^^^^^^^^^^^^^^^^^^^^^^^^^^^^^^^^
  File "/home/falcram/.local/lib/python3.12/site-packages/django/template/loader.py", line 61, in render_to_string
    template = get_template(template_name, using=using)
               ^^^^^^^^^^^^^^^^^^^^^^^^^^^^^^^^^^^^^^^^
  File "/home/falcram/.local/lib/python3.12/site-packages/django/template/loader.py", line 15, in get_template
    return engine.get_template(template_name)
           ^^^^^^^^^^^^^^^^^^^^^^^^^^^^^^^^^^
  File "/home/falcram/.local/lib/python3.12/site-packages/django/template/backends/django.py", line 33, in get_template
    return Template(self.engine.get_template(template_name), self)
                    ^^^^^^^^^^^^^^^^^^^^^^^^^^^^^^^^^^^^^^^
  File "/home/falcram/.local/lib/python3.12/site-packages/django/template/engine.py", line 177, in get_template
    template, origin = self.find_template(template_name)
                       ^^^^^^^^^^^^^^^^^^^^^^^^^^^^^^^^^
  File "/home/falcram/.local/lib/python3.12/site-packages/django/template/engine.py", line 159, in find_template
    template = loader.get_template(name, skip=skip)
               ^^^^^^^^^^^^^^^^^^^^^^^^^^^^^^^^^^^^
  File "/home/falcram/.local/lib/python3.12/site-packages/django/template/loaders/cached.py", line 57, in get_template
    template = super().get_template(template_name, skip)
               ^^^^^^^^^^^^^^^^^^^^^^^^^^^^^^^^^^^^^^^^^
  File "/home/falcram/.local/lib/python3.12/site-packages/django/template/loaders/base.py", line 28, in get_template
    return Template(
           ^^^^^^^^^
  File "/home/falcram/.local/lib/python3.12/site-packages/django/template/base.py", line 154, in __init__
    self.nodelist = self.compile_nodelist()
                    ^^^^^^^^^^^^^^^^^^^^^^^
  File "/home/falcram/.local/lib/python3.12/site-packages/django/template/base.py", line 196, in compile_nodelist
    return parser.parse()
           ^^^^^^^^^^^^^^
  File "/home/falcram/.local/lib/python3.12/site-packages/django/template/base.py", line 504, in parse
    self.invalid_block_tag(token, command, parse_until)
  File "/home/falcram/.local/lib/python3.12/site-packages/django/template/base.py", line 565, in invalid_block_tag
    raise self.error(
django.template.exceptions.TemplateSyntaxError: Invalid block tag on line 4: 'static'. Did you forget to register or load this tag?
2024-09-09 15:33:09,485 ERROR Internal Server Error: /
Traceback (most recent call last):
  File "/home/falcram/.local/lib/python3.12/site-packages/django/template/base.py", line 502, in parse
    compile_func = self.tags[command]
                   ~~~~~~~~~^^^^^^^^^
KeyError: 'static'

During handling of the above exception, another exception occurred:

Traceback (most recent call last):
  File "/home/falcram/.local/lib/python3.12/site-packages/django/core/handlers/exception.py", line 55, in inner
    response = get_response(request)
               ^^^^^^^^^^^^^^^^^^^^^
  File "/home/falcram/.local/lib/python3.12/site-packages/django/core/handlers/base.py", line 197, in _get_response
    response = wrapped_callback(request, *callback_args, **callback_kwargs)
               ^^^^^^^^^^^^^^^^^^^^^^^^^^^^^^^^^^^^^^^^^^^^^^^^^^^^^^^^^^^^
  File "/home/falcram/BSUIR/IGI/253504_DUBOVIK_8/STRWEB/LR1/ZooApp/Zoo/views.py", line 42, in home
    return render(request, 'home.html', context)
           ^^^^^^^^^^^^^^^^^^^^^^^^^^^^^^^^^^^^^
  File "/home/falcram/.local/lib/python3.12/site-packages/django/shortcuts.py", line 25, in render
    content = loader.render_to_string(template_name, context, request, using=using)
              ^^^^^^^^^^^^^^^^^^^^^^^^^^^^^^^^^^^^^^^^^^^^^^^^^^^^^^^^^^^^^^^^^^^^^
  File "/home/falcram/.local/lib/python3.12/site-packages/django/template/loader.py", line 61, in render_to_string
    template = get_template(template_name, using=using)
               ^^^^^^^^^^^^^^^^^^^^^^^^^^^^^^^^^^^^^^^^
  File "/home/falcram/.local/lib/python3.12/site-packages/django/template/loader.py", line 15, in get_template
    return engine.get_template(template_name)
           ^^^^^^^^^^^^^^^^^^^^^^^^^^^^^^^^^^
  File "/home/falcram/.local/lib/python3.12/site-packages/django/template/backends/django.py", line 33, in get_template
    return Template(self.engine.get_template(template_name), self)
                    ^^^^^^^^^^^^^^^^^^^^^^^^^^^^^^^^^^^^^^^
  File "/home/falcram/.local/lib/python3.12/site-packages/django/template/engine.py", line 177, in get_template
    template, origin = self.find_template(template_name)
                       ^^^^^^^^^^^^^^^^^^^^^^^^^^^^^^^^^
  File "/home/falcram/.local/lib/python3.12/site-packages/django/template/engine.py", line 159, in find_template
    template = loader.get_template(name, skip=skip)
               ^^^^^^^^^^^^^^^^^^^^^^^^^^^^^^^^^^^^
  File "/home/falcram/.local/lib/python3.12/site-packages/django/template/loaders/cached.py", line 57, in get_template
    template = super().get_template(template_name, skip)
               ^^^^^^^^^^^^^^^^^^^^^^^^^^^^^^^^^^^^^^^^^
  File "/home/falcram/.local/lib/python3.12/site-packages/django/template/loaders/base.py", line 28, in get_template
    return Template(
           ^^^^^^^^^
  File "/home/falcram/.local/lib/python3.12/site-packages/django/template/base.py", line 154, in __init__
    self.nodelist = self.compile_nodelist()
                    ^^^^^^^^^^^^^^^^^^^^^^^
  File "/home/falcram/.local/lib/python3.12/site-packages/django/template/base.py", line 196, in compile_nodelist
    return parser.parse()
           ^^^^^^^^^^^^^^
  File "/home/falcram/.local/lib/python3.12/site-packages/django/template/base.py", line 504, in parse
    self.invalid_block_tag(token, command, parse_until)
  File "/home/falcram/.local/lib/python3.12/site-packages/django/template/base.py", line 565, in invalid_block_tag
    raise self.error(
django.template.exceptions.TemplateSyntaxError: Invalid block tag on line 4: 'static'. Did you forget to register or load this tag?
2024-09-09 19:29:54,531 ERROR Internal Server Error: /
Traceback (most recent call last):
  File "/home/falcram/.local/lib/python3.12/site-packages/django/template/base.py", line 502, in parse
    compile_func = self.tags[command]
                   ~~~~~~~~~^^^^^^^^^
KeyError: 'static'

During handling of the above exception, another exception occurred:

Traceback (most recent call last):
  File "/home/falcram/.local/lib/python3.12/site-packages/django/core/handlers/exception.py", line 55, in inner
    response = get_response(request)
               ^^^^^^^^^^^^^^^^^^^^^
  File "/home/falcram/.local/lib/python3.12/site-packages/django/core/handlers/base.py", line 197, in _get_response
    response = wrapped_callback(request, *callback_args, **callback_kwargs)
               ^^^^^^^^^^^^^^^^^^^^^^^^^^^^^^^^^^^^^^^^^^^^^^^^^^^^^^^^^^^^
  File "/home/falcram/BSUIR/IGI/253504_DUBOVIK_8/STRWEB/LR1/ZooApp/Zoo/views.py", line 42, in home
    return render(request, 'home.html', context)
           ^^^^^^^^^^^^^^^^^^^^^^^^^^^^^^^^^^^^^
  File "/home/falcram/.local/lib/python3.12/site-packages/django/shortcuts.py", line 25, in render
    content = loader.render_to_string(template_name, context, request, using=using)
              ^^^^^^^^^^^^^^^^^^^^^^^^^^^^^^^^^^^^^^^^^^^^^^^^^^^^^^^^^^^^^^^^^^^^^
  File "/home/falcram/.local/lib/python3.12/site-packages/django/template/loader.py", line 61, in render_to_string
    template = get_template(template_name, using=using)
               ^^^^^^^^^^^^^^^^^^^^^^^^^^^^^^^^^^^^^^^^
  File "/home/falcram/.local/lib/python3.12/site-packages/django/template/loader.py", line 15, in get_template
    return engine.get_template(template_name)
           ^^^^^^^^^^^^^^^^^^^^^^^^^^^^^^^^^^
  File "/home/falcram/.local/lib/python3.12/site-packages/django/template/backends/django.py", line 33, in get_template
    return Template(self.engine.get_template(template_name), self)
                    ^^^^^^^^^^^^^^^^^^^^^^^^^^^^^^^^^^^^^^^
  File "/home/falcram/.local/lib/python3.12/site-packages/django/template/engine.py", line 177, in get_template
    template, origin = self.find_template(template_name)
                       ^^^^^^^^^^^^^^^^^^^^^^^^^^^^^^^^^
  File "/home/falcram/.local/lib/python3.12/site-packages/django/template/engine.py", line 159, in find_template
    template = loader.get_template(name, skip=skip)
               ^^^^^^^^^^^^^^^^^^^^^^^^^^^^^^^^^^^^
  File "/home/falcram/.local/lib/python3.12/site-packages/django/template/loaders/cached.py", line 57, in get_template
    template = super().get_template(template_name, skip)
               ^^^^^^^^^^^^^^^^^^^^^^^^^^^^^^^^^^^^^^^^^
  File "/home/falcram/.local/lib/python3.12/site-packages/django/template/loaders/base.py", line 28, in get_template
    return Template(
           ^^^^^^^^^
  File "/home/falcram/.local/lib/python3.12/site-packages/django/template/base.py", line 154, in __init__
    self.nodelist = self.compile_nodelist()
                    ^^^^^^^^^^^^^^^^^^^^^^^
  File "/home/falcram/.local/lib/python3.12/site-packages/django/template/base.py", line 196, in compile_nodelist
    return parser.parse()
           ^^^^^^^^^^^^^^
  File "/home/falcram/.local/lib/python3.12/site-packages/django/template/base.py", line 510, in parse
    raise self.error(token, e)
  File "/home/falcram/.local/lib/python3.12/site-packages/django/template/base.py", line 508, in parse
    compiled_result = compile_func(self, token)
                      ^^^^^^^^^^^^^^^^^^^^^^^^^
  File "/home/falcram/.local/lib/python3.12/site-packages/django/template/loader_tags.py", line 295, in do_extends
    nodelist = parser.parse()
               ^^^^^^^^^^^^^^
  File "/home/falcram/.local/lib/python3.12/site-packages/django/template/base.py", line 510, in parse
    raise self.error(token, e)
  File "/home/falcram/.local/lib/python3.12/site-packages/django/template/base.py", line 508, in parse
    compiled_result = compile_func(self, token)
                      ^^^^^^^^^^^^^^^^^^^^^^^^^
  File "/home/falcram/.local/lib/python3.12/site-packages/django/template/loader_tags.py", line 234, in do_block
    nodelist = parser.parse(("endblock",))
               ^^^^^^^^^^^^^^^^^^^^^^^^^^^
  File "/home/falcram/.local/lib/python3.12/site-packages/django/template/base.py", line 504, in parse
    self.invalid_block_tag(token, command, parse_until)
  File "/home/falcram/.local/lib/python3.12/site-packages/django/template/base.py", line 555, in invalid_block_tag
    raise self.error(
django.template.exceptions.TemplateSyntaxError: Invalid block tag on line 13: 'static', expected 'endblock'. Did you forget to register or load this tag?
2024-09-21 15:22:33,847 WARNING Not Found: /favicon.ico
2024-09-26 22:04:59,793 WARNING Not Found: /favicon.ico
2024-09-26 23:20:56,488 WARNING Not Found: /favicon.ico
2024-09-27 10:55:53,208 WARNING Not Found: /favicon.ico
2024-09-27 14:04:23,431 WARNING Not Found: /favicon.ico
2024-09-27 14:13:34,089 INFO Tim called UserOrderView | user's Timezone: Europe/Minsk
2024-09-27 14:13:37,283 INFO Tim called SpecificOrderView | user's Timezone: Europe/Minsk
2024-09-27 14:13:45,492 INFO Tim called OrderCreateView | user's Timezone: Europe/Minsk
2024-09-27 14:13:56,587 INFO Tim called UserOrderView | user's Timezone: Europe/Minsk
2024-09-27 14:13:58,245 INFO Tim called SpecificOrderView | user's Timezone: Europe/Minsk
2024-09-27 14:14:03,637 INFO Order '6' was canceled by Tim
2024-09-27 14:14:03,643 INFO Tim called SpecificOrderView | user's Timezone: Europe/Minsk
2024-09-27 14:14:05,354 INFO Tim called UserOrderView | user's Timezone: Europe/Minsk
2024-09-27 14:14:06,605 INFO Tim called SpecificOrderView | user's Timezone: Europe/Minsk
2024-09-27 14:14:08,186 INFO Order '7' was canceled by Tim
2024-09-27 14:14:08,190 INFO Tim called SpecificOrderView | user's Timezone: Europe/Minsk
2024-09-27 14:14:09,268 INFO Tim called UserOrderView | user's Timezone: Europe/Minsk
2024-09-27 14:14:10,455 INFO Tim called SpecificOrderView | user's Timezone: Europe/Minsk
2024-09-27 14:14:12,247 INFO Tim called UserOrderView | user's Timezone: Europe/Minsk
2024-09-27 14:14:32,152 INFO Tim called SpecificOrderView | user's Timezone: Europe/Minsk
2024-09-27 14:14:36,650 INFO Tim called UserOrderView | user's Timezone: Europe/Minsk
2024-09-27 14:15:09,549 INFO Tim called UserOrderView | user's Timezone: Europe/Minsk
2024-09-27 14:15:36,817 INFO Tim called UserOrderView | user's Timezone: Europe/Minsk
2024-09-27 14:15:38,688 INFO Tim called SpecificOrderView | user's Timezone: Europe/Minsk
2024-09-27 14:15:42,197 INFO Tim called SpecificOrderView | user's Timezone: Europe/Minsk
2024-09-27 14:16:20,522 INFO Tim called UserOrderView | user's Timezone: Europe/Minsk
2024-09-27 14:16:27,840 INFO Tim called SpecificOrderView | user's Timezone: Europe/Minsk
2024-09-27 14:16:51,980 INFO Tim called OrderCreateView | user's Timezone: Europe/Minsk
2024-09-27 14:39:24,787 WARNING Not Found: /tiger.jpg
2024-09-27 14:39:24,819 WARNING Not Found: /zoo-tour.mp4
2024-09-27 14:39:24,820 WARNING Not Found: /lion-roar.mp3
2024-09-27 14:40:58,804 WARNING Not Found: /tiger.jpg
2024-09-27 14:40:58,818 WARNING Not Found: /zoo-tour.mp4
2024-09-27 14:40:58,819 WARNING Not Found: /lion-roar.mp3
2024-09-27 14:45:50,646 WARNING Not Found: /zoo-brochure.pdf
2024-09-27 14:46:39,195 WARNING Not Found: /tiger.jpg
2024-09-27 14:46:39,216 WARNING Not Found: /zoo-tour.mp4
2024-09-27 14:46:39,217 WARNING Not Found: /lion-roar.mp3
2024-09-27 14:46:58,042 WARNING Not Found: /tiger.jpg
2024-09-27 14:46:58,051 WARNING Not Found: /zoo-tour.mp4
2024-09-27 14:46:58,052 WARNING Not Found: /lion-roar.mp3
2024-09-27 14:56:42,773 WARNING Not Found: /zoo-tour.mp4
2024-09-27 14:56:42,774 WARNING Not Found: /lion-roar.mp3
2024-09-27 14:56:42,775 WARNING Not Found: /tiger.jpg
2024-09-27 14:57:10,844 WARNING Not Found: /lion-roar.mp3
2024-09-27 14:57:10,846 WARNING Not Found: /tiger.jpg
2024-09-27 14:57:10,848 WARNING Not Found: /zoo-tour.mp4
2024-09-27 14:58:02,960 WARNING Not Found: /zoo-tour.mp4
2024-09-27 14:58:02,962 WARNING Not Found: /lion-roar.mp3
2024-09-27 14:58:02,963 WARNING Not Found: /tiger.jpg
2024-09-27 14:59:49,979 WARNING Not Found: /zoo-tour.mp4
2024-09-27 14:59:49,980 WARNING Not Found: /lion-roar.mp3
2024-09-27 14:59:49,982 WARNING Not Found: /tiger.jpg
2024-09-27 15:00:52,909 WARNING Not Found: /lion-roar.mp3
2024-09-27 15:00:52,912 WARNING Not Found: /tiger.jpg
2024-09-27 15:00:52,913 WARNING Not Found: /zoo-tour.mp4
2024-09-27 15:00:58,492 WARNING Not Found: /tiger.jpg
2024-09-27 15:00:58,511 WARNING Not Found: /lion-roar.mp3
2024-09-27 15:00:58,513 WARNING Not Found: /zoo-tour.mp4
2024-09-27 15:03:02,780 ERROR Internal Server Error: /htmlstudy
Traceback (most recent call last):
  File "/home/falcram/.local/lib/python3.12/site-packages/django/template/base.py", line 502, in parse
    compile_func = self.tags[command]
                   ~~~~~~~~~^^^^^^^^^
KeyError: 'static'

During handling of the above exception, another exception occurred:

Traceback (most recent call last):
  File "/home/falcram/.local/lib/python3.12/site-packages/django/core/handlers/exception.py", line 55, in inner
    response = get_response(request)
               ^^^^^^^^^^^^^^^^^^^^^
  File "/home/falcram/.local/lib/python3.12/site-packages/django/core/handlers/base.py", line 197, in _get_response
    response = wrapped_callback(request, *callback_args, **callback_kwargs)
               ^^^^^^^^^^^^^^^^^^^^^^^^^^^^^^^^^^^^^^^^^^^^^^^^^^^^^^^^^^^^
  File "/home/falcram/BSUIR/IGI/253504_DUBOVIK_8/STRWEB/LR1/ZooApp/Zoo/views.py", line 362, in htmlstudy_view
    return render(request, 'htmlstudy.html')
           ^^^^^^^^^^^^^^^^^^^^^^^^^^^^^^^^^
  File "/home/falcram/.local/lib/python3.12/site-packages/django/shortcuts.py", line 25, in render
    content = loader.render_to_string(template_name, context, request, using=using)
              ^^^^^^^^^^^^^^^^^^^^^^^^^^^^^^^^^^^^^^^^^^^^^^^^^^^^^^^^^^^^^^^^^^^^^
  File "/home/falcram/.local/lib/python3.12/site-packages/django/template/loader.py", line 61, in render_to_string
    template = get_template(template_name, using=using)
               ^^^^^^^^^^^^^^^^^^^^^^^^^^^^^^^^^^^^^^^^
  File "/home/falcram/.local/lib/python3.12/site-packages/django/template/loader.py", line 15, in get_template
    return engine.get_template(template_name)
           ^^^^^^^^^^^^^^^^^^^^^^^^^^^^^^^^^^
  File "/home/falcram/.local/lib/python3.12/site-packages/django/template/backends/django.py", line 33, in get_template
    return Template(self.engine.get_template(template_name), self)
                    ^^^^^^^^^^^^^^^^^^^^^^^^^^^^^^^^^^^^^^^
  File "/home/falcram/.local/lib/python3.12/site-packages/django/template/engine.py", line 177, in get_template
    template, origin = self.find_template(template_name)
                       ^^^^^^^^^^^^^^^^^^^^^^^^^^^^^^^^^
  File "/home/falcram/.local/lib/python3.12/site-packages/django/template/engine.py", line 159, in find_template
    template = loader.get_template(name, skip=skip)
               ^^^^^^^^^^^^^^^^^^^^^^^^^^^^^^^^^^^^
  File "/home/falcram/.local/lib/python3.12/site-packages/django/template/loaders/cached.py", line 57, in get_template
    template = super().get_template(template_name, skip)
               ^^^^^^^^^^^^^^^^^^^^^^^^^^^^^^^^^^^^^^^^^
  File "/home/falcram/.local/lib/python3.12/site-packages/django/template/loaders/base.py", line 28, in get_template
    return Template(
           ^^^^^^^^^
  File "/home/falcram/.local/lib/python3.12/site-packages/django/template/base.py", line 154, in __init__
    self.nodelist = self.compile_nodelist()
                    ^^^^^^^^^^^^^^^^^^^^^^^
  File "/home/falcram/.local/lib/python3.12/site-packages/django/template/base.py", line 196, in compile_nodelist
    return parser.parse()
           ^^^^^^^^^^^^^^
  File "/home/falcram/.local/lib/python3.12/site-packages/django/template/base.py", line 510, in parse
    raise self.error(token, e)
  File "/home/falcram/.local/lib/python3.12/site-packages/django/template/base.py", line 508, in parse
    compiled_result = compile_func(self, token)
                      ^^^^^^^^^^^^^^^^^^^^^^^^^
  File "/home/falcram/.local/lib/python3.12/site-packages/django/template/loader_tags.py", line 295, in do_extends
    nodelist = parser.parse()
               ^^^^^^^^^^^^^^
  File "/home/falcram/.local/lib/python3.12/site-packages/django/template/base.py", line 510, in parse
    raise self.error(token, e)
  File "/home/falcram/.local/lib/python3.12/site-packages/django/template/base.py", line 508, in parse
    compiled_result = compile_func(self, token)
                      ^^^^^^^^^^^^^^^^^^^^^^^^^
  File "/home/falcram/.local/lib/python3.12/site-packages/django/template/loader_tags.py", line 234, in do_block
    nodelist = parser.parse(("endblock",))
               ^^^^^^^^^^^^^^^^^^^^^^^^^^^
  File "/home/falcram/.local/lib/python3.12/site-packages/django/template/base.py", line 504, in parse
    self.invalid_block_tag(token, command, parse_until)
  File "/home/falcram/.local/lib/python3.12/site-packages/django/template/base.py", line 555, in invalid_block_tag
    raise self.error(
django.template.exceptions.TemplateSyntaxError: Invalid block tag on line 124: 'static', expected 'endblock'. Did you forget to register or load this tag?
2024-09-27 15:06:21,378 ERROR Internal Server Error: /htmlstudy
Traceback (most recent call last):
  File "/home/falcram/.local/lib/python3.12/site-packages/django/template/base.py", line 502, in parse
    compile_func = self.tags[command]
                   ~~~~~~~~~^^^^^^^^^
KeyError: 'static'

During handling of the above exception, another exception occurred:

Traceback (most recent call last):
  File "/home/falcram/.local/lib/python3.12/site-packages/django/core/handlers/exception.py", line 55, in inner
    response = get_response(request)
               ^^^^^^^^^^^^^^^^^^^^^
  File "/home/falcram/.local/lib/python3.12/site-packages/django/core/handlers/base.py", line 197, in _get_response
    response = wrapped_callback(request, *callback_args, **callback_kwargs)
               ^^^^^^^^^^^^^^^^^^^^^^^^^^^^^^^^^^^^^^^^^^^^^^^^^^^^^^^^^^^^
  File "/home/falcram/BSUIR/IGI/253504_DUBOVIK_8/STRWEB/LR1/ZooApp/Zoo/views.py", line 362, in htmlstudy_view
    return render(request, 'htmlstudy.html')
           ^^^^^^^^^^^^^^^^^^^^^^^^^^^^^^^^^
  File "/home/falcram/.local/lib/python3.12/site-packages/django/shortcuts.py", line 25, in render
    content = loader.render_to_string(template_name, context, request, using=using)
              ^^^^^^^^^^^^^^^^^^^^^^^^^^^^^^^^^^^^^^^^^^^^^^^^^^^^^^^^^^^^^^^^^^^^^
  File "/home/falcram/.local/lib/python3.12/site-packages/django/template/loader.py", line 61, in render_to_string
    template = get_template(template_name, using=using)
               ^^^^^^^^^^^^^^^^^^^^^^^^^^^^^^^^^^^^^^^^
  File "/home/falcram/.local/lib/python3.12/site-packages/django/template/loader.py", line 15, in get_template
    return engine.get_template(template_name)
           ^^^^^^^^^^^^^^^^^^^^^^^^^^^^^^^^^^
  File "/home/falcram/.local/lib/python3.12/site-packages/django/template/backends/django.py", line 33, in get_template
    return Template(self.engine.get_template(template_name), self)
                    ^^^^^^^^^^^^^^^^^^^^^^^^^^^^^^^^^^^^^^^
  File "/home/falcram/.local/lib/python3.12/site-packages/django/template/engine.py", line 177, in get_template
    template, origin = self.find_template(template_name)
                       ^^^^^^^^^^^^^^^^^^^^^^^^^^^^^^^^^
  File "/home/falcram/.local/lib/python3.12/site-packages/django/template/engine.py", line 159, in find_template
    template = loader.get_template(name, skip=skip)
               ^^^^^^^^^^^^^^^^^^^^^^^^^^^^^^^^^^^^
  File "/home/falcram/.local/lib/python3.12/site-packages/django/template/loaders/cached.py", line 57, in get_template
    template = super().get_template(template_name, skip)
               ^^^^^^^^^^^^^^^^^^^^^^^^^^^^^^^^^^^^^^^^^
  File "/home/falcram/.local/lib/python3.12/site-packages/django/template/loaders/base.py", line 28, in get_template
    return Template(
           ^^^^^^^^^
  File "/home/falcram/.local/lib/python3.12/site-packages/django/template/base.py", line 154, in __init__
    self.nodelist = self.compile_nodelist()
                    ^^^^^^^^^^^^^^^^^^^^^^^
  File "/home/falcram/.local/lib/python3.12/site-packages/django/template/base.py", line 196, in compile_nodelist
    return parser.parse()
           ^^^^^^^^^^^^^^
  File "/home/falcram/.local/lib/python3.12/site-packages/django/template/base.py", line 510, in parse
    raise self.error(token, e)
  File "/home/falcram/.local/lib/python3.12/site-packages/django/template/base.py", line 508, in parse
    compiled_result = compile_func(self, token)
                      ^^^^^^^^^^^^^^^^^^^^^^^^^
  File "/home/falcram/.local/lib/python3.12/site-packages/django/template/loader_tags.py", line 295, in do_extends
    nodelist = parser.parse()
               ^^^^^^^^^^^^^^
  File "/home/falcram/.local/lib/python3.12/site-packages/django/template/base.py", line 510, in parse
    raise self.error(token, e)
  File "/home/falcram/.local/lib/python3.12/site-packages/django/template/base.py", line 508, in parse
    compiled_result = compile_func(self, token)
                      ^^^^^^^^^^^^^^^^^^^^^^^^^
  File "/home/falcram/.local/lib/python3.12/site-packages/django/template/loader_tags.py", line 234, in do_block
    nodelist = parser.parse(("endblock",))
               ^^^^^^^^^^^^^^^^^^^^^^^^^^^
  File "/home/falcram/.local/lib/python3.12/site-packages/django/template/base.py", line 504, in parse
    self.invalid_block_tag(token, command, parse_until)
  File "/home/falcram/.local/lib/python3.12/site-packages/django/template/base.py", line 555, in invalid_block_tag
    raise self.error(
django.template.exceptions.TemplateSyntaxError: Invalid block tag on line 124: 'static', expected 'endblock'. Did you forget to register or load this tag?
2024-09-27 15:06:22,449 ERROR Internal Server Error: /htmlstudy
Traceback (most recent call last):
  File "/home/falcram/.local/lib/python3.12/site-packages/django/template/base.py", line 502, in parse
    compile_func = self.tags[command]
                   ~~~~~~~~~^^^^^^^^^
KeyError: 'static'

During handling of the above exception, another exception occurred:

Traceback (most recent call last):
  File "/home/falcram/.local/lib/python3.12/site-packages/django/core/handlers/exception.py", line 55, in inner
    response = get_response(request)
               ^^^^^^^^^^^^^^^^^^^^^
  File "/home/falcram/.local/lib/python3.12/site-packages/django/core/handlers/base.py", line 197, in _get_response
    response = wrapped_callback(request, *callback_args, **callback_kwargs)
               ^^^^^^^^^^^^^^^^^^^^^^^^^^^^^^^^^^^^^^^^^^^^^^^^^^^^^^^^^^^^
  File "/home/falcram/BSUIR/IGI/253504_DUBOVIK_8/STRWEB/LR1/ZooApp/Zoo/views.py", line 362, in htmlstudy_view
    return render(request, 'htmlstudy.html')
           ^^^^^^^^^^^^^^^^^^^^^^^^^^^^^^^^^
  File "/home/falcram/.local/lib/python3.12/site-packages/django/shortcuts.py", line 25, in render
    content = loader.render_to_string(template_name, context, request, using=using)
              ^^^^^^^^^^^^^^^^^^^^^^^^^^^^^^^^^^^^^^^^^^^^^^^^^^^^^^^^^^^^^^^^^^^^^
  File "/home/falcram/.local/lib/python3.12/site-packages/django/template/loader.py", line 61, in render_to_string
    template = get_template(template_name, using=using)
               ^^^^^^^^^^^^^^^^^^^^^^^^^^^^^^^^^^^^^^^^
  File "/home/falcram/.local/lib/python3.12/site-packages/django/template/loader.py", line 15, in get_template
    return engine.get_template(template_name)
           ^^^^^^^^^^^^^^^^^^^^^^^^^^^^^^^^^^
  File "/home/falcram/.local/lib/python3.12/site-packages/django/template/backends/django.py", line 33, in get_template
    return Template(self.engine.get_template(template_name), self)
                    ^^^^^^^^^^^^^^^^^^^^^^^^^^^^^^^^^^^^^^^
  File "/home/falcram/.local/lib/python3.12/site-packages/django/template/engine.py", line 177, in get_template
    template, origin = self.find_template(template_name)
                       ^^^^^^^^^^^^^^^^^^^^^^^^^^^^^^^^^
  File "/home/falcram/.local/lib/python3.12/site-packages/django/template/engine.py", line 159, in find_template
    template = loader.get_template(name, skip=skip)
               ^^^^^^^^^^^^^^^^^^^^^^^^^^^^^^^^^^^^
  File "/home/falcram/.local/lib/python3.12/site-packages/django/template/loaders/cached.py", line 57, in get_template
    template = super().get_template(template_name, skip)
               ^^^^^^^^^^^^^^^^^^^^^^^^^^^^^^^^^^^^^^^^^
  File "/home/falcram/.local/lib/python3.12/site-packages/django/template/loaders/base.py", line 28, in get_template
    return Template(
           ^^^^^^^^^
  File "/home/falcram/.local/lib/python3.12/site-packages/django/template/base.py", line 154, in __init__
    self.nodelist = self.compile_nodelist()
                    ^^^^^^^^^^^^^^^^^^^^^^^
  File "/home/falcram/.local/lib/python3.12/site-packages/django/template/base.py", line 196, in compile_nodelist
    return parser.parse()
           ^^^^^^^^^^^^^^
  File "/home/falcram/.local/lib/python3.12/site-packages/django/template/base.py", line 510, in parse
    raise self.error(token, e)
  File "/home/falcram/.local/lib/python3.12/site-packages/django/template/base.py", line 508, in parse
    compiled_result = compile_func(self, token)
                      ^^^^^^^^^^^^^^^^^^^^^^^^^
  File "/home/falcram/.local/lib/python3.12/site-packages/django/template/loader_tags.py", line 295, in do_extends
    nodelist = parser.parse()
               ^^^^^^^^^^^^^^
  File "/home/falcram/.local/lib/python3.12/site-packages/django/template/base.py", line 510, in parse
    raise self.error(token, e)
  File "/home/falcram/.local/lib/python3.12/site-packages/django/template/base.py", line 508, in parse
    compiled_result = compile_func(self, token)
                      ^^^^^^^^^^^^^^^^^^^^^^^^^
  File "/home/falcram/.local/lib/python3.12/site-packages/django/template/loader_tags.py", line 234, in do_block
    nodelist = parser.parse(("endblock",))
               ^^^^^^^^^^^^^^^^^^^^^^^^^^^
  File "/home/falcram/.local/lib/python3.12/site-packages/django/template/base.py", line 504, in parse
    self.invalid_block_tag(token, command, parse_until)
  File "/home/falcram/.local/lib/python3.12/site-packages/django/template/base.py", line 555, in invalid_block_tag
    raise self.error(
django.template.exceptions.TemplateSyntaxError: Invalid block tag on line 124: 'static', expected 'endblock'. Did you forget to register or load this tag?
2024-09-27 15:06:22,879 ERROR Internal Server Error: /htmlstudy
Traceback (most recent call last):
  File "/home/falcram/.local/lib/python3.12/site-packages/django/template/base.py", line 502, in parse
    compile_func = self.tags[command]
                   ~~~~~~~~~^^^^^^^^^
KeyError: 'static'

During handling of the above exception, another exception occurred:

Traceback (most recent call last):
  File "/home/falcram/.local/lib/python3.12/site-packages/django/core/handlers/exception.py", line 55, in inner
    response = get_response(request)
               ^^^^^^^^^^^^^^^^^^^^^
  File "/home/falcram/.local/lib/python3.12/site-packages/django/core/handlers/base.py", line 197, in _get_response
    response = wrapped_callback(request, *callback_args, **callback_kwargs)
               ^^^^^^^^^^^^^^^^^^^^^^^^^^^^^^^^^^^^^^^^^^^^^^^^^^^^^^^^^^^^
  File "/home/falcram/BSUIR/IGI/253504_DUBOVIK_8/STRWEB/LR1/ZooApp/Zoo/views.py", line 362, in htmlstudy_view
    return render(request, 'htmlstudy.html')
           ^^^^^^^^^^^^^^^^^^^^^^^^^^^^^^^^^
  File "/home/falcram/.local/lib/python3.12/site-packages/django/shortcuts.py", line 25, in render
    content = loader.render_to_string(template_name, context, request, using=using)
              ^^^^^^^^^^^^^^^^^^^^^^^^^^^^^^^^^^^^^^^^^^^^^^^^^^^^^^^^^^^^^^^^^^^^^
  File "/home/falcram/.local/lib/python3.12/site-packages/django/template/loader.py", line 61, in render_to_string
    template = get_template(template_name, using=using)
               ^^^^^^^^^^^^^^^^^^^^^^^^^^^^^^^^^^^^^^^^
  File "/home/falcram/.local/lib/python3.12/site-packages/django/template/loader.py", line 15, in get_template
    return engine.get_template(template_name)
           ^^^^^^^^^^^^^^^^^^^^^^^^^^^^^^^^^^
  File "/home/falcram/.local/lib/python3.12/site-packages/django/template/backends/django.py", line 33, in get_template
    return Template(self.engine.get_template(template_name), self)
                    ^^^^^^^^^^^^^^^^^^^^^^^^^^^^^^^^^^^^^^^
  File "/home/falcram/.local/lib/python3.12/site-packages/django/template/engine.py", line 177, in get_template
    template, origin = self.find_template(template_name)
                       ^^^^^^^^^^^^^^^^^^^^^^^^^^^^^^^^^
  File "/home/falcram/.local/lib/python3.12/site-packages/django/template/engine.py", line 159, in find_template
    template = loader.get_template(name, skip=skip)
               ^^^^^^^^^^^^^^^^^^^^^^^^^^^^^^^^^^^^
  File "/home/falcram/.local/lib/python3.12/site-packages/django/template/loaders/cached.py", line 57, in get_template
    template = super().get_template(template_name, skip)
               ^^^^^^^^^^^^^^^^^^^^^^^^^^^^^^^^^^^^^^^^^
  File "/home/falcram/.local/lib/python3.12/site-packages/django/template/loaders/base.py", line 28, in get_template
    return Template(
           ^^^^^^^^^
  File "/home/falcram/.local/lib/python3.12/site-packages/django/template/base.py", line 154, in __init__
    self.nodelist = self.compile_nodelist()
                    ^^^^^^^^^^^^^^^^^^^^^^^
  File "/home/falcram/.local/lib/python3.12/site-packages/django/template/base.py", line 196, in compile_nodelist
    return parser.parse()
           ^^^^^^^^^^^^^^
  File "/home/falcram/.local/lib/python3.12/site-packages/django/template/base.py", line 510, in parse
    raise self.error(token, e)
  File "/home/falcram/.local/lib/python3.12/site-packages/django/template/base.py", line 508, in parse
    compiled_result = compile_func(self, token)
                      ^^^^^^^^^^^^^^^^^^^^^^^^^
  File "/home/falcram/.local/lib/python3.12/site-packages/django/template/loader_tags.py", line 295, in do_extends
    nodelist = parser.parse()
               ^^^^^^^^^^^^^^
  File "/home/falcram/.local/lib/python3.12/site-packages/django/template/base.py", line 510, in parse
    raise self.error(token, e)
  File "/home/falcram/.local/lib/python3.12/site-packages/django/template/base.py", line 508, in parse
    compiled_result = compile_func(self, token)
                      ^^^^^^^^^^^^^^^^^^^^^^^^^
  File "/home/falcram/.local/lib/python3.12/site-packages/django/template/loader_tags.py", line 234, in do_block
    nodelist = parser.parse(("endblock",))
               ^^^^^^^^^^^^^^^^^^^^^^^^^^^
  File "/home/falcram/.local/lib/python3.12/site-packages/django/template/base.py", line 504, in parse
    self.invalid_block_tag(token, command, parse_until)
  File "/home/falcram/.local/lib/python3.12/site-packages/django/template/base.py", line 555, in invalid_block_tag
    raise self.error(
django.template.exceptions.TemplateSyntaxError: Invalid block tag on line 124: 'static', expected 'endblock'. Did you forget to register or load this tag?
2024-09-27 15:06:33,016 ERROR Internal Server Error: /htmlstudy
Traceback (most recent call last):
  File "/home/falcram/.local/lib/python3.12/site-packages/django/template/base.py", line 502, in parse
    compile_func = self.tags[command]
                   ~~~~~~~~~^^^^^^^^^
KeyError: 'static'

During handling of the above exception, another exception occurred:

Traceback (most recent call last):
  File "/home/falcram/.local/lib/python3.12/site-packages/django/core/handlers/exception.py", line 55, in inner
    response = get_response(request)
               ^^^^^^^^^^^^^^^^^^^^^
  File "/home/falcram/.local/lib/python3.12/site-packages/django/core/handlers/base.py", line 197, in _get_response
    response = wrapped_callback(request, *callback_args, **callback_kwargs)
               ^^^^^^^^^^^^^^^^^^^^^^^^^^^^^^^^^^^^^^^^^^^^^^^^^^^^^^^^^^^^
  File "/home/falcram/BSUIR/IGI/253504_DUBOVIK_8/STRWEB/LR1/ZooApp/Zoo/views.py", line 362, in htmlstudy_view
    return render(request, 'htmlstudy.html')
           ^^^^^^^^^^^^^^^^^^^^^^^^^^^^^^^^^
  File "/home/falcram/.local/lib/python3.12/site-packages/django/shortcuts.py", line 25, in render
    content = loader.render_to_string(template_name, context, request, using=using)
              ^^^^^^^^^^^^^^^^^^^^^^^^^^^^^^^^^^^^^^^^^^^^^^^^^^^^^^^^^^^^^^^^^^^^^
  File "/home/falcram/.local/lib/python3.12/site-packages/django/template/loader.py", line 61, in render_to_string
    template = get_template(template_name, using=using)
               ^^^^^^^^^^^^^^^^^^^^^^^^^^^^^^^^^^^^^^^^
  File "/home/falcram/.local/lib/python3.12/site-packages/django/template/loader.py", line 15, in get_template
    return engine.get_template(template_name)
           ^^^^^^^^^^^^^^^^^^^^^^^^^^^^^^^^^^
  File "/home/falcram/.local/lib/python3.12/site-packages/django/template/backends/django.py", line 33, in get_template
    return Template(self.engine.get_template(template_name), self)
                    ^^^^^^^^^^^^^^^^^^^^^^^^^^^^^^^^^^^^^^^
  File "/home/falcram/.local/lib/python3.12/site-packages/django/template/engine.py", line 177, in get_template
    template, origin = self.find_template(template_name)
                       ^^^^^^^^^^^^^^^^^^^^^^^^^^^^^^^^^
  File "/home/falcram/.local/lib/python3.12/site-packages/django/template/engine.py", line 159, in find_template
    template = loader.get_template(name, skip=skip)
               ^^^^^^^^^^^^^^^^^^^^^^^^^^^^^^^^^^^^
  File "/home/falcram/.local/lib/python3.12/site-packages/django/template/loaders/cached.py", line 57, in get_template
    template = super().get_template(template_name, skip)
               ^^^^^^^^^^^^^^^^^^^^^^^^^^^^^^^^^^^^^^^^^
  File "/home/falcram/.local/lib/python3.12/site-packages/django/template/loaders/base.py", line 28, in get_template
    return Template(
           ^^^^^^^^^
  File "/home/falcram/.local/lib/python3.12/site-packages/django/template/base.py", line 154, in __init__
    self.nodelist = self.compile_nodelist()
                    ^^^^^^^^^^^^^^^^^^^^^^^
  File "/home/falcram/.local/lib/python3.12/site-packages/django/template/base.py", line 196, in compile_nodelist
    return parser.parse()
           ^^^^^^^^^^^^^^
  File "/home/falcram/.local/lib/python3.12/site-packages/django/template/base.py", line 510, in parse
    raise self.error(token, e)
  File "/home/falcram/.local/lib/python3.12/site-packages/django/template/base.py", line 508, in parse
    compiled_result = compile_func(self, token)
                      ^^^^^^^^^^^^^^^^^^^^^^^^^
  File "/home/falcram/.local/lib/python3.12/site-packages/django/template/loader_tags.py", line 295, in do_extends
    nodelist = parser.parse()
               ^^^^^^^^^^^^^^
  File "/home/falcram/.local/lib/python3.12/site-packages/django/template/base.py", line 510, in parse
    raise self.error(token, e)
  File "/home/falcram/.local/lib/python3.12/site-packages/django/template/base.py", line 508, in parse
    compiled_result = compile_func(self, token)
                      ^^^^^^^^^^^^^^^^^^^^^^^^^
  File "/home/falcram/.local/lib/python3.12/site-packages/django/template/loader_tags.py", line 234, in do_block
    nodelist = parser.parse(("endblock",))
               ^^^^^^^^^^^^^^^^^^^^^^^^^^^
  File "/home/falcram/.local/lib/python3.12/site-packages/django/template/base.py", line 504, in parse
    self.invalid_block_tag(token, command, parse_until)
  File "/home/falcram/.local/lib/python3.12/site-packages/django/template/base.py", line 555, in invalid_block_tag
    raise self.error(
django.template.exceptions.TemplateSyntaxError: Invalid block tag on line 124: 'static', expected 'endblock'. Did you forget to register or load this tag?
2024-09-27 15:08:20,859 WARNING Not Found: /tiger.jpg
2024-09-27 15:08:20,863 WARNING Not Found: /zoo-tour.mp4
2024-09-27 15:08:20,864 WARNING Not Found: /lion-roar.mp3
2024-09-27 15:11:09,407 WARNING Not Found: /lion-roar.mp3
2024-09-27 15:11:09,409 WARNING Not Found: /zoo-tour.mp4
2024-09-27 15:11:09,412 WARNING Not Found: /lion.jpeg
2024-09-27 15:11:11,716 WARNING Not Found: /lion.jpeg
2024-09-27 15:11:11,738 WARNING Not Found: /lion-roar.mp3
2024-09-27 15:11:11,739 WARNING Not Found: /zoo-tour.mp4
2024-09-27 15:11:11,854 WARNING Not Found: /lion.jpeg
2024-09-27 15:11:11,860 WARNING Not Found: /zoo-tour.mp4
2024-09-27 15:11:11,861 WARNING Not Found: /lion-roar.mp3
2024-09-27 15:11:34,088 WARNING Not Found: /lion.jpeg
2024-09-27 15:11:34,104 WARNING Not Found: /zoo-tour.mp4
2024-09-27 15:11:34,105 WARNING Not Found: /lion-roar.mp3
2024-09-27 15:11:35,150 WARNING Not Found: /lion.jpeg
2024-09-27 15:11:35,161 WARNING Not Found: /zoo-tour.mp4
2024-09-27 15:11:35,162 WARNING Not Found: /lion-roar.mp3
2024-09-27 15:12:36,060 WARNING Not Found: /lion-roar.mp3
2024-09-27 15:12:36,061 WARNING Not Found: /zoo-tour.mp4
2024-09-27 15:12:36,062 WARNING Not Found: /%static images/adlion.jpeg %
2024-09-27 15:12:37,215 WARNING Not Found: /%static images/adlion.jpeg %
2024-09-27 15:12:37,243 WARNING Not Found: /lion-roar.mp3
2024-09-27 15:12:37,244 WARNING Not Found: /zoo-tour.mp4
2024-09-27 15:12:37,724 WARNING Not Found: /%static images/adlion.jpeg %
2024-09-27 15:12:37,738 WARNING Not Found: /zoo-tour.mp4
2024-09-27 15:12:37,739 WARNING Not Found: /lion-roar.mp3
2024-09-27 15:12:49,167 WARNING Not Found: /%static images/adlion.jpg %
2024-09-27 15:12:49,181 WARNING Not Found: /zoo-tour.mp4
2024-09-27 15:12:49,182 WARNING Not Found: /lion-roar.mp3
2024-09-27 15:12:49,949 WARNING Not Found: /%static images/adlion.jpg %
2024-09-27 15:12:49,969 WARNING Not Found: /lion-roar.mp3
2024-09-27 15:12:49,970 WARNING Not Found: /zoo-tour.mp4
2024-09-27 15:12:50,220 WARNING Not Found: /%static images/adlion.jpg %
2024-09-27 15:12:50,236 WARNING Not Found: /zoo-tour.mp4
2024-09-27 15:12:50,237 WARNING Not Found: /lion-roar.mp3
2024-09-27 15:12:50,387 WARNING Not Found: /%static images/adlion.jpg %
2024-09-27 15:12:50,396 WARNING Not Found: /zoo-tour.mp4
2024-09-27 15:12:50,397 WARNING Not Found: /lion-roar.mp3
2024-09-27 15:13:01,355 WARNING Not Found: /%static images/adlion.jpg %
2024-09-27 15:13:01,356 WARNING Not Found: /lion-roar.mp3
2024-09-27 15:13:01,358 WARNING Not Found: /zoo-tour.mp4
2024-09-27 15:13:07,454 WARNING Not Found: /%static images/adlion.jpg %
2024-09-27 15:13:07,473 WARNING Not Found: /lion-roar.mp3
2024-09-27 15:13:07,474 WARNING Not Found: /zoo-tour.mp4
2024-09-27 15:46:12,275 WARNING Not Found: /zoo-tour.mp4
2024-09-27 15:46:12,276 WARNING Not Found: /%static images/adlion.jpg %
2024-09-27 15:46:12,278 WARNING Not Found: /lion-roar.mp3
2024-09-27 15:46:29,452 WARNING Not Found: /%static images/adlion.jpg %
2024-09-27 15:46:29,481 WARNING Not Found: /zoo-tour.mp4
2024-09-27 15:46:29,483 WARNING Not Found: /lion-roar.mp3
2024-09-27 15:49:14,271 WARNING Not Found: /%static images/adlion.jpg %
2024-09-27 15:49:14,272 WARNING Not Found: /lion-roar.mp3
2024-09-27 15:49:14,274 WARNING Not Found: /zoo-tour.mp4
2024-09-27 15:53:24,601 WARNING Not Found: /zoo-tour.mp4
2024-09-27 15:53:24,603 WARNING Not Found: /lion-roar.mp3
2024-09-27 15:53:26,138 WARNING Not Found: /zoo-tour.mp4
2024-09-27 15:53:26,139 WARNING Not Found: /lion-roar.mp3
2024-09-27 15:57:17,773 WARNING Not Found: /lion-roar.mp3
2024-09-27 16:04:30,888 INFO Tim called OrderCreateView | user's Timezone: Europe/Minsk
2024-09-27 16:09:46,690 WARNING Not Found: /lion-roar.mp3
2024-09-27 16:24:11,371 WARNING Not Found: /lion-roar.mp3
2024-09-27 16:29:49,617 WARNING Not Found: /lion-roar.mp3
2024-09-27 16:38:27,459 WARNING Not Found: /lion-roar.mp3
2024-09-27 16:52:01,899 WARNING Not Found: /about/+375(33)3333333
2024-09-27 17:06:45,474 WARNING Not Found: /lion-roar.mp3
2024-09-27 17:07:56,747 WARNING Not Found: /lion-roar.mp3
2024-09-27 17:07:59,742 ERROR Internal Server Error: /about/
Traceback (most recent call last):
  File "/home/falcram/.local/lib/python3.12/site-packages/django/template/base.py", line 502, in parse
    compile_func = self.tags[command]
                   ~~~~~~~~~^^^^^^^^^
KeyError: 'static'

During handling of the above exception, another exception occurred:

Traceback (most recent call last):
  File "/home/falcram/.local/lib/python3.12/site-packages/django/core/handlers/exception.py", line 55, in inner
    response = get_response(request)
               ^^^^^^^^^^^^^^^^^^^^^
  File "/home/falcram/.local/lib/python3.12/site-packages/django/core/handlers/base.py", line 197, in _get_response
    response = wrapped_callback(request, *callback_args, **callback_kwargs)
               ^^^^^^^^^^^^^^^^^^^^^^^^^^^^^^^^^^^^^^^^^^^^^^^^^^^^^^^^^^^^
  File "/home/falcram/BSUIR/IGI/253504_DUBOVIK_8/STRWEB/LR1/ZooApp/Zoo/views.py", line 56, in about_company
    return render(request, 'about.html', {'company_info': info, 'user_id': user_id})
           ^^^^^^^^^^^^^^^^^^^^^^^^^^^^^^^^^^^^^^^^^^^^^^^^^^^^^^^^^^^^^^^^^^^^^^^^^
  File "/home/falcram/.local/lib/python3.12/site-packages/django/shortcuts.py", line 25, in render
    content = loader.render_to_string(template_name, context, request, using=using)
              ^^^^^^^^^^^^^^^^^^^^^^^^^^^^^^^^^^^^^^^^^^^^^^^^^^^^^^^^^^^^^^^^^^^^^
  File "/home/falcram/.local/lib/python3.12/site-packages/django/template/loader.py", line 61, in render_to_string
    template = get_template(template_name, using=using)
               ^^^^^^^^^^^^^^^^^^^^^^^^^^^^^^^^^^^^^^^^
  File "/home/falcram/.local/lib/python3.12/site-packages/django/template/loader.py", line 15, in get_template
    return engine.get_template(template_name)
           ^^^^^^^^^^^^^^^^^^^^^^^^^^^^^^^^^^
  File "/home/falcram/.local/lib/python3.12/site-packages/django/template/backends/django.py", line 33, in get_template
    return Template(self.engine.get_template(template_name), self)
                    ^^^^^^^^^^^^^^^^^^^^^^^^^^^^^^^^^^^^^^^
  File "/home/falcram/.local/lib/python3.12/site-packages/django/template/engine.py", line 177, in get_template
    template, origin = self.find_template(template_name)
                       ^^^^^^^^^^^^^^^^^^^^^^^^^^^^^^^^^
  File "/home/falcram/.local/lib/python3.12/site-packages/django/template/engine.py", line 159, in find_template
    template = loader.get_template(name, skip=skip)
               ^^^^^^^^^^^^^^^^^^^^^^^^^^^^^^^^^^^^
  File "/home/falcram/.local/lib/python3.12/site-packages/django/template/loaders/cached.py", line 57, in get_template
    template = super().get_template(template_name, skip)
               ^^^^^^^^^^^^^^^^^^^^^^^^^^^^^^^^^^^^^^^^^
  File "/home/falcram/.local/lib/python3.12/site-packages/django/template/loaders/base.py", line 28, in get_template
    return Template(
           ^^^^^^^^^
  File "/home/falcram/.local/lib/python3.12/site-packages/django/template/base.py", line 154, in __init__
    self.nodelist = self.compile_nodelist()
                    ^^^^^^^^^^^^^^^^^^^^^^^
  File "/home/falcram/.local/lib/python3.12/site-packages/django/template/base.py", line 196, in compile_nodelist
    return parser.parse()
           ^^^^^^^^^^^^^^
  File "/home/falcram/.local/lib/python3.12/site-packages/django/template/base.py", line 510, in parse
    raise self.error(token, e)
  File "/home/falcram/.local/lib/python3.12/site-packages/django/template/base.py", line 508, in parse
    compiled_result = compile_func(self, token)
                      ^^^^^^^^^^^^^^^^^^^^^^^^^
  File "/home/falcram/.local/lib/python3.12/site-packages/django/template/loader_tags.py", line 295, in do_extends
    nodelist = parser.parse()
               ^^^^^^^^^^^^^^
  File "/home/falcram/.local/lib/python3.12/site-packages/django/template/base.py", line 510, in parse
    raise self.error(token, e)
  File "/home/falcram/.local/lib/python3.12/site-packages/django/template/base.py", line 508, in parse
    compiled_result = compile_func(self, token)
                      ^^^^^^^^^^^^^^^^^^^^^^^^^
  File "/home/falcram/.local/lib/python3.12/site-packages/django/template/loader_tags.py", line 234, in do_block
    nodelist = parser.parse(("endblock",))
               ^^^^^^^^^^^^^^^^^^^^^^^^^^^
  File "/home/falcram/.local/lib/python3.12/site-packages/django/template/base.py", line 504, in parse
    self.invalid_block_tag(token, command, parse_until)
  File "/home/falcram/.local/lib/python3.12/site-packages/django/template/base.py", line 555, in invalid_block_tag
    raise self.error(
django.template.exceptions.TemplateSyntaxError: Invalid block tag on line 10: 'static', expected 'endblock'. Did you forget to register or load this tag?
2024-09-27 17:07:59,797 WARNING Not Found: /favicon.ico
2024-09-27 17:08:01,575 ERROR Internal Server Error: /about/
Traceback (most recent call last):
  File "/home/falcram/.local/lib/python3.12/site-packages/django/template/base.py", line 502, in parse
    compile_func = self.tags[command]
                   ~~~~~~~~~^^^^^^^^^
KeyError: 'static'

During handling of the above exception, another exception occurred:

Traceback (most recent call last):
  File "/home/falcram/.local/lib/python3.12/site-packages/django/core/handlers/exception.py", line 55, in inner
    response = get_response(request)
               ^^^^^^^^^^^^^^^^^^^^^
  File "/home/falcram/.local/lib/python3.12/site-packages/django/core/handlers/base.py", line 197, in _get_response
    response = wrapped_callback(request, *callback_args, **callback_kwargs)
               ^^^^^^^^^^^^^^^^^^^^^^^^^^^^^^^^^^^^^^^^^^^^^^^^^^^^^^^^^^^^
  File "/home/falcram/BSUIR/IGI/253504_DUBOVIK_8/STRWEB/LR1/ZooApp/Zoo/views.py", line 56, in about_company
    return render(request, 'about.html', {'company_info': info, 'user_id': user_id})
           ^^^^^^^^^^^^^^^^^^^^^^^^^^^^^^^^^^^^^^^^^^^^^^^^^^^^^^^^^^^^^^^^^^^^^^^^^
  File "/home/falcram/.local/lib/python3.12/site-packages/django/shortcuts.py", line 25, in render
    content = loader.render_to_string(template_name, context, request, using=using)
              ^^^^^^^^^^^^^^^^^^^^^^^^^^^^^^^^^^^^^^^^^^^^^^^^^^^^^^^^^^^^^^^^^^^^^
  File "/home/falcram/.local/lib/python3.12/site-packages/django/template/loader.py", line 61, in render_to_string
    template = get_template(template_name, using=using)
               ^^^^^^^^^^^^^^^^^^^^^^^^^^^^^^^^^^^^^^^^
  File "/home/falcram/.local/lib/python3.12/site-packages/django/template/loader.py", line 15, in get_template
    return engine.get_template(template_name)
           ^^^^^^^^^^^^^^^^^^^^^^^^^^^^^^^^^^
  File "/home/falcram/.local/lib/python3.12/site-packages/django/template/backends/django.py", line 33, in get_template
    return Template(self.engine.get_template(template_name), self)
                    ^^^^^^^^^^^^^^^^^^^^^^^^^^^^^^^^^^^^^^^
  File "/home/falcram/.local/lib/python3.12/site-packages/django/template/engine.py", line 177, in get_template
    template, origin = self.find_template(template_name)
                       ^^^^^^^^^^^^^^^^^^^^^^^^^^^^^^^^^
  File "/home/falcram/.local/lib/python3.12/site-packages/django/template/engine.py", line 159, in find_template
    template = loader.get_template(name, skip=skip)
               ^^^^^^^^^^^^^^^^^^^^^^^^^^^^^^^^^^^^
  File "/home/falcram/.local/lib/python3.12/site-packages/django/template/loaders/cached.py", line 57, in get_template
    template = super().get_template(template_name, skip)
               ^^^^^^^^^^^^^^^^^^^^^^^^^^^^^^^^^^^^^^^^^
  File "/home/falcram/.local/lib/python3.12/site-packages/django/template/loaders/base.py", line 28, in get_template
    return Template(
           ^^^^^^^^^
  File "/home/falcram/.local/lib/python3.12/site-packages/django/template/base.py", line 154, in __init__
    self.nodelist = self.compile_nodelist()
                    ^^^^^^^^^^^^^^^^^^^^^^^
  File "/home/falcram/.local/lib/python3.12/site-packages/django/template/base.py", line 196, in compile_nodelist
    return parser.parse()
           ^^^^^^^^^^^^^^
  File "/home/falcram/.local/lib/python3.12/site-packages/django/template/base.py", line 510, in parse
    raise self.error(token, e)
  File "/home/falcram/.local/lib/python3.12/site-packages/django/template/base.py", line 508, in parse
    compiled_result = compile_func(self, token)
                      ^^^^^^^^^^^^^^^^^^^^^^^^^
  File "/home/falcram/.local/lib/python3.12/site-packages/django/template/loader_tags.py", line 295, in do_extends
    nodelist = parser.parse()
               ^^^^^^^^^^^^^^
  File "/home/falcram/.local/lib/python3.12/site-packages/django/template/base.py", line 510, in parse
    raise self.error(token, e)
  File "/home/falcram/.local/lib/python3.12/site-packages/django/template/base.py", line 508, in parse
    compiled_result = compile_func(self, token)
                      ^^^^^^^^^^^^^^^^^^^^^^^^^
  File "/home/falcram/.local/lib/python3.12/site-packages/django/template/loader_tags.py", line 234, in do_block
    nodelist = parser.parse(("endblock",))
               ^^^^^^^^^^^^^^^^^^^^^^^^^^^
  File "/home/falcram/.local/lib/python3.12/site-packages/django/template/base.py", line 504, in parse
    self.invalid_block_tag(token, command, parse_until)
  File "/home/falcram/.local/lib/python3.12/site-packages/django/template/base.py", line 555, in invalid_block_tag
    raise self.error(
django.template.exceptions.TemplateSyntaxError: Invalid block tag on line 10: 'static', expected 'endblock'. Did you forget to register or load this tag?
2024-10-03 13:36:04,724 WARNING Not Found: /lion-roar.mp3
2024-10-03 16:07:13,400 WARNING Not Found: /favicon.ico
2024-10-03 16:12:32,487 INFO /home/falcram/BSUIR/IGI/253504_DUBOVIK_8/STRWEB/LR1/ZooApp/Zoo/models.py changed, reloading.
2024-10-03 16:17:07,143 INFO /home/falcram/BSUIR/IGI/253504_DUBOVIK_8/STRWEB/LR1/ZooApp/Zoo/models.py changed, reloading.
2024-10-03 16:54:36,161 INFO /home/falcram/BSUIR/IGI/253504_DUBOVIK_8/STRWEB/LR1/ZooApp/ZooApp/urls.py changed, reloading.
2024-10-03 16:57:40,864 ERROR Internal Server Error: /register/
Traceback (most recent call last):
  File "/home/falcram/.local/lib/python3.12/site-packages/django/core/handlers/exception.py", line 55, in inner
    response = get_response(request)
               ^^^^^^^^^^^^^^^^^^^^^
  File "/home/falcram/.local/lib/python3.12/site-packages/django/core/handlers/base.py", line 197, in _get_response
    response = wrapped_callback(request, *callback_args, **callback_kwargs)
               ^^^^^^^^^^^^^^^^^^^^^^^^^^^^^^^^^^^^^^^^^^^^^^^^^^^^^^^^^^^^
  File "/home/falcram/BSUIR/IGI/253504_DUBOVIK_8/STRWEB/LR1/ZooApp/Zoo/views.py", line 163, in register
    return render(request, 'register.html', {'form': form})
           ^^^^^^^^^^^^^^^^^^^^^^^^^^^^^^^^^^^^^^^^^^^^^^^^
  File "/home/falcram/.local/lib/python3.12/site-packages/django/shortcuts.py", line 25, in render
    content = loader.render_to_string(template_name, context, request, using=using)
              ^^^^^^^^^^^^^^^^^^^^^^^^^^^^^^^^^^^^^^^^^^^^^^^^^^^^^^^^^^^^^^^^^^^^^
  File "/home/falcram/.local/lib/python3.12/site-packages/django/template/loader.py", line 61, in render_to_string
    template = get_template(template_name, using=using)
               ^^^^^^^^^^^^^^^^^^^^^^^^^^^^^^^^^^^^^^^^
  File "/home/falcram/.local/lib/python3.12/site-packages/django/template/loader.py", line 19, in get_template
    raise TemplateDoesNotExist(template_name, chain=chain)
django.template.exceptions.TemplateDoesNotExist: register.html
2024-10-03 16:57:41,657 ERROR Internal Server Error: /register/
Traceback (most recent call last):
  File "/home/falcram/.local/lib/python3.12/site-packages/django/core/handlers/exception.py", line 55, in inner
    response = get_response(request)
               ^^^^^^^^^^^^^^^^^^^^^
  File "/home/falcram/.local/lib/python3.12/site-packages/django/core/handlers/base.py", line 197, in _get_response
    response = wrapped_callback(request, *callback_args, **callback_kwargs)
               ^^^^^^^^^^^^^^^^^^^^^^^^^^^^^^^^^^^^^^^^^^^^^^^^^^^^^^^^^^^^
  File "/home/falcram/BSUIR/IGI/253504_DUBOVIK_8/STRWEB/LR1/ZooApp/Zoo/views.py", line 163, in register
    return render(request, 'register.html', {'form': form})
           ^^^^^^^^^^^^^^^^^^^^^^^^^^^^^^^^^^^^^^^^^^^^^^^^
  File "/home/falcram/.local/lib/python3.12/site-packages/django/shortcuts.py", line 25, in render
    content = loader.render_to_string(template_name, context, request, using=using)
              ^^^^^^^^^^^^^^^^^^^^^^^^^^^^^^^^^^^^^^^^^^^^^^^^^^^^^^^^^^^^^^^^^^^^^
  File "/home/falcram/.local/lib/python3.12/site-packages/django/template/loader.py", line 61, in render_to_string
    template = get_template(template_name, using=using)
               ^^^^^^^^^^^^^^^^^^^^^^^^^^^^^^^^^^^^^^^^
  File "/home/falcram/.local/lib/python3.12/site-packages/django/template/loader.py", line 19, in get_template
    raise TemplateDoesNotExist(template_name, chain=chain)
django.template.exceptions.TemplateDoesNotExist: register.html
2024-10-03 16:57:41,810 ERROR Internal Server Error: /register/
Traceback (most recent call last):
  File "/home/falcram/.local/lib/python3.12/site-packages/django/core/handlers/exception.py", line 55, in inner
    response = get_response(request)
               ^^^^^^^^^^^^^^^^^^^^^
  File "/home/falcram/.local/lib/python3.12/site-packages/django/core/handlers/base.py", line 197, in _get_response
    response = wrapped_callback(request, *callback_args, **callback_kwargs)
               ^^^^^^^^^^^^^^^^^^^^^^^^^^^^^^^^^^^^^^^^^^^^^^^^^^^^^^^^^^^^
  File "/home/falcram/BSUIR/IGI/253504_DUBOVIK_8/STRWEB/LR1/ZooApp/Zoo/views.py", line 163, in register
    return render(request, 'register.html', {'form': form})
           ^^^^^^^^^^^^^^^^^^^^^^^^^^^^^^^^^^^^^^^^^^^^^^^^
  File "/home/falcram/.local/lib/python3.12/site-packages/django/shortcuts.py", line 25, in render
    content = loader.render_to_string(template_name, context, request, using=using)
              ^^^^^^^^^^^^^^^^^^^^^^^^^^^^^^^^^^^^^^^^^^^^^^^^^^^^^^^^^^^^^^^^^^^^^
  File "/home/falcram/.local/lib/python3.12/site-packages/django/template/loader.py", line 61, in render_to_string
    template = get_template(template_name, using=using)
               ^^^^^^^^^^^^^^^^^^^^^^^^^^^^^^^^^^^^^^^^
  File "/home/falcram/.local/lib/python3.12/site-packages/django/template/loader.py", line 19, in get_template
    raise TemplateDoesNotExist(template_name, chain=chain)
django.template.exceptions.TemplateDoesNotExist: register.html
2024-10-03 16:57:48,527 ERROR Internal Server Error: /register/
Traceback (most recent call last):
  File "/home/falcram/.local/lib/python3.12/site-packages/django/core/handlers/exception.py", line 55, in inner
    response = get_response(request)
               ^^^^^^^^^^^^^^^^^^^^^
  File "/home/falcram/.local/lib/python3.12/site-packages/django/core/handlers/base.py", line 197, in _get_response
    response = wrapped_callback(request, *callback_args, **callback_kwargs)
               ^^^^^^^^^^^^^^^^^^^^^^^^^^^^^^^^^^^^^^^^^^^^^^^^^^^^^^^^^^^^
  File "/home/falcram/BSUIR/IGI/253504_DUBOVIK_8/STRWEB/LR1/ZooApp/Zoo/views.py", line 163, in register
    return render(request, 'register.html', {'form': form})
           ^^^^^^^^^^^^^^^^^^^^^^^^^^^^^^^^^^^^^^^^^^^^^^^^
  File "/home/falcram/.local/lib/python3.12/site-packages/django/shortcuts.py", line 25, in render
    content = loader.render_to_string(template_name, context, request, using=using)
              ^^^^^^^^^^^^^^^^^^^^^^^^^^^^^^^^^^^^^^^^^^^^^^^^^^^^^^^^^^^^^^^^^^^^^
  File "/home/falcram/.local/lib/python3.12/site-packages/django/template/loader.py", line 61, in render_to_string
    template = get_template(template_name, using=using)
               ^^^^^^^^^^^^^^^^^^^^^^^^^^^^^^^^^^^^^^^^
  File "/home/falcram/.local/lib/python3.12/site-packages/django/template/loader.py", line 19, in get_template
    raise TemplateDoesNotExist(template_name, chain=chain)
django.template.exceptions.TemplateDoesNotExist: register.html
2024-10-03 16:58:23,745 ERROR Internal Server Error: /register/
Traceback (most recent call last):
  File "/home/falcram/.local/lib/python3.12/site-packages/django/core/handlers/exception.py", line 55, in inner
    response = get_response(request)
               ^^^^^^^^^^^^^^^^^^^^^
  File "/home/falcram/.local/lib/python3.12/site-packages/django/core/handlers/base.py", line 197, in _get_response
    response = wrapped_callback(request, *callback_args, **callback_kwargs)
               ^^^^^^^^^^^^^^^^^^^^^^^^^^^^^^^^^^^^^^^^^^^^^^^^^^^^^^^^^^^^
  File "/home/falcram/BSUIR/IGI/253504_DUBOVIK_8/STRWEB/LR1/ZooApp/Zoo/views.py", line 163, in register
    return render(request, 'register.html', {'form': form})
           ^^^^^^^^^^^^^^^^^^^^^^^^^^^^^^^^^^^^^^^^^^^^^^^^
  File "/home/falcram/.local/lib/python3.12/site-packages/django/shortcuts.py", line 25, in render
    content = loader.render_to_string(template_name, context, request, using=using)
              ^^^^^^^^^^^^^^^^^^^^^^^^^^^^^^^^^^^^^^^^^^^^^^^^^^^^^^^^^^^^^^^^^^^^^
  File "/home/falcram/.local/lib/python3.12/site-packages/django/template/loader.py", line 61, in render_to_string
    template = get_template(template_name, using=using)
               ^^^^^^^^^^^^^^^^^^^^^^^^^^^^^^^^^^^^^^^^
  File "/home/falcram/.local/lib/python3.12/site-packages/django/template/loader.py", line 19, in get_template
    raise TemplateDoesNotExist(template_name, chain=chain)
django.template.exceptions.TemplateDoesNotExist: register.html
2024-10-03 16:58:24,374 ERROR Internal Server Error: /register/
Traceback (most recent call last):
  File "/home/falcram/.local/lib/python3.12/site-packages/django/core/handlers/exception.py", line 55, in inner
    response = get_response(request)
               ^^^^^^^^^^^^^^^^^^^^^
  File "/home/falcram/.local/lib/python3.12/site-packages/django/core/handlers/base.py", line 197, in _get_response
    response = wrapped_callback(request, *callback_args, **callback_kwargs)
               ^^^^^^^^^^^^^^^^^^^^^^^^^^^^^^^^^^^^^^^^^^^^^^^^^^^^^^^^^^^^
  File "/home/falcram/BSUIR/IGI/253504_DUBOVIK_8/STRWEB/LR1/ZooApp/Zoo/views.py", line 163, in register
    return render(request, 'register.html', {'form': form})
           ^^^^^^^^^^^^^^^^^^^^^^^^^^^^^^^^^^^^^^^^^^^^^^^^
  File "/home/falcram/.local/lib/python3.12/site-packages/django/shortcuts.py", line 25, in render
    content = loader.render_to_string(template_name, context, request, using=using)
              ^^^^^^^^^^^^^^^^^^^^^^^^^^^^^^^^^^^^^^^^^^^^^^^^^^^^^^^^^^^^^^^^^^^^^
  File "/home/falcram/.local/lib/python3.12/site-packages/django/template/loader.py", line 61, in render_to_string
    template = get_template(template_name, using=using)
               ^^^^^^^^^^^^^^^^^^^^^^^^^^^^^^^^^^^^^^^^
  File "/home/falcram/.local/lib/python3.12/site-packages/django/template/loader.py", line 19, in get_template
    raise TemplateDoesNotExist(template_name, chain=chain)
django.template.exceptions.TemplateDoesNotExist: register.html
2024-10-03 16:58:24,548 ERROR Internal Server Error: /register/
Traceback (most recent call last):
  File "/home/falcram/.local/lib/python3.12/site-packages/django/core/handlers/exception.py", line 55, in inner
    response = get_response(request)
               ^^^^^^^^^^^^^^^^^^^^^
  File "/home/falcram/.local/lib/python3.12/site-packages/django/core/handlers/base.py", line 197, in _get_response
    response = wrapped_callback(request, *callback_args, **callback_kwargs)
               ^^^^^^^^^^^^^^^^^^^^^^^^^^^^^^^^^^^^^^^^^^^^^^^^^^^^^^^^^^^^
  File "/home/falcram/BSUIR/IGI/253504_DUBOVIK_8/STRWEB/LR1/ZooApp/Zoo/views.py", line 163, in register
    return render(request, 'register.html', {'form': form})
           ^^^^^^^^^^^^^^^^^^^^^^^^^^^^^^^^^^^^^^^^^^^^^^^^
  File "/home/falcram/.local/lib/python3.12/site-packages/django/shortcuts.py", line 25, in render
    content = loader.render_to_string(template_name, context, request, using=using)
              ^^^^^^^^^^^^^^^^^^^^^^^^^^^^^^^^^^^^^^^^^^^^^^^^^^^^^^^^^^^^^^^^^^^^^
  File "/home/falcram/.local/lib/python3.12/site-packages/django/template/loader.py", line 61, in render_to_string
    template = get_template(template_name, using=using)
               ^^^^^^^^^^^^^^^^^^^^^^^^^^^^^^^^^^^^^^^^
  File "/home/falcram/.local/lib/python3.12/site-packages/django/template/loader.py", line 19, in get_template
    raise TemplateDoesNotExist(template_name, chain=chain)
django.template.exceptions.TemplateDoesNotExist: register.html
2024-10-03 17:14:04,458 INFO UT1 called OrderCreateView | user's Timezone: Europe/Minsk
2024-10-03 17:14:07,032 INFO UT1 called UserOrderView | user's Timezone: Europe/Minsk
2024-10-03 23:24:17,628 INFO /home/falcram/BSUIR/IGI/253504_DUBOVIK_8/STRWEB/LR1/ZooApp/ZooApp/urls.py changed, reloading.
2024-10-03 23:24:35,511 WARNING Not Found: /favicon.ico
2024-10-03 23:24:52,208 WARNING Not Found: /favicon.ico
2024-10-03 23:37:05,530 INFO /home/falcram/BSUIR/IGI/253504_DUBOVIK_8/STRWEB/LR1/ZooApp/Zoo/views.py changed, reloading.
2024-10-04 13:19:54,797 WARNING Not Found: /favicon.ico
2024-10-04 13:27:11,494 INFO /home/falcram/BSUIR/IGI/253504_DUBOVIK_8/STRWEB/LR1/ZooApp/Zoo/views.py changed, reloading.
2024-10-04 13:28:02,658 INFO /home/falcram/BSUIR/IGI/253504_DUBOVIK_8/STRWEB/LR1/ZooApp/Zoo/models.py changed, reloading.
2024-10-04 13:28:18,945 INFO /home/falcram/BSUIR/IGI/253504_DUBOVIK_8/STRWEB/LR1/ZooApp/ZooApp/urls.py changed, reloading.
2024-10-04 13:29:08,147 INFO /home/falcram/BSUIR/IGI/253504_DUBOVIK_8/STRWEB/LR1/ZooApp/Zoo/views.py changed, reloading.
2024-10-04 13:30:15,400 INFO /home/falcram/BSUIR/IGI/253504_DUBOVIK_8/STRWEB/LR1/ZooApp/Zoo/models.py changed, reloading.
2024-10-04 14:43:27,197 INFO /home/falcram/BSUIR/IGI/253504_DUBOVIK_8/STRWEB/LR1/ZooApp/Zoo/models.py changed, reloading.
2024-10-04 14:44:24,435 INFO /home/falcram/BSUIR/IGI/253504_DUBOVIK_8/STRWEB/LR1/ZooApp/ZooApp/urls.py changed, reloading.
2024-10-04 15:01:44,255 INFO /home/falcram/BSUIR/IGI/253504_DUBOVIK_8/STRWEB/LR1/ZooApp/Zoo/views.py changed, reloading.
2024-10-04 15:06:35,740 ERROR Internal Server Error: /
Traceback (most recent call last):
  File "/home/falcram/.local/lib/python3.12/site-packages/django/core/handlers/exception.py", line 55, in inner
    response = get_response(request)
               ^^^^^^^^^^^^^^^^^^^^^
  File "/home/falcram/.local/lib/python3.12/site-packages/django/core/handlers/base.py", line 197, in _get_response
    response = wrapped_callback(request, *callback_args, **callback_kwargs)
               ^^^^^^^^^^^^^^^^^^^^^^^^^^^^^^^^^^^^^^^^^^^^^^^^^^^^^^^^^^^^
  File "/home/falcram/BSUIR/IGI/253504_DUBOVIK_8/STRWEB/LR1/ZooApp/Zoo/views.py", line 43, in home
    return render(request, 'home.html', context)
           ^^^^^^^^^^^^^^^^^^^^^^^^^^^^^^^^^^^^^
  File "/home/falcram/.local/lib/python3.12/site-packages/django/shortcuts.py", line 25, in render
    content = loader.render_to_string(template_name, context, request, using=using)
              ^^^^^^^^^^^^^^^^^^^^^^^^^^^^^^^^^^^^^^^^^^^^^^^^^^^^^^^^^^^^^^^^^^^^^
  File "/home/falcram/.local/lib/python3.12/site-packages/django/template/loader.py", line 62, in render_to_string
    return template.render(context, request)
           ^^^^^^^^^^^^^^^^^^^^^^^^^^^^^^^^^
  File "/home/falcram/.local/lib/python3.12/site-packages/django/template/backends/django.py", line 61, in render
    return self.template.render(context)
           ^^^^^^^^^^^^^^^^^^^^^^^^^^^^^
  File "/home/falcram/.local/lib/python3.12/site-packages/django/template/base.py", line 171, in render
    return self._render(context)
           ^^^^^^^^^^^^^^^^^^^^^
  File "/home/falcram/.local/lib/python3.12/site-packages/django/template/base.py", line 163, in _render
    return self.nodelist.render(context)
           ^^^^^^^^^^^^^^^^^^^^^^^^^^^^^
  File "/home/falcram/.local/lib/python3.12/site-packages/django/template/base.py", line 1000, in render
    return SafeString("".join([node.render_annotated(context) for node in self]))
                               ^^^^^^^^^^^^^^^^^^^^^^^^^^^^^^
  File "/home/falcram/.local/lib/python3.12/site-packages/django/template/base.py", line 961, in render_annotated
    return self.render(context)
           ^^^^^^^^^^^^^^^^^^^^
  File "/home/falcram/.local/lib/python3.12/site-packages/django/template/loader_tags.py", line 159, in render
    return compiled_parent._render(context)
           ^^^^^^^^^^^^^^^^^^^^^^^^^^^^^^^^
  File "/home/falcram/.local/lib/python3.12/site-packages/django/template/base.py", line 163, in _render
    return self.nodelist.render(context)
           ^^^^^^^^^^^^^^^^^^^^^^^^^^^^^
  File "/home/falcram/.local/lib/python3.12/site-packages/django/template/base.py", line 1000, in render
    return SafeString("".join([node.render_annotated(context) for node in self]))
                               ^^^^^^^^^^^^^^^^^^^^^^^^^^^^^^
  File "/home/falcram/.local/lib/python3.12/site-packages/django/template/base.py", line 961, in render_annotated
    return self.render(context)
           ^^^^^^^^^^^^^^^^^^^^
  File "/home/falcram/.local/lib/python3.12/site-packages/django/template/defaulttags.py", line 326, in render
    return nodelist.render(context)
           ^^^^^^^^^^^^^^^^^^^^^^^^
  File "/home/falcram/.local/lib/python3.12/site-packages/django/template/base.py", line 1000, in render
    return SafeString("".join([node.render_annotated(context) for node in self]))
                               ^^^^^^^^^^^^^^^^^^^^^^^^^^^^^^
  File "/home/falcram/.local/lib/python3.12/site-packages/django/template/base.py", line 961, in render_annotated
    return self.render(context)
           ^^^^^^^^^^^^^^^^^^^^
  File "/home/falcram/.local/lib/python3.12/site-packages/django/template/defaulttags.py", line 326, in render
    return nodelist.render(context)
           ^^^^^^^^^^^^^^^^^^^^^^^^
  File "/home/falcram/.local/lib/python3.12/site-packages/django/template/base.py", line 1000, in render
    return SafeString("".join([node.render_annotated(context) for node in self]))
                               ^^^^^^^^^^^^^^^^^^^^^^^^^^^^^^
  File "/home/falcram/.local/lib/python3.12/site-packages/django/template/base.py", line 961, in render_annotated
    return self.render(context)
           ^^^^^^^^^^^^^^^^^^^^
  File "/home/falcram/.local/lib/python3.12/site-packages/django/template/defaulttags.py", line 479, in render
    url = reverse(view_name, args=args, kwargs=kwargs, current_app=current_app)
          ^^^^^^^^^^^^^^^^^^^^^^^^^^^^^^^^^^^^^^^^^^^^^^^^^^^^^^^^^^^^^^^^^^^^^
  File "/home/falcram/.local/lib/python3.12/site-packages/django/urls/base.py", line 88, in reverse
    return resolver._reverse_with_prefix(view, prefix, *args, **kwargs)
           ^^^^^^^^^^^^^^^^^^^^^^^^^^^^^^^^^^^^^^^^^^^^^^^^^^^^^^^^^^^^
  File "/home/falcram/.local/lib/python3.12/site-packages/django/urls/resolvers.py", line 851, in _reverse_with_prefix
    raise NoReverseMatch(msg)
django.urls.exceptions.NoReverseMatch: Reverse for 'create_order' not found. 'create_order' is not a valid view function or pattern name.
2024-10-04 15:06:58,347 ERROR Internal Server Error: /
Traceback (most recent call last):
  File "/home/falcram/.local/lib/python3.12/site-packages/django/core/handlers/exception.py", line 55, in inner
    response = get_response(request)
               ^^^^^^^^^^^^^^^^^^^^^
  File "/home/falcram/.local/lib/python3.12/site-packages/django/core/handlers/base.py", line 197, in _get_response
    response = wrapped_callback(request, *callback_args, **callback_kwargs)
               ^^^^^^^^^^^^^^^^^^^^^^^^^^^^^^^^^^^^^^^^^^^^^^^^^^^^^^^^^^^^
  File "/home/falcram/BSUIR/IGI/253504_DUBOVIK_8/STRWEB/LR1/ZooApp/Zoo/views.py", line 43, in home
    return render(request, 'home.html', context)
           ^^^^^^^^^^^^^^^^^^^^^^^^^^^^^^^^^^^^^
  File "/home/falcram/.local/lib/python3.12/site-packages/django/shortcuts.py", line 25, in render
    content = loader.render_to_string(template_name, context, request, using=using)
              ^^^^^^^^^^^^^^^^^^^^^^^^^^^^^^^^^^^^^^^^^^^^^^^^^^^^^^^^^^^^^^^^^^^^^
  File "/home/falcram/.local/lib/python3.12/site-packages/django/template/loader.py", line 62, in render_to_string
    return template.render(context, request)
           ^^^^^^^^^^^^^^^^^^^^^^^^^^^^^^^^^
  File "/home/falcram/.local/lib/python3.12/site-packages/django/template/backends/django.py", line 61, in render
    return self.template.render(context)
           ^^^^^^^^^^^^^^^^^^^^^^^^^^^^^
  File "/home/falcram/.local/lib/python3.12/site-packages/django/template/base.py", line 171, in render
    return self._render(context)
           ^^^^^^^^^^^^^^^^^^^^^
  File "/home/falcram/.local/lib/python3.12/site-packages/django/template/base.py", line 163, in _render
    return self.nodelist.render(context)
           ^^^^^^^^^^^^^^^^^^^^^^^^^^^^^
  File "/home/falcram/.local/lib/python3.12/site-packages/django/template/base.py", line 1000, in render
    return SafeString("".join([node.render_annotated(context) for node in self]))
                               ^^^^^^^^^^^^^^^^^^^^^^^^^^^^^^
  File "/home/falcram/.local/lib/python3.12/site-packages/django/template/base.py", line 961, in render_annotated
    return self.render(context)
           ^^^^^^^^^^^^^^^^^^^^
  File "/home/falcram/.local/lib/python3.12/site-packages/django/template/loader_tags.py", line 159, in render
    return compiled_parent._render(context)
           ^^^^^^^^^^^^^^^^^^^^^^^^^^^^^^^^
  File "/home/falcram/.local/lib/python3.12/site-packages/django/template/base.py", line 163, in _render
    return self.nodelist.render(context)
           ^^^^^^^^^^^^^^^^^^^^^^^^^^^^^
  File "/home/falcram/.local/lib/python3.12/site-packages/django/template/base.py", line 1000, in render
    return SafeString("".join([node.render_annotated(context) for node in self]))
                               ^^^^^^^^^^^^^^^^^^^^^^^^^^^^^^
  File "/home/falcram/.local/lib/python3.12/site-packages/django/template/base.py", line 961, in render_annotated
    return self.render(context)
           ^^^^^^^^^^^^^^^^^^^^
  File "/home/falcram/.local/lib/python3.12/site-packages/django/template/defaulttags.py", line 326, in render
    return nodelist.render(context)
           ^^^^^^^^^^^^^^^^^^^^^^^^
  File "/home/falcram/.local/lib/python3.12/site-packages/django/template/base.py", line 1000, in render
    return SafeString("".join([node.render_annotated(context) for node in self]))
                               ^^^^^^^^^^^^^^^^^^^^^^^^^^^^^^
  File "/home/falcram/.local/lib/python3.12/site-packages/django/template/base.py", line 961, in render_annotated
    return self.render(context)
           ^^^^^^^^^^^^^^^^^^^^
  File "/home/falcram/.local/lib/python3.12/site-packages/django/template/defaulttags.py", line 326, in render
    return nodelist.render(context)
           ^^^^^^^^^^^^^^^^^^^^^^^^
  File "/home/falcram/.local/lib/python3.12/site-packages/django/template/base.py", line 1000, in render
    return SafeString("".join([node.render_annotated(context) for node in self]))
                               ^^^^^^^^^^^^^^^^^^^^^^^^^^^^^^
  File "/home/falcram/.local/lib/python3.12/site-packages/django/template/base.py", line 961, in render_annotated
    return self.render(context)
           ^^^^^^^^^^^^^^^^^^^^
  File "/home/falcram/.local/lib/python3.12/site-packages/django/template/defaulttags.py", line 479, in render
    url = reverse(view_name, args=args, kwargs=kwargs, current_app=current_app)
          ^^^^^^^^^^^^^^^^^^^^^^^^^^^^^^^^^^^^^^^^^^^^^^^^^^^^^^^^^^^^^^^^^^^^^
  File "/home/falcram/.local/lib/python3.12/site-packages/django/urls/base.py", line 88, in reverse
    return resolver._reverse_with_prefix(view, prefix, *args, **kwargs)
           ^^^^^^^^^^^^^^^^^^^^^^^^^^^^^^^^^^^^^^^^^^^^^^^^^^^^^^^^^^^^
  File "/home/falcram/.local/lib/python3.12/site-packages/django/urls/resolvers.py", line 851, in _reverse_with_prefix
    raise NoReverseMatch(msg)
django.urls.exceptions.NoReverseMatch: Reverse for 'tickets' not found. 'tickets' is not a valid view function or pattern name.
2024-10-04 15:06:59,052 ERROR Internal Server Error: /
Traceback (most recent call last):
  File "/home/falcram/.local/lib/python3.12/site-packages/django/core/handlers/exception.py", line 55, in inner
    response = get_response(request)
               ^^^^^^^^^^^^^^^^^^^^^
  File "/home/falcram/.local/lib/python3.12/site-packages/django/core/handlers/base.py", line 197, in _get_response
    response = wrapped_callback(request, *callback_args, **callback_kwargs)
               ^^^^^^^^^^^^^^^^^^^^^^^^^^^^^^^^^^^^^^^^^^^^^^^^^^^^^^^^^^^^
  File "/home/falcram/BSUIR/IGI/253504_DUBOVIK_8/STRWEB/LR1/ZooApp/Zoo/views.py", line 43, in home
    return render(request, 'home.html', context)
           ^^^^^^^^^^^^^^^^^^^^^^^^^^^^^^^^^^^^^
  File "/home/falcram/.local/lib/python3.12/site-packages/django/shortcuts.py", line 25, in render
    content = loader.render_to_string(template_name, context, request, using=using)
              ^^^^^^^^^^^^^^^^^^^^^^^^^^^^^^^^^^^^^^^^^^^^^^^^^^^^^^^^^^^^^^^^^^^^^
  File "/home/falcram/.local/lib/python3.12/site-packages/django/template/loader.py", line 62, in render_to_string
    return template.render(context, request)
           ^^^^^^^^^^^^^^^^^^^^^^^^^^^^^^^^^
  File "/home/falcram/.local/lib/python3.12/site-packages/django/template/backends/django.py", line 61, in render
    return self.template.render(context)
           ^^^^^^^^^^^^^^^^^^^^^^^^^^^^^
  File "/home/falcram/.local/lib/python3.12/site-packages/django/template/base.py", line 171, in render
    return self._render(context)
           ^^^^^^^^^^^^^^^^^^^^^
  File "/home/falcram/.local/lib/python3.12/site-packages/django/template/base.py", line 163, in _render
    return self.nodelist.render(context)
           ^^^^^^^^^^^^^^^^^^^^^^^^^^^^^
  File "/home/falcram/.local/lib/python3.12/site-packages/django/template/base.py", line 1000, in render
    return SafeString("".join([node.render_annotated(context) for node in self]))
                               ^^^^^^^^^^^^^^^^^^^^^^^^^^^^^^
  File "/home/falcram/.local/lib/python3.12/site-packages/django/template/base.py", line 961, in render_annotated
    return self.render(context)
           ^^^^^^^^^^^^^^^^^^^^
  File "/home/falcram/.local/lib/python3.12/site-packages/django/template/loader_tags.py", line 159, in render
    return compiled_parent._render(context)
           ^^^^^^^^^^^^^^^^^^^^^^^^^^^^^^^^
  File "/home/falcram/.local/lib/python3.12/site-packages/django/template/base.py", line 163, in _render
    return self.nodelist.render(context)
           ^^^^^^^^^^^^^^^^^^^^^^^^^^^^^
  File "/home/falcram/.local/lib/python3.12/site-packages/django/template/base.py", line 1000, in render
    return SafeString("".join([node.render_annotated(context) for node in self]))
                               ^^^^^^^^^^^^^^^^^^^^^^^^^^^^^^
  File "/home/falcram/.local/lib/python3.12/site-packages/django/template/base.py", line 961, in render_annotated
    return self.render(context)
           ^^^^^^^^^^^^^^^^^^^^
  File "/home/falcram/.local/lib/python3.12/site-packages/django/template/defaulttags.py", line 326, in render
    return nodelist.render(context)
           ^^^^^^^^^^^^^^^^^^^^^^^^
  File "/home/falcram/.local/lib/python3.12/site-packages/django/template/base.py", line 1000, in render
    return SafeString("".join([node.render_annotated(context) for node in self]))
                               ^^^^^^^^^^^^^^^^^^^^^^^^^^^^^^
  File "/home/falcram/.local/lib/python3.12/site-packages/django/template/base.py", line 961, in render_annotated
    return self.render(context)
           ^^^^^^^^^^^^^^^^^^^^
  File "/home/falcram/.local/lib/python3.12/site-packages/django/template/defaulttags.py", line 326, in render
    return nodelist.render(context)
           ^^^^^^^^^^^^^^^^^^^^^^^^
  File "/home/falcram/.local/lib/python3.12/site-packages/django/template/base.py", line 1000, in render
    return SafeString("".join([node.render_annotated(context) for node in self]))
                               ^^^^^^^^^^^^^^^^^^^^^^^^^^^^^^
  File "/home/falcram/.local/lib/python3.12/site-packages/django/template/base.py", line 961, in render_annotated
    return self.render(context)
           ^^^^^^^^^^^^^^^^^^^^
  File "/home/falcram/.local/lib/python3.12/site-packages/django/template/defaulttags.py", line 479, in render
    url = reverse(view_name, args=args, kwargs=kwargs, current_app=current_app)
          ^^^^^^^^^^^^^^^^^^^^^^^^^^^^^^^^^^^^^^^^^^^^^^^^^^^^^^^^^^^^^^^^^^^^^
  File "/home/falcram/.local/lib/python3.12/site-packages/django/urls/base.py", line 88, in reverse
    return resolver._reverse_with_prefix(view, prefix, *args, **kwargs)
           ^^^^^^^^^^^^^^^^^^^^^^^^^^^^^^^^^^^^^^^^^^^^^^^^^^^^^^^^^^^^
  File "/home/falcram/.local/lib/python3.12/site-packages/django/urls/resolvers.py", line 851, in _reverse_with_prefix
    raise NoReverseMatch(msg)
django.urls.exceptions.NoReverseMatch: Reverse for 'tickets' not found. 'tickets' is not a valid view function or pattern name.
2024-10-04 15:07:39,760 ERROR Internal Server Error: /tickets/
Traceback (most recent call last):
  File "/home/falcram/.local/lib/python3.12/site-packages/django/core/handlers/exception.py", line 55, in inner
    response = get_response(request)
               ^^^^^^^^^^^^^^^^^^^^^
  File "/home/falcram/.local/lib/python3.12/site-packages/django/core/handlers/base.py", line 197, in _get_response
    response = wrapped_callback(request, *callback_args, **callback_kwargs)
               ^^^^^^^^^^^^^^^^^^^^^^^^^^^^^^^^^^^^^^^^^^^^^^^^^^^^^^^^^^^^
  File "/home/falcram/BSUIR/IGI/253504_DUBOVIK_8/STRWEB/LR1/ZooApp/Zoo/views.py", line 331, in ticket_list
    return render(request, 'tickets/ticket_list.html', {
           ^^^^^^^^^^^^^^^^^^^^^^^^^^^^^^^^^^^^^^^^^^^^^
  File "/home/falcram/.local/lib/python3.12/site-packages/django/shortcuts.py", line 25, in render
    content = loader.render_to_string(template_name, context, request, using=using)
              ^^^^^^^^^^^^^^^^^^^^^^^^^^^^^^^^^^^^^^^^^^^^^^^^^^^^^^^^^^^^^^^^^^^^^
  File "/home/falcram/.local/lib/python3.12/site-packages/django/template/loader.py", line 61, in render_to_string
    template = get_template(template_name, using=using)
               ^^^^^^^^^^^^^^^^^^^^^^^^^^^^^^^^^^^^^^^^
  File "/home/falcram/.local/lib/python3.12/site-packages/django/template/loader.py", line 19, in get_template
    raise TemplateDoesNotExist(template_name, chain=chain)
django.template.exceptions.TemplateDoesNotExist: tickets/ticket_list.html
2024-10-04 15:09:10,053 INFO /home/falcram/BSUIR/IGI/253504_DUBOVIK_8/STRWEB/LR1/ZooApp/Zoo/views.py changed, reloading.
2024-10-04 15:09:15,595 ERROR Internal Server Error: /tickets/
Traceback (most recent call last):
  File "/home/falcram/.local/lib/python3.12/site-packages/django/core/handlers/exception.py", line 55, in inner
    response = get_response(request)
               ^^^^^^^^^^^^^^^^^^^^^
  File "/home/falcram/.local/lib/python3.12/site-packages/django/core/handlers/base.py", line 197, in _get_response
    response = wrapped_callback(request, *callback_args, **callback_kwargs)
               ^^^^^^^^^^^^^^^^^^^^^^^^^^^^^^^^^^^^^^^^^^^^^^^^^^^^^^^^^^^^
  File "/home/falcram/BSUIR/IGI/253504_DUBOVIK_8/STRWEB/LR1/ZooApp/Zoo/views.py", line 331, in ticket_list
    return render(request, 'tickets/ticket_list.html', {
           ^^^^^^^^^^^^^^^^^^^^^^^^^^^^^^^^^^^^^^^^^^^^^
  File "/home/falcram/.local/lib/python3.12/site-packages/django/shortcuts.py", line 25, in render
    content = loader.render_to_string(template_name, context, request, using=using)
              ^^^^^^^^^^^^^^^^^^^^^^^^^^^^^^^^^^^^^^^^^^^^^^^^^^^^^^^^^^^^^^^^^^^^^
  File "/home/falcram/.local/lib/python3.12/site-packages/django/template/loader.py", line 61, in render_to_string
    template = get_template(template_name, using=using)
               ^^^^^^^^^^^^^^^^^^^^^^^^^^^^^^^^^^^^^^^^
  File "/home/falcram/.local/lib/python3.12/site-packages/django/template/loader.py", line 19, in get_template
    raise TemplateDoesNotExist(template_name, chain=chain)
django.template.exceptions.TemplateDoesNotExist: tickets/ticket_list.html
2024-10-04 15:09:16,311 ERROR Internal Server Error: /tickets/
Traceback (most recent call last):
  File "/home/falcram/.local/lib/python3.12/site-packages/django/core/handlers/exception.py", line 55, in inner
    response = get_response(request)
               ^^^^^^^^^^^^^^^^^^^^^
  File "/home/falcram/.local/lib/python3.12/site-packages/django/core/handlers/base.py", line 197, in _get_response
    response = wrapped_callback(request, *callback_args, **callback_kwargs)
               ^^^^^^^^^^^^^^^^^^^^^^^^^^^^^^^^^^^^^^^^^^^^^^^^^^^^^^^^^^^^
  File "/home/falcram/BSUIR/IGI/253504_DUBOVIK_8/STRWEB/LR1/ZooApp/Zoo/views.py", line 331, in ticket_list
    return render(request, 'tickets/ticket_list.html', {
           ^^^^^^^^^^^^^^^^^^^^^^^^^^^^^^^^^^^^^^^^^^^^^
  File "/home/falcram/.local/lib/python3.12/site-packages/django/shortcuts.py", line 25, in render
    content = loader.render_to_string(template_name, context, request, using=using)
              ^^^^^^^^^^^^^^^^^^^^^^^^^^^^^^^^^^^^^^^^^^^^^^^^^^^^^^^^^^^^^^^^^^^^^
  File "/home/falcram/.local/lib/python3.12/site-packages/django/template/loader.py", line 61, in render_to_string
    template = get_template(template_name, using=using)
               ^^^^^^^^^^^^^^^^^^^^^^^^^^^^^^^^^^^^^^^^
  File "/home/falcram/.local/lib/python3.12/site-packages/django/template/loader.py", line 19, in get_template
    raise TemplateDoesNotExist(template_name, chain=chain)
django.template.exceptions.TemplateDoesNotExist: tickets/ticket_list.html
2024-10-04 15:10:06,591 INFO /home/falcram/BSUIR/IGI/253504_DUBOVIK_8/STRWEB/LR1/ZooApp/ZooApp/urls.py changed, reloading.
2024-10-04 15:10:08,460 WARNING Not Found: /tickets/
2024-10-04 15:10:15,072 WARNING Not Found: /t
2024-10-04 15:10:19,203 ERROR Internal Server Error: /ticket_list/
Traceback (most recent call last):
  File "/home/falcram/.local/lib/python3.12/site-packages/django/core/handlers/exception.py", line 55, in inner
    response = get_response(request)
               ^^^^^^^^^^^^^^^^^^^^^
  File "/home/falcram/.local/lib/python3.12/site-packages/django/core/handlers/base.py", line 197, in _get_response
    response = wrapped_callback(request, *callback_args, **callback_kwargs)
               ^^^^^^^^^^^^^^^^^^^^^^^^^^^^^^^^^^^^^^^^^^^^^^^^^^^^^^^^^^^^
  File "/home/falcram/BSUIR/IGI/253504_DUBOVIK_8/STRWEB/LR1/ZooApp/Zoo/views.py", line 331, in ticket_list
    return render(request, 'tickets/ticket_list.html', {
           ^^^^^^^^^^^^^^^^^^^^^^^^^^^^^^^^^^^^^^^^^^^^^
  File "/home/falcram/.local/lib/python3.12/site-packages/django/shortcuts.py", line 25, in render
    content = loader.render_to_string(template_name, context, request, using=using)
              ^^^^^^^^^^^^^^^^^^^^^^^^^^^^^^^^^^^^^^^^^^^^^^^^^^^^^^^^^^^^^^^^^^^^^
  File "/home/falcram/.local/lib/python3.12/site-packages/django/template/loader.py", line 61, in render_to_string
    template = get_template(template_name, using=using)
               ^^^^^^^^^^^^^^^^^^^^^^^^^^^^^^^^^^^^^^^^
  File "/home/falcram/.local/lib/python3.12/site-packages/django/template/loader.py", line 19, in get_template
    raise TemplateDoesNotExist(template_name, chain=chain)
django.template.exceptions.TemplateDoesNotExist: tickets/ticket_list.html
2024-10-04 15:11:13,188 INFO /home/falcram/BSUIR/IGI/253504_DUBOVIK_8/STRWEB/LR1/ZooApp/Zoo/views.py changed, reloading.
2024-10-04 15:11:31,625 ERROR Internal Server Error: /cart/
Traceback (most recent call last):
  File "/home/falcram/.local/lib/python3.12/site-packages/django/core/handlers/exception.py", line 55, in inner
    response = get_response(request)
               ^^^^^^^^^^^^^^^^^^^^^
  File "/home/falcram/.local/lib/python3.12/site-packages/django/core/handlers/base.py", line 197, in _get_response
    response = wrapped_callback(request, *callback_args, **callback_kwargs)
               ^^^^^^^^^^^^^^^^^^^^^^^^^^^^^^^^^^^^^^^^^^^^^^^^^^^^^^^^^^^^
  File "/home/falcram/BSUIR/IGI/253504_DUBOVIK_8/STRWEB/LR1/ZooApp/Zoo/views.py", line 360, in cart_view
    return render(request, 'tickets/cart.html', {
           ^^^^^^^^^^^^^^^^^^^^^^^^^^^^^^^^^^^^^^
  File "/home/falcram/.local/lib/python3.12/site-packages/django/shortcuts.py", line 25, in render
    content = loader.render_to_string(template_name, context, request, using=using)
              ^^^^^^^^^^^^^^^^^^^^^^^^^^^^^^^^^^^^^^^^^^^^^^^^^^^^^^^^^^^^^^^^^^^^^
  File "/home/falcram/.local/lib/python3.12/site-packages/django/template/loader.py", line 61, in render_to_string
    template = get_template(template_name, using=using)
               ^^^^^^^^^^^^^^^^^^^^^^^^^^^^^^^^^^^^^^^^
  File "/home/falcram/.local/lib/python3.12/site-packages/django/template/loader.py", line 19, in get_template
    raise TemplateDoesNotExist(template_name, chain=chain)
django.template.exceptions.TemplateDoesNotExist: tickets/cart.html
2024-10-04 15:12:41,690 ERROR Internal Server Error: /cart/
Traceback (most recent call last):
  File "/home/falcram/.local/lib/python3.12/site-packages/django/core/handlers/exception.py", line 55, in inner
    response = get_response(request)
               ^^^^^^^^^^^^^^^^^^^^^
  File "/home/falcram/.local/lib/python3.12/site-packages/django/core/handlers/base.py", line 197, in _get_response
    response = wrapped_callback(request, *callback_args, **callback_kwargs)
               ^^^^^^^^^^^^^^^^^^^^^^^^^^^^^^^^^^^^^^^^^^^^^^^^^^^^^^^^^^^^
  File "/home/falcram/BSUIR/IGI/253504_DUBOVIK_8/STRWEB/LR1/ZooApp/Zoo/views.py", line 360, in cart_view
    return render(request, 'tickets/cart.html', {
           ^^^^^^^^^^^^^^^^^^^^^^^^^^^^^^^^^^^^^^
  File "/home/falcram/.local/lib/python3.12/site-packages/django/shortcuts.py", line 25, in render
    content = loader.render_to_string(template_name, context, request, using=using)
              ^^^^^^^^^^^^^^^^^^^^^^^^^^^^^^^^^^^^^^^^^^^^^^^^^^^^^^^^^^^^^^^^^^^^^
  File "/home/falcram/.local/lib/python3.12/site-packages/django/template/loader.py", line 61, in render_to_string
    template = get_template(template_name, using=using)
               ^^^^^^^^^^^^^^^^^^^^^^^^^^^^^^^^^^^^^^^^
  File "/home/falcram/.local/lib/python3.12/site-packages/django/template/loader.py", line 19, in get_template
    raise TemplateDoesNotExist(template_name, chain=chain)
django.template.exceptions.TemplateDoesNotExist: tickets/cart.html
2024-10-04 15:13:34,536 INFO /home/falcram/BSUIR/IGI/253504_DUBOVIK_8/STRWEB/LR1/ZooApp/Zoo/views.py changed, reloading.
2024-10-04 15:13:37,093 ERROR Internal Server Error: /cart/
Traceback (most recent call last):
  File "/home/falcram/.local/lib/python3.12/site-packages/django/core/handlers/exception.py", line 55, in inner
    response = get_response(request)
               ^^^^^^^^^^^^^^^^^^^^^
  File "/home/falcram/.local/lib/python3.12/site-packages/django/core/handlers/base.py", line 197, in _get_response
    response = wrapped_callback(request, *callback_args, **callback_kwargs)
               ^^^^^^^^^^^^^^^^^^^^^^^^^^^^^^^^^^^^^^^^^^^^^^^^^^^^^^^^^^^^
  File "/home/falcram/BSUIR/IGI/253504_DUBOVIK_8/STRWEB/LR1/ZooApp/Zoo/views.py", line 360, in cart_view
    return render(request, 'cart.html', {
           ^^^^^^^^^^^^^^^^^^^^^^^^^^^^^^
  File "/home/falcram/.local/lib/python3.12/site-packages/django/shortcuts.py", line 25, in render
    content = loader.render_to_string(template_name, context, request, using=using)
              ^^^^^^^^^^^^^^^^^^^^^^^^^^^^^^^^^^^^^^^^^^^^^^^^^^^^^^^^^^^^^^^^^^^^^
  File "/home/falcram/.local/lib/python3.12/site-packages/django/template/loader.py", line 61, in render_to_string
    template = get_template(template_name, using=using)
               ^^^^^^^^^^^^^^^^^^^^^^^^^^^^^^^^^^^^^^^^
  File "/home/falcram/.local/lib/python3.12/site-packages/django/template/loader.py", line 15, in get_template
    return engine.get_template(template_name)
           ^^^^^^^^^^^^^^^^^^^^^^^^^^^^^^^^^^
  File "/home/falcram/.local/lib/python3.12/site-packages/django/template/backends/django.py", line 33, in get_template
    return Template(self.engine.get_template(template_name), self)
                    ^^^^^^^^^^^^^^^^^^^^^^^^^^^^^^^^^^^^^^^
  File "/home/falcram/.local/lib/python3.12/site-packages/django/template/engine.py", line 177, in get_template
    template, origin = self.find_template(template_name)
                       ^^^^^^^^^^^^^^^^^^^^^^^^^^^^^^^^^
  File "/home/falcram/.local/lib/python3.12/site-packages/django/template/engine.py", line 159, in find_template
    template = loader.get_template(name, skip=skip)
               ^^^^^^^^^^^^^^^^^^^^^^^^^^^^^^^^^^^^
  File "/home/falcram/.local/lib/python3.12/site-packages/django/template/loaders/cached.py", line 57, in get_template
    template = super().get_template(template_name, skip)
               ^^^^^^^^^^^^^^^^^^^^^^^^^^^^^^^^^^^^^^^^^
  File "/home/falcram/.local/lib/python3.12/site-packages/django/template/loaders/base.py", line 28, in get_template
    return Template(
           ^^^^^^^^^
  File "/home/falcram/.local/lib/python3.12/site-packages/django/template/base.py", line 154, in __init__
    self.nodelist = self.compile_nodelist()
                    ^^^^^^^^^^^^^^^^^^^^^^^
  File "/home/falcram/.local/lib/python3.12/site-packages/django/template/base.py", line 196, in compile_nodelist
    return parser.parse()
           ^^^^^^^^^^^^^^
  File "/home/falcram/.local/lib/python3.12/site-packages/django/template/base.py", line 510, in parse
    raise self.error(token, e)
  File "/home/falcram/.local/lib/python3.12/site-packages/django/template/base.py", line 508, in parse
    compiled_result = compile_func(self, token)
                      ^^^^^^^^^^^^^^^^^^^^^^^^^
  File "/home/falcram/.local/lib/python3.12/site-packages/django/template/loader_tags.py", line 295, in do_extends
    nodelist = parser.parse()
               ^^^^^^^^^^^^^^
  File "/home/falcram/.local/lib/python3.12/site-packages/django/template/base.py", line 510, in parse
    raise self.error(token, e)
  File "/home/falcram/.local/lib/python3.12/site-packages/django/template/base.py", line 508, in parse
    compiled_result = compile_func(self, token)
                      ^^^^^^^^^^^^^^^^^^^^^^^^^
  File "/home/falcram/.local/lib/python3.12/site-packages/django/template/loader_tags.py", line 234, in do_block
    nodelist = parser.parse(("endblock",))
               ^^^^^^^^^^^^^^^^^^^^^^^^^^^
  File "/home/falcram/.local/lib/python3.12/site-packages/django/template/base.py", line 510, in parse
    raise self.error(token, e)
  File "/home/falcram/.local/lib/python3.12/site-packages/django/template/base.py", line 508, in parse
    compiled_result = compile_func(self, token)
                      ^^^^^^^^^^^^^^^^^^^^^^^^^
  File "/home/falcram/.local/lib/python3.12/site-packages/django/template/defaulttags.py", line 861, in do_for
    nodelist_loop = parser.parse(
                    ^^^^^^^^^^^^^
  File "/home/falcram/.local/lib/python3.12/site-packages/django/template/base.py", line 481, in parse
    raise self.error(token, e)
  File "/home/falcram/.local/lib/python3.12/site-packages/django/template/base.py", line 479, in parse
    filter_expression = self.compile_filter(token.contents)
                        ^^^^^^^^^^^^^^^^^^^^^^^^^^^^^^^^^^^
  File "/home/falcram/.local/lib/python3.12/site-packages/django/template/base.py", line 597, in compile_filter
    return FilterExpression(token, self)
           ^^^^^^^^^^^^^^^^^^^^^^^^^^^^^
  File "/home/falcram/.local/lib/python3.12/site-packages/django/template/base.py", line 693, in __init__
    filter_func = parser.find_filter(filter_name)
                  ^^^^^^^^^^^^^^^^^^^^^^^^^^^^^^^
  File "/home/falcram/.local/lib/python3.12/site-packages/django/template/base.py", line 603, in find_filter
    raise TemplateSyntaxError("Invalid filter: '%s'" % filter_name)
django.template.exceptions.TemplateSyntaxError: Invalid filter: 'multiply'
2024-10-04 15:21:45,666 ERROR Internal Server Error: /cart/
Traceback (most recent call last):
  File "/home/falcram/.local/lib/python3.12/site-packages/django/core/handlers/exception.py", line 55, in inner
    response = get_response(request)
               ^^^^^^^^^^^^^^^^^^^^^
  File "/home/falcram/.local/lib/python3.12/site-packages/django/core/handlers/base.py", line 197, in _get_response
    response = wrapped_callback(request, *callback_args, **callback_kwargs)
               ^^^^^^^^^^^^^^^^^^^^^^^^^^^^^^^^^^^^^^^^^^^^^^^^^^^^^^^^^^^^
  File "/home/falcram/BSUIR/IGI/253504_DUBOVIK_8/STRWEB/LR1/ZooApp/Zoo/views.py", line 360, in cart_view
    return render(request, 'cart.html', {
           ^^^^^^^^^^^^^^^^^^^^^^^^^^^^^^
  File "/home/falcram/.local/lib/python3.12/site-packages/django/shortcuts.py", line 25, in render
    content = loader.render_to_string(template_name, context, request, using=using)
              ^^^^^^^^^^^^^^^^^^^^^^^^^^^^^^^^^^^^^^^^^^^^^^^^^^^^^^^^^^^^^^^^^^^^^
  File "/home/falcram/.local/lib/python3.12/site-packages/django/template/loader.py", line 61, in render_to_string
    template = get_template(template_name, using=using)
               ^^^^^^^^^^^^^^^^^^^^^^^^^^^^^^^^^^^^^^^^
  File "/home/falcram/.local/lib/python3.12/site-packages/django/template/loader.py", line 15, in get_template
    return engine.get_template(template_name)
           ^^^^^^^^^^^^^^^^^^^^^^^^^^^^^^^^^^
  File "/home/falcram/.local/lib/python3.12/site-packages/django/template/backends/django.py", line 33, in get_template
    return Template(self.engine.get_template(template_name), self)
                    ^^^^^^^^^^^^^^^^^^^^^^^^^^^^^^^^^^^^^^^
  File "/home/falcram/.local/lib/python3.12/site-packages/django/template/engine.py", line 177, in get_template
    template, origin = self.find_template(template_name)
                       ^^^^^^^^^^^^^^^^^^^^^^^^^^^^^^^^^
  File "/home/falcram/.local/lib/python3.12/site-packages/django/template/engine.py", line 159, in find_template
    template = loader.get_template(name, skip=skip)
               ^^^^^^^^^^^^^^^^^^^^^^^^^^^^^^^^^^^^
  File "/home/falcram/.local/lib/python3.12/site-packages/django/template/loaders/cached.py", line 57, in get_template
    template = super().get_template(template_name, skip)
               ^^^^^^^^^^^^^^^^^^^^^^^^^^^^^^^^^^^^^^^^^
  File "/home/falcram/.local/lib/python3.12/site-packages/django/template/loaders/base.py", line 28, in get_template
    return Template(
           ^^^^^^^^^
  File "/home/falcram/.local/lib/python3.12/site-packages/django/template/base.py", line 154, in __init__
    self.nodelist = self.compile_nodelist()
                    ^^^^^^^^^^^^^^^^^^^^^^^
  File "/home/falcram/.local/lib/python3.12/site-packages/django/template/base.py", line 196, in compile_nodelist
    return parser.parse()
           ^^^^^^^^^^^^^^
  File "/home/falcram/.local/lib/python3.12/site-packages/django/template/base.py", line 510, in parse
    raise self.error(token, e)
  File "/home/falcram/.local/lib/python3.12/site-packages/django/template/base.py", line 508, in parse
    compiled_result = compile_func(self, token)
                      ^^^^^^^^^^^^^^^^^^^^^^^^^
  File "/home/falcram/.local/lib/python3.12/site-packages/django/template/loader_tags.py", line 295, in do_extends
    nodelist = parser.parse()
               ^^^^^^^^^^^^^^
  File "/home/falcram/.local/lib/python3.12/site-packages/django/template/base.py", line 510, in parse
    raise self.error(token, e)
  File "/home/falcram/.local/lib/python3.12/site-packages/django/template/base.py", line 508, in parse
    compiled_result = compile_func(self, token)
                      ^^^^^^^^^^^^^^^^^^^^^^^^^
  File "/home/falcram/.local/lib/python3.12/site-packages/django/template/loader_tags.py", line 234, in do_block
    nodelist = parser.parse(("endblock",))
               ^^^^^^^^^^^^^^^^^^^^^^^^^^^
  File "/home/falcram/.local/lib/python3.12/site-packages/django/template/base.py", line 510, in parse
    raise self.error(token, e)
  File "/home/falcram/.local/lib/python3.12/site-packages/django/template/base.py", line 508, in parse
    compiled_result = compile_func(self, token)
                      ^^^^^^^^^^^^^^^^^^^^^^^^^
  File "/home/falcram/.local/lib/python3.12/site-packages/django/template/defaulttags.py", line 861, in do_for
    nodelist_loop = parser.parse(
                    ^^^^^^^^^^^^^
  File "/home/falcram/.local/lib/python3.12/site-packages/django/template/base.py", line 481, in parse
    raise self.error(token, e)
  File "/home/falcram/.local/lib/python3.12/site-packages/django/template/base.py", line 479, in parse
    filter_expression = self.compile_filter(token.contents)
                        ^^^^^^^^^^^^^^^^^^^^^^^^^^^^^^^^^^^
  File "/home/falcram/.local/lib/python3.12/site-packages/django/template/base.py", line 597, in compile_filter
    return FilterExpression(token, self)
           ^^^^^^^^^^^^^^^^^^^^^^^^^^^^^
  File "/home/falcram/.local/lib/python3.12/site-packages/django/template/base.py", line 698, in __init__
    raise TemplateSyntaxError(
django.template.exceptions.TemplateSyntaxError: Could not parse the remainder: ' * item.quantity' from 'item.ticket_date.ticket.price * item.quantity'
2024-10-04 15:35:24,887 INFO /home/falcram/BSUIR/IGI/253504_DUBOVIK_8/STRWEB/LR1/ZooApp/Zoo/views.py changed, reloading.
2024-10-04 15:35:58,780 ERROR Internal Server Error: /cart/
Traceback (most recent call last):
  File "/home/falcram/.local/lib/python3.12/site-packages/django/core/handlers/exception.py", line 55, in inner
    response = get_response(request)
               ^^^^^^^^^^^^^^^^^^^^^
  File "/home/falcram/.local/lib/python3.12/site-packages/django/core/handlers/base.py", line 197, in _get_response
    response = wrapped_callback(request, *callback_args, **callback_kwargs)
               ^^^^^^^^^^^^^^^^^^^^^^^^^^^^^^^^^^^^^^^^^^^^^^^^^^^^^^^^^^^^
  File "/home/falcram/BSUIR/IGI/253504_DUBOVIK_8/STRWEB/LR1/ZooApp/Zoo/views.py", line 368, in cart_view
    return render(request, 'tickets/cart.html', {
           ^^^^^^^^^^^^^^^^^^^^^^^^^^^^^^^^^^^^^^
  File "/home/falcram/.local/lib/python3.12/site-packages/django/shortcuts.py", line 25, in render
    content = loader.render_to_string(template_name, context, request, using=using)
              ^^^^^^^^^^^^^^^^^^^^^^^^^^^^^^^^^^^^^^^^^^^^^^^^^^^^^^^^^^^^^^^^^^^^^
  File "/home/falcram/.local/lib/python3.12/site-packages/django/template/loader.py", line 61, in render_to_string
    template = get_template(template_name, using=using)
               ^^^^^^^^^^^^^^^^^^^^^^^^^^^^^^^^^^^^^^^^
  File "/home/falcram/.local/lib/python3.12/site-packages/django/template/loader.py", line 19, in get_template
    raise TemplateDoesNotExist(template_name, chain=chain)
django.template.exceptions.TemplateDoesNotExist: tickets/cart.html
2024-10-04 15:36:37,188 INFO /home/falcram/BSUIR/IGI/253504_DUBOVIK_8/STRWEB/LR1/ZooApp/Zoo/views.py changed, reloading.
2024-10-04 15:36:54,953 ERROR Internal Server Error: /checkout/
Traceback (most recent call last):
  File "/home/falcram/.local/lib/python3.12/site-packages/django/core/handlers/exception.py", line 55, in inner
    response = get_response(request)
               ^^^^^^^^^^^^^^^^^^^^^
  File "/home/falcram/.local/lib/python3.12/site-packages/django/core/handlers/base.py", line 197, in _get_response
    response = wrapped_callback(request, *callback_args, **callback_kwargs)
               ^^^^^^^^^^^^^^^^^^^^^^^^^^^^^^^^^^^^^^^^^^^^^^^^^^^^^^^^^^^^
  File "/home/falcram/BSUIR/IGI/253504_DUBOVIK_8/STRWEB/LR1/ZooApp/Zoo/views.py", line 413, in checkout
    return render(request, 'tickets/checkout.html', {'cart_items': cart_items, 'total_cost': total_cost})
           ^^^^^^^^^^^^^^^^^^^^^^^^^^^^^^^^^^^^^^^^^^^^^^^^^^^^^^^^^^^^^^^^^^^^^^^^^^^^^^^^^^^^^^^^^^^^^^
  File "/home/falcram/.local/lib/python3.12/site-packages/django/shortcuts.py", line 25, in render
    content = loader.render_to_string(template_name, context, request, using=using)
              ^^^^^^^^^^^^^^^^^^^^^^^^^^^^^^^^^^^^^^^^^^^^^^^^^^^^^^^^^^^^^^^^^^^^^
  File "/home/falcram/.local/lib/python3.12/site-packages/django/template/loader.py", line 61, in render_to_string
    template = get_template(template_name, using=using)
               ^^^^^^^^^^^^^^^^^^^^^^^^^^^^^^^^^^^^^^^^
  File "/home/falcram/.local/lib/python3.12/site-packages/django/template/loader.py", line 19, in get_template
    raise TemplateDoesNotExist(template_name, chain=chain)
django.template.exceptions.TemplateDoesNotExist: tickets/checkout.html
2024-10-04 15:37:14,292 INFO /home/falcram/BSUIR/IGI/253504_DUBOVIK_8/STRWEB/LR1/ZooApp/Zoo/views.py changed, reloading.
2024-10-04 15:37:20,118 INFO /home/falcram/BSUIR/IGI/253504_DUBOVIK_8/STRWEB/LR1/ZooApp/Zoo/views.py changed, reloading.
2024-10-04 15:37:28,018 INFO /home/falcram/BSUIR/IGI/253504_DUBOVIK_8/STRWEB/LR1/ZooApp/Zoo/views.py changed, reloading.
2024-10-04 15:37:49,957 INFO /home/falcram/BSUIR/IGI/253504_DUBOVIK_8/STRWEB/LR1/ZooApp/Zoo/views.py changed, reloading.
2024-10-04 15:37:59,307 ERROR Internal Server Error: /checkout/
Traceback (most recent call last):
  File "/home/falcram/.local/lib/python3.12/site-packages/django/core/handlers/exception.py", line 55, in inner
    response = get_response(request)
               ^^^^^^^^^^^^^^^^^^^^^
  File "/home/falcram/.local/lib/python3.12/site-packages/django/core/handlers/base.py", line 197, in _get_response
    response = wrapped_callback(request, *callback_args, **callback_kwargs)
               ^^^^^^^^^^^^^^^^^^^^^^^^^^^^^^^^^^^^^^^^^^^^^^^^^^^^^^^^^^^^
  File "/home/falcram/BSUIR/IGI/253504_DUBOVIK_8/STRWEB/LR1/ZooApp/Zoo/views.py", line 413, in checkout
    return render(request, 'checkout.html', {'cart_items': cart_items, 'total_cost': total_cost})
           ^^^^^^^^^^^^^^^^^^^^^^^^^^^^^^^^^^^^^^^^^^^^^^^^^^^^^^^^^^^^^^^^^^^^^^^^^^^^^^^^^^^^^^
  File "/home/falcram/.local/lib/python3.12/site-packages/django/shortcuts.py", line 25, in render
    content = loader.render_to_string(template_name, context, request, using=using)
              ^^^^^^^^^^^^^^^^^^^^^^^^^^^^^^^^^^^^^^^^^^^^^^^^^^^^^^^^^^^^^^^^^^^^^
  File "/home/falcram/.local/lib/python3.12/site-packages/django/template/loader.py", line 61, in render_to_string
    template = get_template(template_name, using=using)
               ^^^^^^^^^^^^^^^^^^^^^^^^^^^^^^^^^^^^^^^^
  File "/home/falcram/.local/lib/python3.12/site-packages/django/template/loader.py", line 15, in get_template
    return engine.get_template(template_name)
           ^^^^^^^^^^^^^^^^^^^^^^^^^^^^^^^^^^
  File "/home/falcram/.local/lib/python3.12/site-packages/django/template/backends/django.py", line 33, in get_template
    return Template(self.engine.get_template(template_name), self)
                    ^^^^^^^^^^^^^^^^^^^^^^^^^^^^^^^^^^^^^^^
  File "/home/falcram/.local/lib/python3.12/site-packages/django/template/engine.py", line 177, in get_template
    template, origin = self.find_template(template_name)
                       ^^^^^^^^^^^^^^^^^^^^^^^^^^^^^^^^^
  File "/home/falcram/.local/lib/python3.12/site-packages/django/template/engine.py", line 159, in find_template
    template = loader.get_template(name, skip=skip)
               ^^^^^^^^^^^^^^^^^^^^^^^^^^^^^^^^^^^^
  File "/home/falcram/.local/lib/python3.12/site-packages/django/template/loaders/cached.py", line 57, in get_template
    template = super().get_template(template_name, skip)
               ^^^^^^^^^^^^^^^^^^^^^^^^^^^^^^^^^^^^^^^^^
  File "/home/falcram/.local/lib/python3.12/site-packages/django/template/loaders/base.py", line 28, in get_template
    return Template(
           ^^^^^^^^^
  File "/home/falcram/.local/lib/python3.12/site-packages/django/template/base.py", line 154, in __init__
    self.nodelist = self.compile_nodelist()
                    ^^^^^^^^^^^^^^^^^^^^^^^
  File "/home/falcram/.local/lib/python3.12/site-packages/django/template/base.py", line 196, in compile_nodelist
    return parser.parse()
           ^^^^^^^^^^^^^^
  File "/home/falcram/.local/lib/python3.12/site-packages/django/template/base.py", line 510, in parse
    raise self.error(token, e)
  File "/home/falcram/.local/lib/python3.12/site-packages/django/template/base.py", line 508, in parse
    compiled_result = compile_func(self, token)
                      ^^^^^^^^^^^^^^^^^^^^^^^^^
  File "/home/falcram/.local/lib/python3.12/site-packages/django/template/loader_tags.py", line 295, in do_extends
    nodelist = parser.parse()
               ^^^^^^^^^^^^^^
  File "/home/falcram/.local/lib/python3.12/site-packages/django/template/base.py", line 510, in parse
    raise self.error(token, e)
  File "/home/falcram/.local/lib/python3.12/site-packages/django/template/base.py", line 508, in parse
    compiled_result = compile_func(self, token)
                      ^^^^^^^^^^^^^^^^^^^^^^^^^
  File "/home/falcram/.local/lib/python3.12/site-packages/django/template/loader_tags.py", line 234, in do_block
    nodelist = parser.parse(("endblock",))
               ^^^^^^^^^^^^^^^^^^^^^^^^^^^
  File "/home/falcram/.local/lib/python3.12/site-packages/django/template/base.py", line 510, in parse
    raise self.error(token, e)
  File "/home/falcram/.local/lib/python3.12/site-packages/django/template/base.py", line 508, in parse
    compiled_result = compile_func(self, token)
                      ^^^^^^^^^^^^^^^^^^^^^^^^^
  File "/home/falcram/.local/lib/python3.12/site-packages/django/template/defaulttags.py", line 861, in do_for
    nodelist_loop = parser.parse(
                    ^^^^^^^^^^^^^
  File "/home/falcram/.local/lib/python3.12/site-packages/django/template/base.py", line 481, in parse
    raise self.error(token, e)
  File "/home/falcram/.local/lib/python3.12/site-packages/django/template/base.py", line 479, in parse
    filter_expression = self.compile_filter(token.contents)
                        ^^^^^^^^^^^^^^^^^^^^^^^^^^^^^^^^^^^
  File "/home/falcram/.local/lib/python3.12/site-packages/django/template/base.py", line 597, in compile_filter
    return FilterExpression(token, self)
           ^^^^^^^^^^^^^^^^^^^^^^^^^^^^^
  File "/home/falcram/.local/lib/python3.12/site-packages/django/template/base.py", line 693, in __init__
    filter_func = parser.find_filter(filter_name)
                  ^^^^^^^^^^^^^^^^^^^^^^^^^^^^^^^
  File "/home/falcram/.local/lib/python3.12/site-packages/django/template/base.py", line 603, in find_filter
    raise TemplateSyntaxError("Invalid filter: '%s'" % filter_name)
django.template.exceptions.TemplateSyntaxError: Invalid filter: 'multiply'
2024-10-04 15:40:29,925 INFO /home/falcram/BSUIR/IGI/253504_DUBOVIK_8/STRWEB/LR1/ZooApp/Zoo/views.py changed, reloading.
2024-10-04 15:40:34,866 ERROR Internal Server Error: /cart/
Traceback (most recent call last):
  File "/home/falcram/.local/lib/python3.12/site-packages/django/core/handlers/exception.py", line 55, in inner
    response = get_response(request)
               ^^^^^^^^^^^^^^^^^^^^^
  File "/home/falcram/.local/lib/python3.12/site-packages/django/core/handlers/base.py", line 197, in _get_response
    response = wrapped_callback(request, *callback_args, **callback_kwargs)
               ^^^^^^^^^^^^^^^^^^^^^^^^^^^^^^^^^^^^^^^^^^^^^^^^^^^^^^^^^^^^
  File "/home/falcram/BSUIR/IGI/253504_DUBOVIK_8/STRWEB/LR1/ZooApp/Zoo/views.py", line 364, in cart_view
    item['total_price'] = item['ticket_date']['ticket']['price'] * item['quantity']
                          ~~~~^^^^^^^^^^^^^^^
TypeError: 'CartItem' object is not subscriptable
2024-10-04 15:43:12,908 INFO /home/falcram/BSUIR/IGI/253504_DUBOVIK_8/STRWEB/LR1/ZooApp/Zoo/views.py changed, reloading.
2024-10-04 15:52:21,429 INFO /home/falcram/BSUIR/IGI/253504_DUBOVIK_8/STRWEB/LR1/ZooApp/Zoo/views.py changed, reloading.
2024-10-04 16:06:10,661 ERROR Internal Server Error: /admin/login/
Traceback (most recent call last):
  File "/home/falcram/.local/lib/python3.12/site-packages/django/core/handlers/exception.py", line 55, in inner
    response = get_response(request)
               ^^^^^^^^^^^^^^^^^^^^^
  File "/home/falcram/.local/lib/python3.12/site-packages/django/core/handlers/base.py", line 197, in _get_response
    response = wrapped_callback(request, *callback_args, **callback_kwargs)
               ^^^^^^^^^^^^^^^^^^^^^^^^^^^^^^^^^^^^^^^^^^^^^^^^^^^^^^^^^^^^
  File "/home/falcram/.local/lib/python3.12/site-packages/django/utils/decorators.py", line 48, in _wrapper
    return bound_method(*args, **kwargs)
           ^^^^^^^^^^^^^^^^^^^^^^^^^^^^^
  File "/home/falcram/.local/lib/python3.12/site-packages/django/views/decorators/cache.py", line 80, in _view_wrapper
    response = view_func(request, *args, **kwargs)
               ^^^^^^^^^^^^^^^^^^^^^^^^^^^^^^^^^^^
  File "/home/falcram/.local/lib/python3.12/site-packages/django/contrib/admin/sites.py", line 421, in login
    **self.each_context(request),
      ^^^^^^^^^^^^^^^^^^^^^^^^^^
  File "/home/falcram/.local/lib/python3.12/site-packages/django/contrib/admin/sites.py", line 335, in each_context
    "available_apps": self.get_app_list(request),
                      ^^^^^^^^^^^^^^^^^^^^^^^^^^
  File "/home/falcram/.local/lib/python3.12/site-packages/django/contrib/admin/sites.py", line 537, in get_app_list
    app_dict = self._build_app_dict(request, app_label)
               ^^^^^^^^^^^^^^^^^^^^^^^^^^^^^^^^^^^^^^^^
  File "/home/falcram/.local/lib/python3.12/site-packages/django/contrib/admin/sites.py", line 479, in _build_app_dict
    has_module_perms = model_admin.has_module_permission(request)
                       ^^^^^^^^^^^^^^^^^^^^^^^^^^^^^^^^^^^^^^^^^^
  File "/home/falcram/.local/lib/python3.12/site-packages/django/contrib/admin/options.py", line 638, in has_module_permission
    return request.user.has_module_perms(self.opts.app_label)
           ^^^^^^^^^^^^^^^^^^^^^^^^^^^^^^^^^^^^^^^^^^^^^^^^^^
  File "/home/falcram/.local/lib/python3.12/site-packages/django/contrib/auth/models.py", line 331, in has_module_perms
    return _user_has_module_perms(self, app_label)
           ^^^^^^^^^^^^^^^^^^^^^^^^^^^^^^^^^^^^^^^
  File "/home/falcram/.local/lib/python3.12/site-packages/django/contrib/auth/models.py", line 235, in _user_has_module_perms
    if backend.has_module_perms(user, app_label):
       ^^^^^^^^^^^^^^^^^^^^^^^^^^^^^^^^^^^^^^^^^
  File "/home/falcram/.local/lib/python3.12/site-packages/django/contrib/auth/backends.py", line 117, in has_module_perms
    for perm in self.get_all_permissions(user_obj)
                ^^^^^^^^^^^^^^^^^^^^^^^^^^^^^^^^^^
  File "/home/falcram/.local/lib/python3.12/site-packages/django/contrib/auth/backends.py", line 105, in get_all_permissions
    user_obj._perm_cache = super().get_all_permissions(user_obj)
                           ^^^^^^^^^^^^^^^^^^^^^^^^^^^^^^^^^^^^^
  File "/home/falcram/.local/lib/python3.12/site-packages/django/contrib/auth/backends.py", line 23, in get_all_permissions
    *self.get_user_permissions(user_obj, obj=obj),
     ^^^^^^^^^^^^^^^^^^^^^^^^^^^^^^^^^^^^^^^^^^^^
  File "/home/falcram/.local/lib/python3.12/site-packages/django/contrib/auth/backends.py", line 92, in get_user_permissions
    return self._get_permissions(user_obj, obj, "user")
           ^^^^^^^^^^^^^^^^^^^^^^^^^^^^^^^^^^^^^^^^^^^^
  File "/home/falcram/.local/lib/python3.12/site-packages/django/contrib/auth/backends.py", line 80, in _get_permissions
    perms = getattr(self, "_get_%s_permissions" % from_name)(user_obj)
            ^^^^^^^^^^^^^^^^^^^^^^^^^^^^^^^^^^^^^^^^^^^^^^^^^^^^^^^^^^
  File "/home/falcram/.local/lib/python3.12/site-packages/django/contrib/auth/backends.py", line 59, in _get_user_permissions
    return user_obj.user_permissions.all()
           ^^^^^^^^^^^^^^^^^^^^^^^^^^^^^
AttributeError: 'NoneType' object has no attribute 'all'
2024-10-04 16:06:11,140 ERROR Internal Server Error: /admin/login/
Traceback (most recent call last):
  File "/home/falcram/.local/lib/python3.12/site-packages/django/core/handlers/exception.py", line 55, in inner
    response = get_response(request)
               ^^^^^^^^^^^^^^^^^^^^^
  File "/home/falcram/.local/lib/python3.12/site-packages/django/core/handlers/base.py", line 197, in _get_response
    response = wrapped_callback(request, *callback_args, **callback_kwargs)
               ^^^^^^^^^^^^^^^^^^^^^^^^^^^^^^^^^^^^^^^^^^^^^^^^^^^^^^^^^^^^
  File "/home/falcram/.local/lib/python3.12/site-packages/django/utils/decorators.py", line 48, in _wrapper
    return bound_method(*args, **kwargs)
           ^^^^^^^^^^^^^^^^^^^^^^^^^^^^^
  File "/home/falcram/.local/lib/python3.12/site-packages/django/views/decorators/cache.py", line 80, in _view_wrapper
    response = view_func(request, *args, **kwargs)
               ^^^^^^^^^^^^^^^^^^^^^^^^^^^^^^^^^^^
  File "/home/falcram/.local/lib/python3.12/site-packages/django/contrib/admin/sites.py", line 421, in login
    **self.each_context(request),
      ^^^^^^^^^^^^^^^^^^^^^^^^^^
  File "/home/falcram/.local/lib/python3.12/site-packages/django/contrib/admin/sites.py", line 335, in each_context
    "available_apps": self.get_app_list(request),
                      ^^^^^^^^^^^^^^^^^^^^^^^^^^
  File "/home/falcram/.local/lib/python3.12/site-packages/django/contrib/admin/sites.py", line 537, in get_app_list
    app_dict = self._build_app_dict(request, app_label)
               ^^^^^^^^^^^^^^^^^^^^^^^^^^^^^^^^^^^^^^^^
  File "/home/falcram/.local/lib/python3.12/site-packages/django/contrib/admin/sites.py", line 479, in _build_app_dict
    has_module_perms = model_admin.has_module_permission(request)
                       ^^^^^^^^^^^^^^^^^^^^^^^^^^^^^^^^^^^^^^^^^^
  File "/home/falcram/.local/lib/python3.12/site-packages/django/contrib/admin/options.py", line 638, in has_module_permission
    return request.user.has_module_perms(self.opts.app_label)
           ^^^^^^^^^^^^^^^^^^^^^^^^^^^^^^^^^^^^^^^^^^^^^^^^^^
  File "/home/falcram/.local/lib/python3.12/site-packages/django/contrib/auth/models.py", line 331, in has_module_perms
    return _user_has_module_perms(self, app_label)
           ^^^^^^^^^^^^^^^^^^^^^^^^^^^^^^^^^^^^^^^
  File "/home/falcram/.local/lib/python3.12/site-packages/django/contrib/auth/models.py", line 235, in _user_has_module_perms
    if backend.has_module_perms(user, app_label):
       ^^^^^^^^^^^^^^^^^^^^^^^^^^^^^^^^^^^^^^^^^
  File "/home/falcram/.local/lib/python3.12/site-packages/django/contrib/auth/backends.py", line 117, in has_module_perms
    for perm in self.get_all_permissions(user_obj)
                ^^^^^^^^^^^^^^^^^^^^^^^^^^^^^^^^^^
  File "/home/falcram/.local/lib/python3.12/site-packages/django/contrib/auth/backends.py", line 105, in get_all_permissions
    user_obj._perm_cache = super().get_all_permissions(user_obj)
                           ^^^^^^^^^^^^^^^^^^^^^^^^^^^^^^^^^^^^^
  File "/home/falcram/.local/lib/python3.12/site-packages/django/contrib/auth/backends.py", line 23, in get_all_permissions
    *self.get_user_permissions(user_obj, obj=obj),
     ^^^^^^^^^^^^^^^^^^^^^^^^^^^^^^^^^^^^^^^^^^^^
  File "/home/falcram/.local/lib/python3.12/site-packages/django/contrib/auth/backends.py", line 92, in get_user_permissions
    return self._get_permissions(user_obj, obj, "user")
           ^^^^^^^^^^^^^^^^^^^^^^^^^^^^^^^^^^^^^^^^^^^^
  File "/home/falcram/.local/lib/python3.12/site-packages/django/contrib/auth/backends.py", line 80, in _get_permissions
    perms = getattr(self, "_get_%s_permissions" % from_name)(user_obj)
            ^^^^^^^^^^^^^^^^^^^^^^^^^^^^^^^^^^^^^^^^^^^^^^^^^^^^^^^^^^
  File "/home/falcram/.local/lib/python3.12/site-packages/django/contrib/auth/backends.py", line 59, in _get_user_permissions
    return user_obj.user_permissions.all()
           ^^^^^^^^^^^^^^^^^^^^^^^^^^^^^
AttributeError: 'NoneType' object has no attribute 'all'
2024-10-04 16:10:35,173 INFO /home/falcram/BSUIR/IGI/253504_DUBOVIK_8/STRWEB/LR1/ZooApp/Zoo/views.py changed, reloading.
2024-10-04 16:10:37,316 ERROR Internal Server Error: /cart/
Traceback (most recent call last):
  File "/home/falcram/.local/lib/python3.12/site-packages/django/core/handlers/exception.py", line 55, in inner
    response = get_response(request)
               ^^^^^^^^^^^^^^^^^^^^^
  File "/home/falcram/.local/lib/python3.12/site-packages/django/core/handlers/base.py", line 197, in _get_response
    response = wrapped_callback(request, *callback_args, **callback_kwargs)
               ^^^^^^^^^^^^^^^^^^^^^^^^^^^^^^^^^^^^^^^^^^^^^^^^^^^^^^^^^^^^
  File "/home/falcram/BSUIR/IGI/253504_DUBOVIK_8/STRWEB/LR1/ZooApp/Zoo/views.py", line 361, in cart_view
    total_cost = sum(order.ticket_date.ticket.price * order.quantity for order in user_orders)
                 ^^^^^^^^^^^^^^^^^^^^^^^^^^^^^^^^^^^^^^^^^^^^^^^^^^^^^^^^^^^^^^^^^^^^^^^^^^^^^
  File "/home/falcram/BSUIR/IGI/253504_DUBOVIK_8/STRWEB/LR1/ZooApp/Zoo/views.py", line 361, in <genexpr>
    total_cost = sum(order.ticket_date.ticket.price * order.quantity for order in user_orders)
                     ^^^^^^^^^^^^^^^^^
AttributeError: 'Order' object has no attribute 'ticket_date'
2024-10-04 16:13:01,099 INFO /home/falcram/BSUIR/IGI/253504_DUBOVIK_8/STRWEB/LR1/ZooApp/Zoo/models.py changed, reloading.
2024-10-04 16:19:48,451 INFO /home/falcram/BSUIR/IGI/253504_DUBOVIK_8/STRWEB/LR1/ZooApp/Zoo/views.py changed, reloading.
2024-10-04 16:20:52,757 INFO /home/falcram/BSUIR/IGI/253504_DUBOVIK_8/STRWEB/LR1/ZooApp/Zoo/views.py changed, reloading.
2024-10-04 16:29:15,206 ERROR Internal Server Error: /admin/login/
Traceback (most recent call last):
  File "/home/falcram/.local/lib/python3.12/site-packages/django/core/handlers/exception.py", line 55, in inner
    response = get_response(request)
               ^^^^^^^^^^^^^^^^^^^^^
  File "/home/falcram/.local/lib/python3.12/site-packages/django/core/handlers/base.py", line 197, in _get_response
    response = wrapped_callback(request, *callback_args, **callback_kwargs)
               ^^^^^^^^^^^^^^^^^^^^^^^^^^^^^^^^^^^^^^^^^^^^^^^^^^^^^^^^^^^^
  File "/home/falcram/.local/lib/python3.12/site-packages/django/utils/decorators.py", line 48, in _wrapper
    return bound_method(*args, **kwargs)
           ^^^^^^^^^^^^^^^^^^^^^^^^^^^^^
  File "/home/falcram/.local/lib/python3.12/site-packages/django/views/decorators/cache.py", line 80, in _view_wrapper
    response = view_func(request, *args, **kwargs)
               ^^^^^^^^^^^^^^^^^^^^^^^^^^^^^^^^^^^
  File "/home/falcram/.local/lib/python3.12/site-packages/django/contrib/admin/sites.py", line 421, in login
    **self.each_context(request),
      ^^^^^^^^^^^^^^^^^^^^^^^^^^
  File "/home/falcram/.local/lib/python3.12/site-packages/django/contrib/admin/sites.py", line 335, in each_context
    "available_apps": self.get_app_list(request),
                      ^^^^^^^^^^^^^^^^^^^^^^^^^^
  File "/home/falcram/.local/lib/python3.12/site-packages/django/contrib/admin/sites.py", line 537, in get_app_list
    app_dict = self._build_app_dict(request, app_label)
               ^^^^^^^^^^^^^^^^^^^^^^^^^^^^^^^^^^^^^^^^
  File "/home/falcram/.local/lib/python3.12/site-packages/django/contrib/admin/sites.py", line 479, in _build_app_dict
    has_module_perms = model_admin.has_module_permission(request)
                       ^^^^^^^^^^^^^^^^^^^^^^^^^^^^^^^^^^^^^^^^^^
  File "/home/falcram/.local/lib/python3.12/site-packages/django/contrib/admin/options.py", line 638, in has_module_permission
    return request.user.has_module_perms(self.opts.app_label)
           ^^^^^^^^^^^^^^^^^^^^^^^^^^^^^^^^^^^^^^^^^^^^^^^^^^
  File "/home/falcram/.local/lib/python3.12/site-packages/django/contrib/auth/models.py", line 331, in has_module_perms
    return _user_has_module_perms(self, app_label)
           ^^^^^^^^^^^^^^^^^^^^^^^^^^^^^^^^^^^^^^^
  File "/home/falcram/.local/lib/python3.12/site-packages/django/contrib/auth/models.py", line 235, in _user_has_module_perms
    if backend.has_module_perms(user, app_label):
       ^^^^^^^^^^^^^^^^^^^^^^^^^^^^^^^^^^^^^^^^^
  File "/home/falcram/.local/lib/python3.12/site-packages/django/contrib/auth/backends.py", line 117, in has_module_perms
    for perm in self.get_all_permissions(user_obj)
                ^^^^^^^^^^^^^^^^^^^^^^^^^^^^^^^^^^
  File "/home/falcram/.local/lib/python3.12/site-packages/django/contrib/auth/backends.py", line 105, in get_all_permissions
    user_obj._perm_cache = super().get_all_permissions(user_obj)
                           ^^^^^^^^^^^^^^^^^^^^^^^^^^^^^^^^^^^^^
  File "/home/falcram/.local/lib/python3.12/site-packages/django/contrib/auth/backends.py", line 23, in get_all_permissions
    *self.get_user_permissions(user_obj, obj=obj),
     ^^^^^^^^^^^^^^^^^^^^^^^^^^^^^^^^^^^^^^^^^^^^
  File "/home/falcram/.local/lib/python3.12/site-packages/django/contrib/auth/backends.py", line 92, in get_user_permissions
    return self._get_permissions(user_obj, obj, "user")
           ^^^^^^^^^^^^^^^^^^^^^^^^^^^^^^^^^^^^^^^^^^^^
  File "/home/falcram/.local/lib/python3.12/site-packages/django/contrib/auth/backends.py", line 80, in _get_permissions
    perms = getattr(self, "_get_%s_permissions" % from_name)(user_obj)
            ^^^^^^^^^^^^^^^^^^^^^^^^^^^^^^^^^^^^^^^^^^^^^^^^^^^^^^^^^^
  File "/home/falcram/.local/lib/python3.12/site-packages/django/contrib/auth/backends.py", line 59, in _get_user_permissions
    return user_obj.user_permissions.all()
           ^^^^^^^^^^^^^^^^^^^^^^^^^^^^^
AttributeError: 'NoneType' object has no attribute 'all'
2024-10-04 16:29:15,754 ERROR Internal Server Error: /admin/login/
Traceback (most recent call last):
  File "/home/falcram/.local/lib/python3.12/site-packages/django/core/handlers/exception.py", line 55, in inner
    response = get_response(request)
               ^^^^^^^^^^^^^^^^^^^^^
  File "/home/falcram/.local/lib/python3.12/site-packages/django/core/handlers/base.py", line 197, in _get_response
    response = wrapped_callback(request, *callback_args, **callback_kwargs)
               ^^^^^^^^^^^^^^^^^^^^^^^^^^^^^^^^^^^^^^^^^^^^^^^^^^^^^^^^^^^^
  File "/home/falcram/.local/lib/python3.12/site-packages/django/utils/decorators.py", line 48, in _wrapper
    return bound_method(*args, **kwargs)
           ^^^^^^^^^^^^^^^^^^^^^^^^^^^^^
  File "/home/falcram/.local/lib/python3.12/site-packages/django/views/decorators/cache.py", line 80, in _view_wrapper
    response = view_func(request, *args, **kwargs)
               ^^^^^^^^^^^^^^^^^^^^^^^^^^^^^^^^^^^
  File "/home/falcram/.local/lib/python3.12/site-packages/django/contrib/admin/sites.py", line 421, in login
    **self.each_context(request),
      ^^^^^^^^^^^^^^^^^^^^^^^^^^
  File "/home/falcram/.local/lib/python3.12/site-packages/django/contrib/admin/sites.py", line 335, in each_context
    "available_apps": self.get_app_list(request),
                      ^^^^^^^^^^^^^^^^^^^^^^^^^^
  File "/home/falcram/.local/lib/python3.12/site-packages/django/contrib/admin/sites.py", line 537, in get_app_list
    app_dict = self._build_app_dict(request, app_label)
               ^^^^^^^^^^^^^^^^^^^^^^^^^^^^^^^^^^^^^^^^
  File "/home/falcram/.local/lib/python3.12/site-packages/django/contrib/admin/sites.py", line 479, in _build_app_dict
    has_module_perms = model_admin.has_module_permission(request)
                       ^^^^^^^^^^^^^^^^^^^^^^^^^^^^^^^^^^^^^^^^^^
  File "/home/falcram/.local/lib/python3.12/site-packages/django/contrib/admin/options.py", line 638, in has_module_permission
    return request.user.has_module_perms(self.opts.app_label)
           ^^^^^^^^^^^^^^^^^^^^^^^^^^^^^^^^^^^^^^^^^^^^^^^^^^
  File "/home/falcram/.local/lib/python3.12/site-packages/django/contrib/auth/models.py", line 331, in has_module_perms
    return _user_has_module_perms(self, app_label)
           ^^^^^^^^^^^^^^^^^^^^^^^^^^^^^^^^^^^^^^^
  File "/home/falcram/.local/lib/python3.12/site-packages/django/contrib/auth/models.py", line 235, in _user_has_module_perms
    if backend.has_module_perms(user, app_label):
       ^^^^^^^^^^^^^^^^^^^^^^^^^^^^^^^^^^^^^^^^^
  File "/home/falcram/.local/lib/python3.12/site-packages/django/contrib/auth/backends.py", line 117, in has_module_perms
    for perm in self.get_all_permissions(user_obj)
                ^^^^^^^^^^^^^^^^^^^^^^^^^^^^^^^^^^
  File "/home/falcram/.local/lib/python3.12/site-packages/django/contrib/auth/backends.py", line 105, in get_all_permissions
    user_obj._perm_cache = super().get_all_permissions(user_obj)
                           ^^^^^^^^^^^^^^^^^^^^^^^^^^^^^^^^^^^^^
  File "/home/falcram/.local/lib/python3.12/site-packages/django/contrib/auth/backends.py", line 23, in get_all_permissions
    *self.get_user_permissions(user_obj, obj=obj),
     ^^^^^^^^^^^^^^^^^^^^^^^^^^^^^^^^^^^^^^^^^^^^
  File "/home/falcram/.local/lib/python3.12/site-packages/django/contrib/auth/backends.py", line 92, in get_user_permissions
    return self._get_permissions(user_obj, obj, "user")
           ^^^^^^^^^^^^^^^^^^^^^^^^^^^^^^^^^^^^^^^^^^^^
  File "/home/falcram/.local/lib/python3.12/site-packages/django/contrib/auth/backends.py", line 80, in _get_permissions
    perms = getattr(self, "_get_%s_permissions" % from_name)(user_obj)
            ^^^^^^^^^^^^^^^^^^^^^^^^^^^^^^^^^^^^^^^^^^^^^^^^^^^^^^^^^^
  File "/home/falcram/.local/lib/python3.12/site-packages/django/contrib/auth/backends.py", line 59, in _get_user_permissions
    return user_obj.user_permissions.all()
           ^^^^^^^^^^^^^^^^^^^^^^^^^^^^^
AttributeError: 'NoneType' object has no attribute 'all'
2024-10-04 16:29:26,963 WARNING Not Found: /ladminn
2024-10-04 16:29:29,439 WARNING Not Found: /ladmin
2024-10-04 16:36:42,198 INFO /home/falcram/BSUIR/IGI/253504_DUBOVIK_8/STRWEB/LR1/ZooApp/Zoo/views.py changed, reloading.
2024-10-04 16:40:34,747 INFO /home/falcram/BSUIR/IGI/253504_DUBOVIK_8/STRWEB/LR1/ZooApp/Zoo/views.py changed, reloading.
2024-10-04 16:48:01,624 INFO /home/falcram/BSUIR/IGI/253504_DUBOVIK_8/STRWEB/LR1/ZooApp/Zoo/views.py changed, reloading.
2024-10-04 16:53:38,669 INFO /home/falcram/BSUIR/IGI/253504_DUBOVIK_8/STRWEB/LR1/ZooApp/Zoo/models.py changed, reloading.
2024-10-04 16:59:00,461 INFO /home/falcram/BSUIR/IGI/253504_DUBOVIK_8/STRWEB/LR1/ZooApp/Zoo/views.py changed, reloading.
2024-10-04 17:06:07,052 INFO /home/falcram/BSUIR/IGI/253504_DUBOVIK_8/STRWEB/LR1/ZooApp/Zoo/views.py changed, reloading.
2024-10-04 17:08:36,257 INFO /home/falcram/BSUIR/IGI/253504_DUBOVIK_8/STRWEB/LR1/ZooApp/Zoo/views.py changed, reloading.
2024-10-04 17:08:47,670 ERROR Internal Server Error: /checkout/
Traceback (most recent call last):
  File "/home/falcram/.local/lib/python3.12/site-packages/django/core/handlers/exception.py", line 55, in inner
    response = get_response(request)
               ^^^^^^^^^^^^^^^^^^^^^
  File "/home/falcram/.local/lib/python3.12/site-packages/django/core/handlers/base.py", line 197, in _get_response
    response = wrapped_callback(request, *callback_args, **callback_kwargs)
               ^^^^^^^^^^^^^^^^^^^^^^^^^^^^^^^^^^^^^^^^^^^^^^^^^^^^^^^^^^^^
  File "/home/falcram/BSUIR/IGI/253504_DUBOVIK_8/STRWEB/LR1/ZooApp/Zoo/views.py", line 412, in checkout
    return redirect('success', order.get_total_cost())
           ^^^^^^^^^^^^^^^^^^^^^^^^^^^^^^^^^^^^^^^^^^^
  File "/home/falcram/.local/lib/python3.12/site-packages/django/shortcuts.py", line 49, in redirect
    return redirect_class(resolve_url(to, *args, **kwargs))
                          ^^^^^^^^^^^^^^^^^^^^^^^^^^^^^^^^
  File "/home/falcram/.local/lib/python3.12/site-packages/django/shortcuts.py", line 180, in resolve_url
    return reverse(to, args=args, kwargs=kwargs)
           ^^^^^^^^^^^^^^^^^^^^^^^^^^^^^^^^^^^^^
  File "/home/falcram/.local/lib/python3.12/site-packages/django/urls/base.py", line 88, in reverse
    return resolver._reverse_with_prefix(view, prefix, *args, **kwargs)
           ^^^^^^^^^^^^^^^^^^^^^^^^^^^^^^^^^^^^^^^^^^^^^^^^^^^^^^^^^^^^
  File "/home/falcram/.local/lib/python3.12/site-packages/django/urls/resolvers.py", line 851, in _reverse_with_prefix
    raise NoReverseMatch(msg)
django.urls.exceptions.NoReverseMatch: Reverse for 'success' with arguments '(Decimal('0.00'),)' not found. 1 pattern(s) tried: ['success/\\Z']
2024-10-04 17:09:48,834 INFO /home/falcram/BSUIR/IGI/253504_DUBOVIK_8/STRWEB/LR1/ZooApp/Zoo/views.py changed, reloading.
2024-10-04 17:09:54,528 ERROR Internal Server Error: /checkout/
Traceback (most recent call last):
  File "/home/falcram/.local/lib/python3.12/site-packages/django/core/handlers/exception.py", line 55, in inner
    response = get_response(request)
               ^^^^^^^^^^^^^^^^^^^^^
  File "/home/falcram/.local/lib/python3.12/site-packages/django/core/handlers/base.py", line 197, in _get_response
    response = wrapped_callback(request, *callback_args, **callback_kwargs)
               ^^^^^^^^^^^^^^^^^^^^^^^^^^^^^^^^^^^^^^^^^^^^^^^^^^^^^^^^^^^^
  File "/home/falcram/BSUIR/IGI/253504_DUBOVIK_8/STRWEB/LR1/ZooApp/Zoo/views.py", line 412, in checkout
    return redirect('success', order.get_total_cost())
           ^^^^^^^^^^^^^^^^^^^^^^^^^^^^^^^^^^^^^^^^^^^
  File "/home/falcram/.local/lib/python3.12/site-packages/django/shortcuts.py", line 49, in redirect
    return redirect_class(resolve_url(to, *args, **kwargs))
                          ^^^^^^^^^^^^^^^^^^^^^^^^^^^^^^^^
  File "/home/falcram/.local/lib/python3.12/site-packages/django/shortcuts.py", line 180, in resolve_url
    return reverse(to, args=args, kwargs=kwargs)
           ^^^^^^^^^^^^^^^^^^^^^^^^^^^^^^^^^^^^^
  File "/home/falcram/.local/lib/python3.12/site-packages/django/urls/base.py", line 88, in reverse
    return resolver._reverse_with_prefix(view, prefix, *args, **kwargs)
           ^^^^^^^^^^^^^^^^^^^^^^^^^^^^^^^^^^^^^^^^^^^^^^^^^^^^^^^^^^^^
  File "/home/falcram/.local/lib/python3.12/site-packages/django/urls/resolvers.py", line 851, in _reverse_with_prefix
    raise NoReverseMatch(msg)
django.urls.exceptions.NoReverseMatch: Reverse for 'success' with arguments '(Decimal('0.00'),)' not found. 1 pattern(s) tried: ['success/\\Z']
2024-10-04 17:10:08,255 ERROR Internal Server Error: /checkout/
Traceback (most recent call last):
  File "/home/falcram/.local/lib/python3.12/site-packages/django/core/handlers/exception.py", line 55, in inner
    response = get_response(request)
               ^^^^^^^^^^^^^^^^^^^^^
  File "/home/falcram/.local/lib/python3.12/site-packages/django/core/handlers/base.py", line 197, in _get_response
    response = wrapped_callback(request, *callback_args, **callback_kwargs)
               ^^^^^^^^^^^^^^^^^^^^^^^^^^^^^^^^^^^^^^^^^^^^^^^^^^^^^^^^^^^^
  File "/home/falcram/BSUIR/IGI/253504_DUBOVIK_8/STRWEB/LR1/ZooApp/Zoo/views.py", line 412, in checkout
    return redirect('success', order.get_total_cost())
           ^^^^^^^^^^^^^^^^^^^^^^^^^^^^^^^^^^^^^^^^^^^
  File "/home/falcram/.local/lib/python3.12/site-packages/django/shortcuts.py", line 49, in redirect
    return redirect_class(resolve_url(to, *args, **kwargs))
                          ^^^^^^^^^^^^^^^^^^^^^^^^^^^^^^^^
  File "/home/falcram/.local/lib/python3.12/site-packages/django/shortcuts.py", line 180, in resolve_url
    return reverse(to, args=args, kwargs=kwargs)
           ^^^^^^^^^^^^^^^^^^^^^^^^^^^^^^^^^^^^^
  File "/home/falcram/.local/lib/python3.12/site-packages/django/urls/base.py", line 88, in reverse
    return resolver._reverse_with_prefix(view, prefix, *args, **kwargs)
           ^^^^^^^^^^^^^^^^^^^^^^^^^^^^^^^^^^^^^^^^^^^^^^^^^^^^^^^^^^^^
  File "/home/falcram/.local/lib/python3.12/site-packages/django/urls/resolvers.py", line 851, in _reverse_with_prefix
    raise NoReverseMatch(msg)
django.urls.exceptions.NoReverseMatch: Reverse for 'success' with arguments '(Decimal('0.00'),)' not found. 1 pattern(s) tried: ['success/\\Z']
2024-10-04 17:14:44,266 INFO /home/falcram/BSUIR/IGI/253504_DUBOVIK_8/STRWEB/LR1/ZooApp/Zoo/views.py changed, reloading.
2024-10-04 17:15:29,762 INFO /home/falcram/BSUIR/IGI/253504_DUBOVIK_8/STRWEB/LR1/ZooApp/Zoo/views.py changed, reloading.
2024-10-04 17:15:52,716 ERROR Internal Server Error: /checkout/
Traceback (most recent call last):
  File "/home/falcram/BSUIR/IGI/253504_DUBOVIK_8/STRWEB/LR1/ZooApp/Zoo/views.py", line 399, in checkout
    promo = PromoCode.objects.get(code=promo_code)
            ^^^^^^^^^^^^^^^^^^^^^^^^^^^^^^^^^^^^^^
  File "/home/falcram/.local/lib/python3.12/site-packages/django/db/models/manager.py", line 87, in manager_method
    return getattr(self.get_queryset(), name)(*args, **kwargs)
           ^^^^^^^^^^^^^^^^^^^^^^^^^^^^^^^^^^^^^^^^^^^^^^^^^^^
  File "/home/falcram/.local/lib/python3.12/site-packages/django/db/models/query.py", line 649, in get
    raise self.model.DoesNotExist(
Zoo.models.PromoCode.DoesNotExist: PromoCode matching query does not exist.

During handling of the above exception, another exception occurred:

Traceback (most recent call last):
  File "/home/falcram/.local/lib/python3.12/site-packages/django/core/handlers/exception.py", line 55, in inner
    response = get_response(request)
               ^^^^^^^^^^^^^^^^^^^^^
  File "/home/falcram/.local/lib/python3.12/site-packages/django/core/handlers/base.py", line 197, in _get_response
    response = wrapped_callback(request, *callback_args, **callback_kwargs)
               ^^^^^^^^^^^^^^^^^^^^^^^^^^^^^^^^^^^^^^^^^^^^^^^^^^^^^^^^^^^^
  File "/home/falcram/BSUIR/IGI/253504_DUBOVIK_8/STRWEB/LR1/ZooApp/Zoo/views.py", line 401, in checkout
    return render(request, 'error.html', {'error': 'Неверный промокод'})
           ^^^^^^^^^^^^^^^^^^^^^^^^^^^^^^^^^^^^^^^^^^^^^^^^^^^^^^^^^^^^^
  File "/home/falcram/.local/lib/python3.12/site-packages/django/shortcuts.py", line 25, in render
    content = loader.render_to_string(template_name, context, request, using=using)
              ^^^^^^^^^^^^^^^^^^^^^^^^^^^^^^^^^^^^^^^^^^^^^^^^^^^^^^^^^^^^^^^^^^^^^
  File "/home/falcram/.local/lib/python3.12/site-packages/django/template/loader.py", line 61, in render_to_string
    template = get_template(template_name, using=using)
               ^^^^^^^^^^^^^^^^^^^^^^^^^^^^^^^^^^^^^^^^
  File "/home/falcram/.local/lib/python3.12/site-packages/django/template/loader.py", line 19, in get_template
    raise TemplateDoesNotExist(template_name, chain=chain)
django.template.exceptions.TemplateDoesNotExist: error.html
2024-10-04 17:17:22,751 INFO /home/falcram/BSUIR/IGI/253504_DUBOVIK_8/STRWEB/LR1/ZooApp/Zoo/views.py changed, reloading.
2024-10-04 17:19:49,955 INFO /home/falcram/BSUIR/IGI/253504_DUBOVIK_8/STRWEB/LR1/ZooApp/Zoo/views.py changed, reloading.
2024-10-04 17:20:08,068 INFO /home/falcram/BSUIR/IGI/253504_DUBOVIK_8/STRWEB/LR1/ZooApp/Zoo/views.py changed, reloading.
2024-10-04 19:03:03,168 INFO /home/falcram/BSUIR/IGI/253504_DUBOVIK_8/STRWEB/LR1/ZooApp/Zoo/views.py changed, reloading.
2024-10-04 19:05:32,153 INFO /home/falcram/BSUIR/IGI/253504_DUBOVIK_8/STRWEB/LR1/ZooApp/Zoo/views.py changed, reloading.
2024-10-04 19:06:21,804 ERROR Internal Server Error: /cart/
Traceback (most recent call last):
  File "/home/falcram/.local/lib/python3.12/site-packages/django/core/handlers/exception.py", line 55, in inner
    response = get_response(request)
               ^^^^^^^^^^^^^^^^^^^^^
  File "/home/falcram/.local/lib/python3.12/site-packages/django/core/handlers/base.py", line 197, in _get_response
    response = wrapped_callback(request, *callback_args, **callback_kwargs)
               ^^^^^^^^^^^^^^^^^^^^^^^^^^^^^^^^^^^^^^^^^^^^^^^^^^^^^^^^^^^^
  File "/home/falcram/BSUIR/IGI/253504_DUBOVIK_8/STRWEB/LR1/ZooApp/Zoo/views.py", line 370, in cart_view
    return render(request, 'cart.html', {
           ^^^^^^^^^^^^^^^^^^^^^^^^^^^^^^
  File "/home/falcram/.local/lib/python3.12/site-packages/django/shortcuts.py", line 25, in render
    content = loader.render_to_string(template_name, context, request, using=using)
              ^^^^^^^^^^^^^^^^^^^^^^^^^^^^^^^^^^^^^^^^^^^^^^^^^^^^^^^^^^^^^^^^^^^^^
  File "/home/falcram/.local/lib/python3.12/site-packages/django/template/loader.py", line 62, in render_to_string
    return template.render(context, request)
           ^^^^^^^^^^^^^^^^^^^^^^^^^^^^^^^^^
  File "/home/falcram/.local/lib/python3.12/site-packages/django/template/backends/django.py", line 61, in render
    return self.template.render(context)
           ^^^^^^^^^^^^^^^^^^^^^^^^^^^^^
  File "/home/falcram/.local/lib/python3.12/site-packages/django/template/base.py", line 171, in render
    return self._render(context)
           ^^^^^^^^^^^^^^^^^^^^^
  File "/home/falcram/.local/lib/python3.12/site-packages/django/template/base.py", line 163, in _render
    return self.nodelist.render(context)
           ^^^^^^^^^^^^^^^^^^^^^^^^^^^^^
  File "/home/falcram/.local/lib/python3.12/site-packages/django/template/base.py", line 1000, in render
    return SafeString("".join([node.render_annotated(context) for node in self]))
                               ^^^^^^^^^^^^^^^^^^^^^^^^^^^^^^
  File "/home/falcram/.local/lib/python3.12/site-packages/django/template/base.py", line 961, in render_annotated
    return self.render(context)
           ^^^^^^^^^^^^^^^^^^^^
  File "/home/falcram/.local/lib/python3.12/site-packages/django/template/loader_tags.py", line 159, in render
    return compiled_parent._render(context)
           ^^^^^^^^^^^^^^^^^^^^^^^^^^^^^^^^
  File "/home/falcram/.local/lib/python3.12/site-packages/django/template/base.py", line 163, in _render
    return self.nodelist.render(context)
           ^^^^^^^^^^^^^^^^^^^^^^^^^^^^^
  File "/home/falcram/.local/lib/python3.12/site-packages/django/template/base.py", line 1000, in render
    return SafeString("".join([node.render_annotated(context) for node in self]))
                               ^^^^^^^^^^^^^^^^^^^^^^^^^^^^^^
  File "/home/falcram/.local/lib/python3.12/site-packages/django/template/base.py", line 961, in render_annotated
    return self.render(context)
           ^^^^^^^^^^^^^^^^^^^^
  File "/home/falcram/.local/lib/python3.12/site-packages/django/template/loader_tags.py", line 65, in render
    result = block.nodelist.render(context)
             ^^^^^^^^^^^^^^^^^^^^^^^^^^^^^^
  File "/home/falcram/.local/lib/python3.12/site-packages/django/template/base.py", line 1000, in render
    return SafeString("".join([node.render_annotated(context) for node in self]))
                               ^^^^^^^^^^^^^^^^^^^^^^^^^^^^^^
  File "/home/falcram/.local/lib/python3.12/site-packages/django/template/base.py", line 961, in render_annotated
    return self.render(context)
           ^^^^^^^^^^^^^^^^^^^^
  File "/home/falcram/.local/lib/python3.12/site-packages/django/template/defaulttags.py", line 479, in render
    url = reverse(view_name, args=args, kwargs=kwargs, current_app=current_app)
          ^^^^^^^^^^^^^^^^^^^^^^^^^^^^^^^^^^^^^^^^^^^^^^^^^^^^^^^^^^^^^^^^^^^^^
  File "/home/falcram/.local/lib/python3.12/site-packages/django/urls/base.py", line 88, in reverse
    return resolver._reverse_with_prefix(view, prefix, *args, **kwargs)
           ^^^^^^^^^^^^^^^^^^^^^^^^^^^^^^^^^^^^^^^^^^^^^^^^^^^^^^^^^^^^
  File "/home/falcram/.local/lib/python3.12/site-packages/django/urls/resolvers.py", line 851, in _reverse_with_prefix
    raise NoReverseMatch(msg)
django.urls.exceptions.NoReverseMatch: Reverse for 'clear_cart' not found. 'clear_cart' is not a valid view function or pattern name.
2024-10-04 19:07:52,887 INFO /home/falcram/BSUIR/IGI/253504_DUBOVIK_8/STRWEB/LR1/ZooApp/Zoo/views.py changed, reloading.
2024-10-04 19:08:03,404 ERROR Internal Server Error: /cart/
Traceback (most recent call last):
  File "/home/falcram/.local/lib/python3.12/site-packages/django/core/handlers/exception.py", line 55, in inner
    response = get_response(request)
               ^^^^^^^^^^^^^^^^^^^^^
  File "/home/falcram/.local/lib/python3.12/site-packages/django/core/handlers/base.py", line 197, in _get_response
    response = wrapped_callback(request, *callback_args, **callback_kwargs)
               ^^^^^^^^^^^^^^^^^^^^^^^^^^^^^^^^^^^^^^^^^^^^^^^^^^^^^^^^^^^^
  File "/home/falcram/BSUIR/IGI/253504_DUBOVIK_8/STRWEB/LR1/ZooApp/Zoo/views.py", line 370, in cart_view
    return render(request, 'cart.html', {
           ^^^^^^^^^^^^^^^^^^^^^^^^^^^^^^
  File "/home/falcram/.local/lib/python3.12/site-packages/django/shortcuts.py", line 25, in render
    content = loader.render_to_string(template_name, context, request, using=using)
              ^^^^^^^^^^^^^^^^^^^^^^^^^^^^^^^^^^^^^^^^^^^^^^^^^^^^^^^^^^^^^^^^^^^^^
  File "/home/falcram/.local/lib/python3.12/site-packages/django/template/loader.py", line 62, in render_to_string
    return template.render(context, request)
           ^^^^^^^^^^^^^^^^^^^^^^^^^^^^^^^^^
  File "/home/falcram/.local/lib/python3.12/site-packages/django/template/backends/django.py", line 61, in render
    return self.template.render(context)
           ^^^^^^^^^^^^^^^^^^^^^^^^^^^^^
  File "/home/falcram/.local/lib/python3.12/site-packages/django/template/base.py", line 171, in render
    return self._render(context)
           ^^^^^^^^^^^^^^^^^^^^^
  File "/home/falcram/.local/lib/python3.12/site-packages/django/template/base.py", line 163, in _render
    return self.nodelist.render(context)
           ^^^^^^^^^^^^^^^^^^^^^^^^^^^^^
  File "/home/falcram/.local/lib/python3.12/site-packages/django/template/base.py", line 1000, in render
    return SafeString("".join([node.render_annotated(context) for node in self]))
                               ^^^^^^^^^^^^^^^^^^^^^^^^^^^^^^
  File "/home/falcram/.local/lib/python3.12/site-packages/django/template/base.py", line 961, in render_annotated
    return self.render(context)
           ^^^^^^^^^^^^^^^^^^^^
  File "/home/falcram/.local/lib/python3.12/site-packages/django/template/loader_tags.py", line 159, in render
    return compiled_parent._render(context)
           ^^^^^^^^^^^^^^^^^^^^^^^^^^^^^^^^
  File "/home/falcram/.local/lib/python3.12/site-packages/django/template/base.py", line 163, in _render
    return self.nodelist.render(context)
           ^^^^^^^^^^^^^^^^^^^^^^^^^^^^^
  File "/home/falcram/.local/lib/python3.12/site-packages/django/template/base.py", line 1000, in render
    return SafeString("".join([node.render_annotated(context) for node in self]))
                               ^^^^^^^^^^^^^^^^^^^^^^^^^^^^^^
  File "/home/falcram/.local/lib/python3.12/site-packages/django/template/base.py", line 961, in render_annotated
    return self.render(context)
           ^^^^^^^^^^^^^^^^^^^^
  File "/home/falcram/.local/lib/python3.12/site-packages/django/template/loader_tags.py", line 65, in render
    result = block.nodelist.render(context)
             ^^^^^^^^^^^^^^^^^^^^^^^^^^^^^^
  File "/home/falcram/.local/lib/python3.12/site-packages/django/template/base.py", line 1000, in render
    return SafeString("".join([node.render_annotated(context) for node in self]))
                               ^^^^^^^^^^^^^^^^^^^^^^^^^^^^^^
  File "/home/falcram/.local/lib/python3.12/site-packages/django/template/base.py", line 961, in render_annotated
    return self.render(context)
           ^^^^^^^^^^^^^^^^^^^^
  File "/home/falcram/.local/lib/python3.12/site-packages/django/template/defaulttags.py", line 479, in render
    url = reverse(view_name, args=args, kwargs=kwargs, current_app=current_app)
          ^^^^^^^^^^^^^^^^^^^^^^^^^^^^^^^^^^^^^^^^^^^^^^^^^^^^^^^^^^^^^^^^^^^^^
  File "/home/falcram/.local/lib/python3.12/site-packages/django/urls/base.py", line 88, in reverse
    return resolver._reverse_with_prefix(view, prefix, *args, **kwargs)
           ^^^^^^^^^^^^^^^^^^^^^^^^^^^^^^^^^^^^^^^^^^^^^^^^^^^^^^^^^^^^
  File "/home/falcram/.local/lib/python3.12/site-packages/django/urls/resolvers.py", line 851, in _reverse_with_prefix
    raise NoReverseMatch(msg)
django.urls.exceptions.NoReverseMatch: Reverse for 'clear_cart' not found. 'clear_cart' is not a valid view function or pattern name.
2024-10-04 19:08:25,976 INFO /home/falcram/BSUIR/IGI/253504_DUBOVIK_8/STRWEB/LR1/ZooApp/ZooApp/urls.py changed, reloading.
2024-10-04 19:11:20,405 INFO /home/falcram/BSUIR/IGI/253504_DUBOVIK_8/STRWEB/LR1/ZooApp/Zoo/views.py changed, reloading.
2024-10-04 19:45:44,824 INFO /home/falcram/BSUIR/IGI/253504_DUBOVIK_8/STRWEB/LR1/ZooApp/Zoo/views.py changed, reloading.
2024-10-04 19:45:57,969 ERROR Internal Server Error: /cart/
Traceback (most recent call last):
  File "/home/falcram/.local/lib/python3.12/site-packages/django/core/handlers/exception.py", line 55, in inner
    response = get_response(request)
               ^^^^^^^^^^^^^^^^^^^^^
  File "/home/falcram/.local/lib/python3.12/site-packages/django/core/handlers/base.py", line 197, in _get_response
    response = wrapped_callback(request, *callback_args, **callback_kwargs)
               ^^^^^^^^^^^^^^^^^^^^^^^^^^^^^^^^^^^^^^^^^^^^^^^^^^^^^^^^^^^^
  File "/home/falcram/BSUIR/IGI/253504_DUBOVIK_8/STRWEB/LR1/ZooApp/Zoo/views.py", line 362, in cart_view
    return render(request, 'cart.html', {
           ^^^^^^^^^^^^^^^^^^^^^^^^^^^^^^
  File "/home/falcram/.local/lib/python3.12/site-packages/django/shortcuts.py", line 25, in render
    content = loader.render_to_string(template_name, context, request, using=using)
              ^^^^^^^^^^^^^^^^^^^^^^^^^^^^^^^^^^^^^^^^^^^^^^^^^^^^^^^^^^^^^^^^^^^^^
  File "/home/falcram/.local/lib/python3.12/site-packages/django/template/loader.py", line 62, in render_to_string
    return template.render(context, request)
           ^^^^^^^^^^^^^^^^^^^^^^^^^^^^^^^^^
  File "/home/falcram/.local/lib/python3.12/site-packages/django/template/backends/django.py", line 61, in render
    return self.template.render(context)
           ^^^^^^^^^^^^^^^^^^^^^^^^^^^^^
  File "/home/falcram/.local/lib/python3.12/site-packages/django/template/base.py", line 171, in render
    return self._render(context)
           ^^^^^^^^^^^^^^^^^^^^^
  File "/home/falcram/.local/lib/python3.12/site-packages/django/template/base.py", line 163, in _render
    return self.nodelist.render(context)
           ^^^^^^^^^^^^^^^^^^^^^^^^^^^^^
  File "/home/falcram/.local/lib/python3.12/site-packages/django/template/base.py", line 1000, in render
    return SafeString("".join([node.render_annotated(context) for node in self]))
                               ^^^^^^^^^^^^^^^^^^^^^^^^^^^^^^
  File "/home/falcram/.local/lib/python3.12/site-packages/django/template/base.py", line 961, in render_annotated
    return self.render(context)
           ^^^^^^^^^^^^^^^^^^^^
  File "/home/falcram/.local/lib/python3.12/site-packages/django/template/loader_tags.py", line 159, in render
    return compiled_parent._render(context)
           ^^^^^^^^^^^^^^^^^^^^^^^^^^^^^^^^
  File "/home/falcram/.local/lib/python3.12/site-packages/django/template/base.py", line 163, in _render
    return self.nodelist.render(context)
           ^^^^^^^^^^^^^^^^^^^^^^^^^^^^^
  File "/home/falcram/.local/lib/python3.12/site-packages/django/template/base.py", line 1000, in render
    return SafeString("".join([node.render_annotated(context) for node in self]))
                               ^^^^^^^^^^^^^^^^^^^^^^^^^^^^^^
  File "/home/falcram/.local/lib/python3.12/site-packages/django/template/base.py", line 961, in render_annotated
    return self.render(context)
           ^^^^^^^^^^^^^^^^^^^^
  File "/home/falcram/.local/lib/python3.12/site-packages/django/template/loader_tags.py", line 65, in render
    result = block.nodelist.render(context)
             ^^^^^^^^^^^^^^^^^^^^^^^^^^^^^^
  File "/home/falcram/.local/lib/python3.12/site-packages/django/template/base.py", line 1000, in render
    return SafeString("".join([node.render_annotated(context) for node in self]))
                               ^^^^^^^^^^^^^^^^^^^^^^^^^^^^^^
  File "/home/falcram/.local/lib/python3.12/site-packages/django/template/base.py", line 961, in render_annotated
    return self.render(context)
           ^^^^^^^^^^^^^^^^^^^^
  File "/home/falcram/.local/lib/python3.12/site-packages/django/template/defaulttags.py", line 242, in render
    nodelist.append(node.render_annotated(context))
                    ^^^^^^^^^^^^^^^^^^^^^^^^^^^^^^
  File "/home/falcram/.local/lib/python3.12/site-packages/django/template/base.py", line 961, in render_annotated
    return self.render(context)
           ^^^^^^^^^^^^^^^^^^^^
  File "/home/falcram/.local/lib/python3.12/site-packages/django/template/defaulttags.py", line 479, in render
    url = reverse(view_name, args=args, kwargs=kwargs, current_app=current_app)
          ^^^^^^^^^^^^^^^^^^^^^^^^^^^^^^^^^^^^^^^^^^^^^^^^^^^^^^^^^^^^^^^^^^^^^
  File "/home/falcram/.local/lib/python3.12/site-packages/django/urls/base.py", line 88, in reverse
    return resolver._reverse_with_prefix(view, prefix, *args, **kwargs)
           ^^^^^^^^^^^^^^^^^^^^^^^^^^^^^^^^^^^^^^^^^^^^^^^^^^^^^^^^^^^^
  File "/home/falcram/.local/lib/python3.12/site-packages/django/urls/resolvers.py", line 851, in _reverse_with_prefix
    raise NoReverseMatch(msg)
django.urls.exceptions.NoReverseMatch: Reverse for 'changeamount_to_cart' not found. 'changeamount_to_cart' is not a valid view function or pattern name.
2024-10-04 19:46:53,415 INFO /home/falcram/BSUIR/IGI/253504_DUBOVIK_8/STRWEB/LR1/ZooApp/Zoo/views.py changed, reloading.
2024-10-04 19:48:12,063 INFO /home/falcram/BSUIR/IGI/253504_DUBOVIK_8/STRWEB/LR1/ZooApp/ZooApp/urls.py changed, reloading.
2024-10-04 19:48:18,044 INFO /home/falcram/BSUIR/IGI/253504_DUBOVIK_8/STRWEB/LR1/ZooApp/Zoo/views.py changed, reloading.
2024-10-04 19:59:04,339 INFO /home/falcram/BSUIR/IGI/253504_DUBOVIK_8/STRWEB/LR1/ZooApp/Zoo/views.py changed, reloading.
2024-10-04 20:04:21,018 INFO /home/falcram/BSUIR/IGI/253504_DUBOVIK_8/STRWEB/LR1/ZooApp/ZooApp/urls.py changed, reloading.
2024-10-04 20:04:30,173 INFO /home/falcram/BSUIR/IGI/253504_DUBOVIK_8/STRWEB/LR1/ZooApp/Zoo/views.py changed, reloading.
2024-10-04 20:05:04,551 INFO /home/falcram/BSUIR/IGI/253504_DUBOVIK_8/STRWEB/LR1/ZooApp/Zoo/views.py changed, reloading.
2024-10-04 20:05:23,665 INFO /home/falcram/BSUIR/IGI/253504_DUBOVIK_8/STRWEB/LR1/ZooApp/Zoo/views.py changed, reloading.
2024-10-04 20:07:38,676 WARNING Not Found: /lion-roar.mp3
2024-10-04 20:08:03,170 WARNING Not Found: /lion-roar.mp3
2024-10-08 00:03:22,304 INFO Failed to extract font properties from /usr/share/fonts/truetype/noto/NotoColorEmoji.ttf: In FT2Font: Can not load face (unknown file format; error code 0x2)
2024-10-08 00:03:22,385 INFO generated new fontManager
2024-10-08 00:03:43,504 ERROR Internal Server Error: /sales
Traceback (most recent call last):
  File "/usr/lib/python3/dist-packages/django/core/handlers/exception.py", line 55, in inner
    response = get_response(request)
               ^^^^^^^^^^^^^^^^^^^^^
  File "/usr/lib/python3/dist-packages/django/core/handlers/base.py", line 197, in _get_response
    response = wrapped_callback(request, *callback_args, **callback_kwargs)
               ^^^^^^^^^^^^^^^^^^^^^^^^^^^^^^^^^^^^^^^^^^^^^^^^^^^^^^^^^^^^
  File "/home/fulcrum/BSUIR/IGI/253504_DUBOVIK_8/STRWEB/LR1/ZooApp/Zoo/statistics.py", line 19, in sales
    orders = Ticket.objects.filter(is_canceled=False)
             ^^^^^^^^^^^^^^^^^^^^^^^^^^^^^^^^^^^^^^^^
  File "/usr/lib/python3/dist-packages/django/db/models/manager.py", line 87, in manager_method
    return getattr(self.get_queryset(), name)(*args, **kwargs)
           ^^^^^^^^^^^^^^^^^^^^^^^^^^^^^^^^^^^^^^^^^^^^^^^^^^^
  File "/usr/lib/python3/dist-packages/django/db/models/query.py", line 1436, in filter
    return self._filter_or_exclude(False, args, kwargs)
           ^^^^^^^^^^^^^^^^^^^^^^^^^^^^^^^^^^^^^^^^^^^^
  File "/usr/lib/python3/dist-packages/django/db/models/query.py", line 1454, in _filter_or_exclude
    clone._filter_or_exclude_inplace(negate, args, kwargs)
  File "/usr/lib/python3/dist-packages/django/db/models/query.py", line 1461, in _filter_or_exclude_inplace
    self._query.add_q(Q(*args, **kwargs))
  File "/usr/lib/python3/dist-packages/django/db/models/sql/query.py", line 1546, in add_q
    clause, _ = self._add_q(q_object, self.used_aliases)
                ^^^^^^^^^^^^^^^^^^^^^^^^^^^^^^^^^^^^^^^^
  File "/usr/lib/python3/dist-packages/django/db/models/sql/query.py", line 1577, in _add_q
    child_clause, needed_inner = self.build_filter(
                                 ^^^^^^^^^^^^^^^^^^
  File "/usr/lib/python3/dist-packages/django/db/models/sql/query.py", line 1427, in build_filter
    lookups, parts, reffed_expression = self.solve_lookup_type(arg, summarize)
                                        ^^^^^^^^^^^^^^^^^^^^^^^^^^^^^^^^^^^^^^
  File "/usr/lib/python3/dist-packages/django/db/models/sql/query.py", line 1237, in solve_lookup_type
    _, field, _, lookup_parts = self.names_to_path(lookup_splitted, self.get_meta())
                                ^^^^^^^^^^^^^^^^^^^^^^^^^^^^^^^^^^^^^^^^^^^^^^^^^^^^
  File "/usr/lib/python3/dist-packages/django/db/models/sql/query.py", line 1725, in names_to_path
    raise FieldError(
django.core.exceptions.FieldError: Cannot resolve keyword 'is_canceled' into field. Choices are: id, max_quantity, name, price, ticketdate
2024-10-08 00:03:43,561 WARNING Not Found: /favicon.ico
2024-10-08 00:04:23,551 WARNING Not Found: /lion-roar.mp3
2024-10-08 13:38:10,127 WARNING Not Found: /lion-roar.mp3
2024-10-08 13:38:17,915 INFO Tim called ReviewCreateView (status: client) | user's Timezone: Europe/Minsk
2024-10-08 13:39:13,296 WARNING Not Found: /lion-roar.mp3
2024-10-08 13:40:15,002 WARNING Not Found: /lion-roar.mp3
2024-10-08 13:40:30,917 WARNING Not Found: /lion-roar.mp3
2024-10-08 13:42:08,967 WARNING Not Found: /lion-roar.mp3
2024-10-08 13:42:09,990 WARNING Not Found: /lion-roar.mp3
2024-10-09 23:18:11,773 WARNING Not Found: /lion-roar.mp3
2024-10-10 13:50:25,919 WARNING Not Found: /lion-roar.mp3
2024-10-10 14:00:12,792 INFO Tim called ReviewCreateView (status: client) | user's Timezone: Europe/Minsk
2024-10-10 14:01:32,964 WARNING Not Found: /lion-roar.mp3
2024-10-10 14:01:55,760 WARNING Not Found: /lion-roar.mp3
2024-10-11 14:38:48,836 INFO /home/fulcrum/BSUIR/IGI/253504_DUBOVIK_8/STRWEB/LR1/ZooApp/Zoo/views.py changed, reloading.
2024-10-11 14:47:19,862 WARNING Not Found: /favicon.ico
2024-10-11 14:54:05,786 INFO /home/fulcrum/BSUIR/IGI/253504_DUBOVIK_8/STRWEB/LR1/ZooApp/Zoo/views.py changed, reloading.
2024-10-11 14:55:35,657 ERROR Internal Server Error: /sales
Traceback (most recent call last):
  File "/usr/lib/python3/dist-packages/django/core/handlers/exception.py", line 55, in inner
    response = get_response(request)
               ^^^^^^^^^^^^^^^^^^^^^
  File "/usr/lib/python3/dist-packages/django/core/handlers/base.py", line 197, in _get_response
    response = wrapped_callback(request, *callback_args, **callback_kwargs)
               ^^^^^^^^^^^^^^^^^^^^^^^^^^^^^^^^^^^^^^^^^^^^^^^^^^^^^^^^^^^^
  File "/home/fulcrum/BSUIR/IGI/253504_DUBOVIK_8/STRWEB/LR1/ZooApp/Zoo/statistics.py", line 19, in sales
    orders = Ticket.objects.filter(is_canceled=False)
             ^^^^^^^^^^^^^^^^^^^^^^^^^^^^^^^^^^^^^^^^
  File "/usr/lib/python3/dist-packages/django/db/models/manager.py", line 87, in manager_method
    return getattr(self.get_queryset(), name)(*args, **kwargs)
           ^^^^^^^^^^^^^^^^^^^^^^^^^^^^^^^^^^^^^^^^^^^^^^^^^^^
  File "/usr/lib/python3/dist-packages/django/db/models/query.py", line 1436, in filter
    return self._filter_or_exclude(False, args, kwargs)
           ^^^^^^^^^^^^^^^^^^^^^^^^^^^^^^^^^^^^^^^^^^^^
  File "/usr/lib/python3/dist-packages/django/db/models/query.py", line 1454, in _filter_or_exclude
    clone._filter_or_exclude_inplace(negate, args, kwargs)
  File "/usr/lib/python3/dist-packages/django/db/models/query.py", line 1461, in _filter_or_exclude_inplace
    self._query.add_q(Q(*args, **kwargs))
  File "/usr/lib/python3/dist-packages/django/db/models/sql/query.py", line 1546, in add_q
    clause, _ = self._add_q(q_object, self.used_aliases)
                ^^^^^^^^^^^^^^^^^^^^^^^^^^^^^^^^^^^^^^^^
  File "/usr/lib/python3/dist-packages/django/db/models/sql/query.py", line 1577, in _add_q
    child_clause, needed_inner = self.build_filter(
                                 ^^^^^^^^^^^^^^^^^^
  File "/usr/lib/python3/dist-packages/django/db/models/sql/query.py", line 1427, in build_filter
    lookups, parts, reffed_expression = self.solve_lookup_type(arg, summarize)
                                        ^^^^^^^^^^^^^^^^^^^^^^^^^^^^^^^^^^^^^^
  File "/usr/lib/python3/dist-packages/django/db/models/sql/query.py", line 1237, in solve_lookup_type
    _, field, _, lookup_parts = self.names_to_path(lookup_splitted, self.get_meta())
                                ^^^^^^^^^^^^^^^^^^^^^^^^^^^^^^^^^^^^^^^^^^^^^^^^^^^^
  File "/usr/lib/python3/dist-packages/django/db/models/sql/query.py", line 1725, in names_to_path
    raise FieldError(
django.core.exceptions.FieldError: Cannot resolve keyword 'is_canceled' into field. Choices are: id, max_quantity, name, price, ticketdate
2024-10-11 14:58:15,320 INFO /home/fulcrum/BSUIR/IGI/253504_DUBOVIK_8/STRWEB/LR1/ZooApp/ZooApp/urls.py changed, reloading.
2024-10-11 14:58:40,967 INFO /home/fulcrum/BSUIR/IGI/253504_DUBOVIK_8/STRWEB/LR1/ZooApp/ZooApp/urls.py changed, reloading.
2024-10-11 14:58:48,569 ERROR Internal Server Error: /
Traceback (most recent call last):
  File "/usr/lib/python3/dist-packages/django/core/handlers/exception.py", line 55, in inner
    response = get_response(request)
               ^^^^^^^^^^^^^^^^^^^^^
  File "/usr/lib/python3/dist-packages/django/core/handlers/base.py", line 197, in _get_response
    response = wrapped_callback(request, *callback_args, **callback_kwargs)
               ^^^^^^^^^^^^^^^^^^^^^^^^^^^^^^^^^^^^^^^^^^^^^^^^^^^^^^^^^^^^
  File "/home/fulcrum/BSUIR/IGI/253504_DUBOVIK_8/STRWEB/LR1/ZooApp/Zoo/views.py", line 43, in home
    return render(request, 'home.html', context)
           ^^^^^^^^^^^^^^^^^^^^^^^^^^^^^^^^^^^^^
  File "/usr/lib/python3/dist-packages/django/shortcuts.py", line 24, in render
    content = loader.render_to_string(template_name, context, request, using=using)
              ^^^^^^^^^^^^^^^^^^^^^^^^^^^^^^^^^^^^^^^^^^^^^^^^^^^^^^^^^^^^^^^^^^^^^
  File "/usr/lib/python3/dist-packages/django/template/loader.py", line 62, in render_to_string
    return template.render(context, request)
           ^^^^^^^^^^^^^^^^^^^^^^^^^^^^^^^^^
  File "/usr/lib/python3/dist-packages/django/template/backends/django.py", line 61, in render
    return self.template.render(context)
           ^^^^^^^^^^^^^^^^^^^^^^^^^^^^^
  File "/usr/lib/python3/dist-packages/django/template/base.py", line 175, in render
    return self._render(context)
           ^^^^^^^^^^^^^^^^^^^^^
  File "/usr/lib/python3/dist-packages/django/template/base.py", line 167, in _render
    return self.nodelist.render(context)
           ^^^^^^^^^^^^^^^^^^^^^^^^^^^^^
  File "/usr/lib/python3/dist-packages/django/template/base.py", line 1005, in render
    return SafeString("".join([node.render_annotated(context) for node in self]))
                               ^^^^^^^^^^^^^^^^^^^^^^^^^^^^^^
  File "/usr/lib/python3/dist-packages/django/template/base.py", line 966, in render_annotated
    return self.render(context)
           ^^^^^^^^^^^^^^^^^^^^
  File "/usr/lib/python3/dist-packages/django/template/loader_tags.py", line 157, in render
    return compiled_parent._render(context)
           ^^^^^^^^^^^^^^^^^^^^^^^^^^^^^^^^
  File "/usr/lib/python3/dist-packages/django/template/base.py", line 167, in _render
    return self.nodelist.render(context)
           ^^^^^^^^^^^^^^^^^^^^^^^^^^^^^
  File "/usr/lib/python3/dist-packages/django/template/base.py", line 1005, in render
    return SafeString("".join([node.render_annotated(context) for node in self]))
                               ^^^^^^^^^^^^^^^^^^^^^^^^^^^^^^
  File "/usr/lib/python3/dist-packages/django/template/base.py", line 966, in render_annotated
    return self.render(context)
           ^^^^^^^^^^^^^^^^^^^^
  File "/usr/lib/python3/dist-packages/django/template/defaulttags.py", line 321, in render
    return nodelist.render(context)
           ^^^^^^^^^^^^^^^^^^^^^^^^
  File "/usr/lib/python3/dist-packages/django/template/base.py", line 1005, in render
    return SafeString("".join([node.render_annotated(context) for node in self]))
                               ^^^^^^^^^^^^^^^^^^^^^^^^^^^^^^
  File "/usr/lib/python3/dist-packages/django/template/base.py", line 966, in render_annotated
    return self.render(context)
           ^^^^^^^^^^^^^^^^^^^^
  File "/usr/lib/python3/dist-packages/django/template/defaulttags.py", line 321, in render
    return nodelist.render(context)
           ^^^^^^^^^^^^^^^^^^^^^^^^
  File "/usr/lib/python3/dist-packages/django/template/base.py", line 1005, in render
    return SafeString("".join([node.render_annotated(context) for node in self]))
                               ^^^^^^^^^^^^^^^^^^^^^^^^^^^^^^
  File "/usr/lib/python3/dist-packages/django/template/base.py", line 966, in render_annotated
    return self.render(context)
           ^^^^^^^^^^^^^^^^^^^^
  File "/usr/lib/python3/dist-packages/django/template/defaulttags.py", line 471, in render
    url = reverse(view_name, args=args, kwargs=kwargs, current_app=current_app)
          ^^^^^^^^^^^^^^^^^^^^^^^^^^^^^^^^^^^^^^^^^^^^^^^^^^^^^^^^^^^^^^^^^^^^^
  File "/usr/lib/python3/dist-packages/django/urls/base.py", line 88, in reverse
    return resolver._reverse_with_prefix(view, prefix, *args, **kwargs)
           ^^^^^^^^^^^^^^^^^^^^^^^^^^^^^^^^^^^^^^^^^^^^^^^^^^^^^^^^^^^^
  File "/usr/lib/python3/dist-packages/django/urls/resolvers.py", line 828, in _reverse_with_prefix
    raise NoReverseMatch(msg)
django.urls.exceptions.NoReverseMatch: Reverse for 'sales' not found. 'sales' is not a valid view function or pattern name.
2024-10-11 14:58:51,104 ERROR Internal Server Error: /
Traceback (most recent call last):
  File "/usr/lib/python3/dist-packages/django/core/handlers/exception.py", line 55, in inner
    response = get_response(request)
               ^^^^^^^^^^^^^^^^^^^^^
  File "/usr/lib/python3/dist-packages/django/core/handlers/base.py", line 197, in _get_response
    response = wrapped_callback(request, *callback_args, **callback_kwargs)
               ^^^^^^^^^^^^^^^^^^^^^^^^^^^^^^^^^^^^^^^^^^^^^^^^^^^^^^^^^^^^
  File "/home/fulcrum/BSUIR/IGI/253504_DUBOVIK_8/STRWEB/LR1/ZooApp/Zoo/views.py", line 43, in home
    return render(request, 'home.html', context)
           ^^^^^^^^^^^^^^^^^^^^^^^^^^^^^^^^^^^^^
  File "/usr/lib/python3/dist-packages/django/shortcuts.py", line 24, in render
    content = loader.render_to_string(template_name, context, request, using=using)
              ^^^^^^^^^^^^^^^^^^^^^^^^^^^^^^^^^^^^^^^^^^^^^^^^^^^^^^^^^^^^^^^^^^^^^
  File "/usr/lib/python3/dist-packages/django/template/loader.py", line 62, in render_to_string
    return template.render(context, request)
           ^^^^^^^^^^^^^^^^^^^^^^^^^^^^^^^^^
  File "/usr/lib/python3/dist-packages/django/template/backends/django.py", line 61, in render
    return self.template.render(context)
           ^^^^^^^^^^^^^^^^^^^^^^^^^^^^^
  File "/usr/lib/python3/dist-packages/django/template/base.py", line 175, in render
    return self._render(context)
           ^^^^^^^^^^^^^^^^^^^^^
  File "/usr/lib/python3/dist-packages/django/template/base.py", line 167, in _render
    return self.nodelist.render(context)
           ^^^^^^^^^^^^^^^^^^^^^^^^^^^^^
  File "/usr/lib/python3/dist-packages/django/template/base.py", line 1005, in render
    return SafeString("".join([node.render_annotated(context) for node in self]))
                               ^^^^^^^^^^^^^^^^^^^^^^^^^^^^^^
  File "/usr/lib/python3/dist-packages/django/template/base.py", line 966, in render_annotated
    return self.render(context)
           ^^^^^^^^^^^^^^^^^^^^
  File "/usr/lib/python3/dist-packages/django/template/loader_tags.py", line 157, in render
    return compiled_parent._render(context)
           ^^^^^^^^^^^^^^^^^^^^^^^^^^^^^^^^
  File "/usr/lib/python3/dist-packages/django/template/base.py", line 167, in _render
    return self.nodelist.render(context)
           ^^^^^^^^^^^^^^^^^^^^^^^^^^^^^
  File "/usr/lib/python3/dist-packages/django/template/base.py", line 1005, in render
    return SafeString("".join([node.render_annotated(context) for node in self]))
                               ^^^^^^^^^^^^^^^^^^^^^^^^^^^^^^
  File "/usr/lib/python3/dist-packages/django/template/base.py", line 966, in render_annotated
    return self.render(context)
           ^^^^^^^^^^^^^^^^^^^^
  File "/usr/lib/python3/dist-packages/django/template/defaulttags.py", line 321, in render
    return nodelist.render(context)
           ^^^^^^^^^^^^^^^^^^^^^^^^
  File "/usr/lib/python3/dist-packages/django/template/base.py", line 1005, in render
    return SafeString("".join([node.render_annotated(context) for node in self]))
                               ^^^^^^^^^^^^^^^^^^^^^^^^^^^^^^
  File "/usr/lib/python3/dist-packages/django/template/base.py", line 966, in render_annotated
    return self.render(context)
           ^^^^^^^^^^^^^^^^^^^^
  File "/usr/lib/python3/dist-packages/django/template/defaulttags.py", line 321, in render
    return nodelist.render(context)
           ^^^^^^^^^^^^^^^^^^^^^^^^
  File "/usr/lib/python3/dist-packages/django/template/base.py", line 1005, in render
    return SafeString("".join([node.render_annotated(context) for node in self]))
                               ^^^^^^^^^^^^^^^^^^^^^^^^^^^^^^
  File "/usr/lib/python3/dist-packages/django/template/base.py", line 966, in render_annotated
    return self.render(context)
           ^^^^^^^^^^^^^^^^^^^^
  File "/usr/lib/python3/dist-packages/django/template/defaulttags.py", line 471, in render
    url = reverse(view_name, args=args, kwargs=kwargs, current_app=current_app)
          ^^^^^^^^^^^^^^^^^^^^^^^^^^^^^^^^^^^^^^^^^^^^^^^^^^^^^^^^^^^^^^^^^^^^^
  File "/usr/lib/python3/dist-packages/django/urls/base.py", line 88, in reverse
    return resolver._reverse_with_prefix(view, prefix, *args, **kwargs)
           ^^^^^^^^^^^^^^^^^^^^^^^^^^^^^^^^^^^^^^^^^^^^^^^^^^^^^^^^^^^^
  File "/usr/lib/python3/dist-packages/django/urls/resolvers.py", line 828, in _reverse_with_prefix
    raise NoReverseMatch(msg)
django.urls.exceptions.NoReverseMatch: Reverse for 'sales' not found. 'sales' is not a valid view function or pattern name.
2024-10-11 16:18:19,861 WARNING Not Found: /submit.png
2024-10-11 16:19:13,564 WARNING Not Found: /submit.png
2024-10-11 16:37:01,760 WARNING Not Found: /submit.png
2024-10-11 16:39:33,575 WARNING Not Found: /submit.png
2024-10-11 16:39:38,572 WARNING Not Found: /submit.png
2024-10-11 16:52:30,082 WARNING Not Found: /submit.png
2024-10-11 19:06:18,198 WARNING Not Found: /submit.png
2024-10-11 19:09:07,755 WARNING Not Found: /submit.png
2024-10-13 22:01:22,418 ERROR Internal Server Error: /static/media/lionroar.mp4
Traceback (most recent call last):
  File "/home/fulcrum/BSUIR/IGI/253504_DUBOVIK_8/STRWEB/LR1/zooenv/lib/python3.12/site-packages/django/core/handlers/exception.py", line 55, in inner
    response = get_response(request)
               ^^^^^^^^^^^^^^^^^^^^^
  File "/home/fulcrum/BSUIR/IGI/253504_DUBOVIK_8/STRWEB/LR1/zooenv/lib/python3.12/site-packages/django/core/handlers/base.py", line 197, in _get_response
    response = wrapped_callback(request, *callback_args, **callback_kwargs)
               ^^^^^^^^^^^^^^^^^^^^^^^^^^^^^^^^^^^^^^^^^^^^^^^^^^^^^^^^^^^^
  File "/home/fulcrum/BSUIR/IGI/253504_DUBOVIK_8/STRWEB/LR1/zooenv/lib/python3.12/site-packages/django/views/static.py", line 45, in serve
    fullpath = Path(safe_join(document_root, path))
                    ^^^^^^^^^^^^^^^^^^^^^^^^^^^^^^
  File "/home/fulcrum/BSUIR/IGI/253504_DUBOVIK_8/STRWEB/LR1/zooenv/lib/python3.12/site-packages/django/utils/_os.py", line 17, in safe_join
    final_path = abspath(join(base, *paths))
                         ^^^^^^^^^^^^^^^^^^
  File "<frozen posixpath>", line 76, in join
TypeError: expected str, bytes or os.PathLike object, not NoneType
2024-10-13 22:01:22,431 ERROR Internal Server Error: /static/media/audio_hero_AnimalLion+TL01_41.mp3
Traceback (most recent call last):
  File "/home/fulcrum/BSUIR/IGI/253504_DUBOVIK_8/STRWEB/LR1/zooenv/lib/python3.12/site-packages/django/core/handlers/exception.py", line 55, in inner
    response = get_response(request)
               ^^^^^^^^^^^^^^^^^^^^^
  File "/home/fulcrum/BSUIR/IGI/253504_DUBOVIK_8/STRWEB/LR1/zooenv/lib/python3.12/site-packages/django/core/handlers/base.py", line 197, in _get_response
    response = wrapped_callback(request, *callback_args, **callback_kwargs)
               ^^^^^^^^^^^^^^^^^^^^^^^^^^^^^^^^^^^^^^^^^^^^^^^^^^^^^^^^^^^^
  File "/home/fulcrum/BSUIR/IGI/253504_DUBOVIK_8/STRWEB/LR1/zooenv/lib/python3.12/site-packages/django/views/static.py", line 45, in serve
    fullpath = Path(safe_join(document_root, path))
                    ^^^^^^^^^^^^^^^^^^^^^^^^^^^^^^
  File "/home/fulcrum/BSUIR/IGI/253504_DUBOVIK_8/STRWEB/LR1/zooenv/lib/python3.12/site-packages/django/utils/_os.py", line 17, in safe_join
    final_path = abspath(join(base, *paths))
                         ^^^^^^^^^^^^^^^^^^
  File "<frozen posixpath>", line 76, in join
TypeError: expected str, bytes or os.PathLike object, not NoneType
2024-10-13 22:01:52,075 ERROR Internal Server Error: /static/media/lionroar.mp4
Traceback (most recent call last):
  File "/home/fulcrum/BSUIR/IGI/253504_DUBOVIK_8/STRWEB/LR1/zooenv/lib/python3.12/site-packages/django/core/handlers/exception.py", line 55, in inner
    response = get_response(request)
               ^^^^^^^^^^^^^^^^^^^^^
  File "/home/fulcrum/BSUIR/IGI/253504_DUBOVIK_8/STRWEB/LR1/zooenv/lib/python3.12/site-packages/django/core/handlers/base.py", line 197, in _get_response
    response = wrapped_callback(request, *callback_args, **callback_kwargs)
               ^^^^^^^^^^^^^^^^^^^^^^^^^^^^^^^^^^^^^^^^^^^^^^^^^^^^^^^^^^^^
  File "/home/fulcrum/BSUIR/IGI/253504_DUBOVIK_8/STRWEB/LR1/zooenv/lib/python3.12/site-packages/django/views/static.py", line 45, in serve
    fullpath = Path(safe_join(document_root, path))
                    ^^^^^^^^^^^^^^^^^^^^^^^^^^^^^^
  File "/home/fulcrum/BSUIR/IGI/253504_DUBOVIK_8/STRWEB/LR1/zooenv/lib/python3.12/site-packages/django/utils/_os.py", line 17, in safe_join
    final_path = abspath(join(base, *paths))
                         ^^^^^^^^^^^^^^^^^^
  File "<frozen posixpath>", line 76, in join
TypeError: expected str, bytes or os.PathLike object, not NoneType
2024-10-13 22:01:52,090 ERROR Internal Server Error: /static/media/audio_hero_AnimalLion+TL01_41.mp3
Traceback (most recent call last):
  File "/home/fulcrum/BSUIR/IGI/253504_DUBOVIK_8/STRWEB/LR1/zooenv/lib/python3.12/site-packages/django/core/handlers/exception.py", line 55, in inner
    response = get_response(request)
               ^^^^^^^^^^^^^^^^^^^^^
  File "/home/fulcrum/BSUIR/IGI/253504_DUBOVIK_8/STRWEB/LR1/zooenv/lib/python3.12/site-packages/django/core/handlers/base.py", line 197, in _get_response
    response = wrapped_callback(request, *callback_args, **callback_kwargs)
               ^^^^^^^^^^^^^^^^^^^^^^^^^^^^^^^^^^^^^^^^^^^^^^^^^^^^^^^^^^^^
  File "/home/fulcrum/BSUIR/IGI/253504_DUBOVIK_8/STRWEB/LR1/zooenv/lib/python3.12/site-packages/django/views/static.py", line 45, in serve
    fullpath = Path(safe_join(document_root, path))
                    ^^^^^^^^^^^^^^^^^^^^^^^^^^^^^^
  File "/home/fulcrum/BSUIR/IGI/253504_DUBOVIK_8/STRWEB/LR1/zooenv/lib/python3.12/site-packages/django/utils/_os.py", line 17, in safe_join
    final_path = abspath(join(base, *paths))
                         ^^^^^^^^^^^^^^^^^^
  File "<frozen posixpath>", line 76, in join
TypeError: expected str, bytes or os.PathLike object, not NoneType
2024-10-13 22:02:21,388 ERROR Internal Server Error: /static/media/lionroar.mp4
Traceback (most recent call last):
  File "/home/fulcrum/BSUIR/IGI/253504_DUBOVIK_8/STRWEB/LR1/zooenv/lib/python3.12/site-packages/django/core/handlers/exception.py", line 55, in inner
    response = get_response(request)
               ^^^^^^^^^^^^^^^^^^^^^
  File "/home/fulcrum/BSUIR/IGI/253504_DUBOVIK_8/STRWEB/LR1/zooenv/lib/python3.12/site-packages/django/core/handlers/base.py", line 197, in _get_response
    response = wrapped_callback(request, *callback_args, **callback_kwargs)
               ^^^^^^^^^^^^^^^^^^^^^^^^^^^^^^^^^^^^^^^^^^^^^^^^^^^^^^^^^^^^
  File "/home/fulcrum/BSUIR/IGI/253504_DUBOVIK_8/STRWEB/LR1/zooenv/lib/python3.12/site-packages/django/views/static.py", line 45, in serve
    fullpath = Path(safe_join(document_root, path))
                    ^^^^^^^^^^^^^^^^^^^^^^^^^^^^^^
  File "/home/fulcrum/BSUIR/IGI/253504_DUBOVIK_8/STRWEB/LR1/zooenv/lib/python3.12/site-packages/django/utils/_os.py", line 17, in safe_join
    final_path = abspath(join(base, *paths))
                         ^^^^^^^^^^^^^^^^^^
  File "<frozen posixpath>", line 76, in join
TypeError: expected str, bytes or os.PathLike object, not NoneType
2024-10-13 22:02:21,402 ERROR Internal Server Error: /static/media/audio_hero_AnimalLion+TL01_41.mp3
Traceback (most recent call last):
  File "/home/fulcrum/BSUIR/IGI/253504_DUBOVIK_8/STRWEB/LR1/zooenv/lib/python3.12/site-packages/django/core/handlers/exception.py", line 55, in inner
    response = get_response(request)
               ^^^^^^^^^^^^^^^^^^^^^
  File "/home/fulcrum/BSUIR/IGI/253504_DUBOVIK_8/STRWEB/LR1/zooenv/lib/python3.12/site-packages/django/core/handlers/base.py", line 197, in _get_response
    response = wrapped_callback(request, *callback_args, **callback_kwargs)
               ^^^^^^^^^^^^^^^^^^^^^^^^^^^^^^^^^^^^^^^^^^^^^^^^^^^^^^^^^^^^
  File "/home/fulcrum/BSUIR/IGI/253504_DUBOVIK_8/STRWEB/LR1/zooenv/lib/python3.12/site-packages/django/views/static.py", line 45, in serve
    fullpath = Path(safe_join(document_root, path))
                    ^^^^^^^^^^^^^^^^^^^^^^^^^^^^^^
  File "/home/fulcrum/BSUIR/IGI/253504_DUBOVIK_8/STRWEB/LR1/zooenv/lib/python3.12/site-packages/django/utils/_os.py", line 17, in safe_join
    final_path = abspath(join(base, *paths))
                         ^^^^^^^^^^^^^^^^^^
  File "<frozen posixpath>", line 76, in join
TypeError: expected str, bytes or os.PathLike object, not NoneType
2024-10-13 22:02:31,605 ERROR Internal Server Error: /static/media/broshura.jpg
Traceback (most recent call last):
  File "/home/fulcrum/BSUIR/IGI/253504_DUBOVIK_8/STRWEB/LR1/zooenv/lib/python3.12/site-packages/django/core/handlers/exception.py", line 55, in inner
    response = get_response(request)
               ^^^^^^^^^^^^^^^^^^^^^
  File "/home/fulcrum/BSUIR/IGI/253504_DUBOVIK_8/STRWEB/LR1/zooenv/lib/python3.12/site-packages/django/core/handlers/base.py", line 197, in _get_response
    response = wrapped_callback(request, *callback_args, **callback_kwargs)
               ^^^^^^^^^^^^^^^^^^^^^^^^^^^^^^^^^^^^^^^^^^^^^^^^^^^^^^^^^^^^
  File "/home/fulcrum/BSUIR/IGI/253504_DUBOVIK_8/STRWEB/LR1/zooenv/lib/python3.12/site-packages/django/views/static.py", line 45, in serve
    fullpath = Path(safe_join(document_root, path))
                    ^^^^^^^^^^^^^^^^^^^^^^^^^^^^^^
  File "/home/fulcrum/BSUIR/IGI/253504_DUBOVIK_8/STRWEB/LR1/zooenv/lib/python3.12/site-packages/django/utils/_os.py", line 17, in safe_join
    final_path = abspath(join(base, *paths))
                         ^^^^^^^^^^^^^^^^^^
  File "<frozen posixpath>", line 76, in join
TypeError: expected str, bytes or os.PathLike object, not NoneType
2024-10-13 22:06:23,145 ERROR Internal Server Error: /static/media/lionroar.mp4
Traceback (most recent call last):
  File "/home/fulcrum/BSUIR/IGI/253504_DUBOVIK_8/STRWEB/LR1/zooenv/lib/python3.12/site-packages/django/core/handlers/exception.py", line 55, in inner
    response = get_response(request)
               ^^^^^^^^^^^^^^^^^^^^^
  File "/home/fulcrum/BSUIR/IGI/253504_DUBOVIK_8/STRWEB/LR1/zooenv/lib/python3.12/site-packages/django/core/handlers/base.py", line 197, in _get_response
    response = wrapped_callback(request, *callback_args, **callback_kwargs)
               ^^^^^^^^^^^^^^^^^^^^^^^^^^^^^^^^^^^^^^^^^^^^^^^^^^^^^^^^^^^^
  File "/home/fulcrum/BSUIR/IGI/253504_DUBOVIK_8/STRWEB/LR1/zooenv/lib/python3.12/site-packages/django/views/static.py", line 45, in serve
    fullpath = Path(safe_join(document_root, path))
                    ^^^^^^^^^^^^^^^^^^^^^^^^^^^^^^
  File "/home/fulcrum/BSUIR/IGI/253504_DUBOVIK_8/STRWEB/LR1/zooenv/lib/python3.12/site-packages/django/utils/_os.py", line 17, in safe_join
    final_path = abspath(join(base, *paths))
                         ^^^^^^^^^^^^^^^^^^
  File "<frozen posixpath>", line 76, in join
TypeError: expected str, bytes or os.PathLike object, not NoneType
2024-10-13 22:06:23,145 ERROR Internal Server Error: /static/media/audio_hero_AnimalLion+TL01_41.mp3
Traceback (most recent call last):
  File "/home/fulcrum/BSUIR/IGI/253504_DUBOVIK_8/STRWEB/LR1/zooenv/lib/python3.12/site-packages/django/core/handlers/exception.py", line 55, in inner
    response = get_response(request)
               ^^^^^^^^^^^^^^^^^^^^^
  File "/home/fulcrum/BSUIR/IGI/253504_DUBOVIK_8/STRWEB/LR1/zooenv/lib/python3.12/site-packages/django/core/handlers/base.py", line 197, in _get_response
    response = wrapped_callback(request, *callback_args, **callback_kwargs)
               ^^^^^^^^^^^^^^^^^^^^^^^^^^^^^^^^^^^^^^^^^^^^^^^^^^^^^^^^^^^^
  File "/home/fulcrum/BSUIR/IGI/253504_DUBOVIK_8/STRWEB/LR1/zooenv/lib/python3.12/site-packages/django/views/static.py", line 45, in serve
    fullpath = Path(safe_join(document_root, path))
                    ^^^^^^^^^^^^^^^^^^^^^^^^^^^^^^
  File "/home/fulcrum/BSUIR/IGI/253504_DUBOVIK_8/STRWEB/LR1/zooenv/lib/python3.12/site-packages/django/utils/_os.py", line 17, in safe_join
    final_path = abspath(join(base, *paths))
                         ^^^^^^^^^^^^^^^^^^
  File "<frozen posixpath>", line 76, in join
TypeError: expected str, bytes or os.PathLike object, not NoneType
2024-10-13 22:12:17,809 ERROR Invalid HTTP_HOST header: '192.168.100.2'. You may need to add '192.168.100.2' to ALLOWED_HOSTS.
Traceback (most recent call last):
  File "/home/fulcrum/BSUIR/IGI/253504_DUBOVIK_8/STRWEB/LR1/zooenv/lib/python3.12/site-packages/django/core/handlers/exception.py", line 55, in inner
    response = get_response(request)
               ^^^^^^^^^^^^^^^^^^^^^
  File "/home/fulcrum/BSUIR/IGI/253504_DUBOVIK_8/STRWEB/LR1/zooenv/lib/python3.12/site-packages/django/utils/deprecation.py", line 128, in __call__
    response = self.process_request(request)
               ^^^^^^^^^^^^^^^^^^^^^^^^^^^^^
  File "/home/fulcrum/BSUIR/IGI/253504_DUBOVIK_8/STRWEB/LR1/zooenv/lib/python3.12/site-packages/django/middleware/common.py", line 48, in process_request
    host = request.get_host()
           ^^^^^^^^^^^^^^^^^^
  File "/home/fulcrum/BSUIR/IGI/253504_DUBOVIK_8/STRWEB/LR1/zooenv/lib/python3.12/site-packages/django/http/request.py", line 151, in get_host
    raise DisallowedHost(msg)
django.core.exceptions.DisallowedHost: Invalid HTTP_HOST header: '192.168.100.2'. You may need to add '192.168.100.2' to ALLOWED_HOSTS.
2024-10-13 22:12:17,824 WARNING Bad Request: /
2024-10-13 22:12:18,823 ERROR Invalid HTTP_HOST header: '192.168.100.2'. You may need to add '192.168.100.2' to ALLOWED_HOSTS.
Traceback (most recent call last):
  File "/home/fulcrum/BSUIR/IGI/253504_DUBOVIK_8/STRWEB/LR1/zooenv/lib/python3.12/site-packages/django/core/handlers/exception.py", line 55, in inner
    response = get_response(request)
               ^^^^^^^^^^^^^^^^^^^^^
  File "/home/fulcrum/BSUIR/IGI/253504_DUBOVIK_8/STRWEB/LR1/zooenv/lib/python3.12/site-packages/django/utils/deprecation.py", line 128, in __call__
    response = self.process_request(request)
               ^^^^^^^^^^^^^^^^^^^^^^^^^^^^^
  File "/home/fulcrum/BSUIR/IGI/253504_DUBOVIK_8/STRWEB/LR1/zooenv/lib/python3.12/site-packages/django/middleware/common.py", line 48, in process_request
    host = request.get_host()
           ^^^^^^^^^^^^^^^^^^
  File "/home/fulcrum/BSUIR/IGI/253504_DUBOVIK_8/STRWEB/LR1/zooenv/lib/python3.12/site-packages/django/http/request.py", line 151, in get_host
    raise DisallowedHost(msg)
django.core.exceptions.DisallowedHost: Invalid HTTP_HOST header: '192.168.100.2'. You may need to add '192.168.100.2' to ALLOWED_HOSTS.
2024-10-13 22:12:18,836 WARNING Bad Request: /
2024-10-13 22:12:39,974 WARNING Bad Request: /
2024-10-13 22:12:40,924 ERROR Invalid HTTP_HOST header: '192.168.100.2'. You may need to add '192.168.100.2' to ALLOWED_HOSTS.
Traceback (most recent call last):
  File "/home/fulcrum/BSUIR/IGI/253504_DUBOVIK_8/STRWEB/LR1/zooenv/lib/python3.12/site-packages/django/core/handlers/exception.py", line 55, in inner
    response = get_response(request)
               ^^^^^^^^^^^^^^^^^^^^^
  File "/home/fulcrum/BSUIR/IGI/253504_DUBOVIK_8/STRWEB/LR1/zooenv/lib/python3.12/site-packages/django/utils/deprecation.py", line 128, in __call__
    response = self.process_request(request)
               ^^^^^^^^^^^^^^^^^^^^^^^^^^^^^
  File "/home/fulcrum/BSUIR/IGI/253504_DUBOVIK_8/STRWEB/LR1/zooenv/lib/python3.12/site-packages/django/middleware/common.py", line 48, in process_request
    host = request.get_host()
           ^^^^^^^^^^^^^^^^^^
  File "/home/fulcrum/BSUIR/IGI/253504_DUBOVIK_8/STRWEB/LR1/zooenv/lib/python3.12/site-packages/django/http/request.py", line 151, in get_host
    raise DisallowedHost(msg)
django.core.exceptions.DisallowedHost: Invalid HTTP_HOST header: '192.168.100.2'. You may need to add '192.168.100.2' to ALLOWED_HOSTS.
2024-10-13 22:12:40,934 WARNING Bad Request: /
2024-10-13 22:12:41,063 ERROR Invalid HTTP_HOST header: '192.168.100.2'. You may need to add '192.168.100.2' to ALLOWED_HOSTS.
Traceback (most recent call last):
  File "/home/fulcrum/BSUIR/IGI/253504_DUBOVIK_8/STRWEB/LR1/zooenv/lib/python3.12/site-packages/django/core/handlers/exception.py", line 55, in inner
    response = get_response(request)
               ^^^^^^^^^^^^^^^^^^^^^
  File "/home/fulcrum/BSUIR/IGI/253504_DUBOVIK_8/STRWEB/LR1/zooenv/lib/python3.12/site-packages/django/utils/deprecation.py", line 128, in __call__
    response = self.process_request(request)
               ^^^^^^^^^^^^^^^^^^^^^^^^^^^^^
  File "/home/fulcrum/BSUIR/IGI/253504_DUBOVIK_8/STRWEB/LR1/zooenv/lib/python3.12/site-packages/django/middleware/common.py", line 48, in process_request
    host = request.get_host()
           ^^^^^^^^^^^^^^^^^^
  File "/home/fulcrum/BSUIR/IGI/253504_DUBOVIK_8/STRWEB/LR1/zooenv/lib/python3.12/site-packages/django/http/request.py", line 151, in get_host
    raise DisallowedHost(msg)
django.core.exceptions.DisallowedHost: Invalid HTTP_HOST header: '192.168.100.2'. You may need to add '192.168.100.2' to ALLOWED_HOSTS.
2024-10-13 22:12:41,074 WARNING Bad Request: /
2024-10-13 22:12:41,730 ERROR Invalid HTTP_HOST header: '192.168.100.2'. You may need to add '192.168.100.2' to ALLOWED_HOSTS.
Traceback (most recent call last):
  File "/home/fulcrum/BSUIR/IGI/253504_DUBOVIK_8/STRWEB/LR1/zooenv/lib/python3.12/site-packages/django/core/handlers/exception.py", line 55, in inner
    response = get_response(request)
               ^^^^^^^^^^^^^^^^^^^^^
  File "/home/fulcrum/BSUIR/IGI/253504_DUBOVIK_8/STRWEB/LR1/zooenv/lib/python3.12/site-packages/django/utils/deprecation.py", line 128, in __call__
    response = self.process_request(request)
               ^^^^^^^^^^^^^^^^^^^^^^^^^^^^^
  File "/home/fulcrum/BSUIR/IGI/253504_DUBOVIK_8/STRWEB/LR1/zooenv/lib/python3.12/site-packages/django/middleware/common.py", line 48, in process_request
    host = request.get_host()
           ^^^^^^^^^^^^^^^^^^
  File "/home/fulcrum/BSUIR/IGI/253504_DUBOVIK_8/STRWEB/LR1/zooenv/lib/python3.12/site-packages/django/http/request.py", line 151, in get_host
    raise DisallowedHost(msg)
django.core.exceptions.DisallowedHost: Invalid HTTP_HOST header: '192.168.100.2'. You may need to add '192.168.100.2' to ALLOWED_HOSTS.
2024-10-13 22:12:41,740 WARNING Bad Request: /
2024-10-13 22:13:08,888 ERROR Internal Server Error: /static/css/styles.css
Traceback (most recent call last):
  File "/home/fulcrum/BSUIR/IGI/253504_DUBOVIK_8/STRWEB/LR1/zooenv/lib/python3.12/site-packages/django/core/handlers/exception.py", line 55, in inner
    response = get_response(request)
               ^^^^^^^^^^^^^^^^^^^^^
  File "/home/fulcrum/BSUIR/IGI/253504_DUBOVIK_8/STRWEB/LR1/zooenv/lib/python3.12/site-packages/django/core/handlers/base.py", line 197, in _get_response
    response = wrapped_callback(request, *callback_args, **callback_kwargs)
               ^^^^^^^^^^^^^^^^^^^^^^^^^^^^^^^^^^^^^^^^^^^^^^^^^^^^^^^^^^^^
  File "/home/fulcrum/BSUIR/IGI/253504_DUBOVIK_8/STRWEB/LR1/zooenv/lib/python3.12/site-packages/django/views/static.py", line 45, in serve
    fullpath = Path(safe_join(document_root, path))
                    ^^^^^^^^^^^^^^^^^^^^^^^^^^^^^^
  File "/home/fulcrum/BSUIR/IGI/253504_DUBOVIK_8/STRWEB/LR1/zooenv/lib/python3.12/site-packages/django/utils/_os.py", line 17, in safe_join
    final_path = abspath(join(base, *paths))
                         ^^^^^^^^^^^^^^^^^^
  File "<frozen posixpath>", line 76, in join
TypeError: expected str, bytes or os.PathLike object, not NoneType
2024-10-13 22:13:08,900 ERROR Internal Server Error: /static/images/adlion.jpg
Traceback (most recent call last):
  File "/home/fulcrum/BSUIR/IGI/253504_DUBOVIK_8/STRWEB/LR1/zooenv/lib/python3.12/site-packages/django/core/handlers/exception.py", line 55, in inner
    response = get_response(request)
               ^^^^^^^^^^^^^^^^^^^^^
  File "/home/fulcrum/BSUIR/IGI/253504_DUBOVIK_8/STRWEB/LR1/zooenv/lib/python3.12/site-packages/django/core/handlers/base.py", line 197, in _get_response
    response = wrapped_callback(request, *callback_args, **callback_kwargs)
               ^^^^^^^^^^^^^^^^^^^^^^^^^^^^^^^^^^^^^^^^^^^^^^^^^^^^^^^^^^^^
  File "/home/fulcrum/BSUIR/IGI/253504_DUBOVIK_8/STRWEB/LR1/zooenv/lib/python3.12/site-packages/django/views/static.py", line 45, in serve
    fullpath = Path(safe_join(document_root, path))
                    ^^^^^^^^^^^^^^^^^^^^^^^^^^^^^^
  File "/home/fulcrum/BSUIR/IGI/253504_DUBOVIK_8/STRWEB/LR1/zooenv/lib/python3.12/site-packages/django/utils/_os.py", line 17, in safe_join
    final_path = abspath(join(base, *paths))
                         ^^^^^^^^^^^^^^^^^^
  File "<frozen posixpath>", line 76, in join
TypeError: expected str, bytes or os.PathLike object, not NoneType
2024-10-13 22:13:08,915 ERROR Internal Server Error: /static/images/adzoo.jpeg
Traceback (most recent call last):
  File "/home/fulcrum/BSUIR/IGI/253504_DUBOVIK_8/STRWEB/LR1/zooenv/lib/python3.12/site-packages/django/core/handlers/exception.py", line 55, in inner
    response = get_response(request)
               ^^^^^^^^^^^^^^^^^^^^^
  File "/home/fulcrum/BSUIR/IGI/253504_DUBOVIK_8/STRWEB/LR1/zooenv/lib/python3.12/site-packages/django/core/handlers/base.py", line 197, in _get_response
    response = wrapped_callback(request, *callback_args, **callback_kwargs)
               ^^^^^^^^^^^^^^^^^^^^^^^^^^^^^^^^^^^^^^^^^^^^^^^^^^^^^^^^^^^^
  File "/home/fulcrum/BSUIR/IGI/253504_DUBOVIK_8/STRWEB/LR1/zooenv/lib/python3.12/site-packages/django/views/static.py", line 45, in serve
    fullpath = Path(safe_join(document_root, path))
                    ^^^^^^^^^^^^^^^^^^^^^^^^^^^^^^
  File "/home/fulcrum/BSUIR/IGI/253504_DUBOVIK_8/STRWEB/LR1/zooenv/lib/python3.12/site-packages/django/utils/_os.py", line 17, in safe_join
    final_path = abspath(join(base, *paths))
                         ^^^^^^^^^^^^^^^^^^
  File "<frozen posixpath>", line 76, in join
TypeError: expected str, bytes or os.PathLike object, not NoneType
2024-10-13 22:13:08,927 ERROR Internal Server Error: /static/images/adrhino.jpg
Traceback (most recent call last):
  File "/home/fulcrum/BSUIR/IGI/253504_DUBOVIK_8/STRWEB/LR1/zooenv/lib/python3.12/site-packages/django/core/handlers/exception.py", line 55, in inner
    response = get_response(request)
               ^^^^^^^^^^^^^^^^^^^^^
  File "/home/fulcrum/BSUIR/IGI/253504_DUBOVIK_8/STRWEB/LR1/zooenv/lib/python3.12/site-packages/django/core/handlers/base.py", line 197, in _get_response
    response = wrapped_callback(request, *callback_args, **callback_kwargs)
               ^^^^^^^^^^^^^^^^^^^^^^^^^^^^^^^^^^^^^^^^^^^^^^^^^^^^^^^^^^^^
  File "/home/fulcrum/BSUIR/IGI/253504_DUBOVIK_8/STRWEB/LR1/zooenv/lib/python3.12/site-packages/django/views/static.py", line 45, in serve
    fullpath = Path(safe_join(document_root, path))
                    ^^^^^^^^^^^^^^^^^^^^^^^^^^^^^^
  File "/home/fulcrum/BSUIR/IGI/253504_DUBOVIK_8/STRWEB/LR1/zooenv/lib/python3.12/site-packages/django/utils/_os.py", line 17, in safe_join
    final_path = abspath(join(base, *paths))
                         ^^^^^^^^^^^^^^^^^^
  File "<frozen posixpath>", line 76, in join
TypeError: expected str, bytes or os.PathLike object, not NoneType
2024-10-13 22:13:09,024 ERROR Internal Server Error: /static/images/Licon.png
Traceback (most recent call last):
  File "/home/fulcrum/BSUIR/IGI/253504_DUBOVIK_8/STRWEB/LR1/zooenv/lib/python3.12/site-packages/django/core/handlers/exception.py", line 55, in inner
    response = get_response(request)
               ^^^^^^^^^^^^^^^^^^^^^
  File "/home/fulcrum/BSUIR/IGI/253504_DUBOVIK_8/STRWEB/LR1/zooenv/lib/python3.12/site-packages/django/core/handlers/base.py", line 197, in _get_response
    response = wrapped_callback(request, *callback_args, **callback_kwargs)
               ^^^^^^^^^^^^^^^^^^^^^^^^^^^^^^^^^^^^^^^^^^^^^^^^^^^^^^^^^^^^
  File "/home/fulcrum/BSUIR/IGI/253504_DUBOVIK_8/STRWEB/LR1/zooenv/lib/python3.12/site-packages/django/views/static.py", line 45, in serve
    fullpath = Path(safe_join(document_root, path))
                    ^^^^^^^^^^^^^^^^^^^^^^^^^^^^^^
  File "/home/fulcrum/BSUIR/IGI/253504_DUBOVIK_8/STRWEB/LR1/zooenv/lib/python3.12/site-packages/django/utils/_os.py", line 17, in safe_join
    final_path = abspath(join(base, *paths))
                         ^^^^^^^^^^^^^^^^^^
  File "<frozen posixpath>", line 76, in join
TypeError: expected str, bytes or os.PathLike object, not NoneType
2024-10-13 22:13:09,041 ERROR Internal Server Error: /static/images/Licon.png
Traceback (most recent call last):
  File "/home/fulcrum/BSUIR/IGI/253504_DUBOVIK_8/STRWEB/LR1/zooenv/lib/python3.12/site-packages/django/core/handlers/exception.py", line 55, in inner
    response = get_response(request)
               ^^^^^^^^^^^^^^^^^^^^^
  File "/home/fulcrum/BSUIR/IGI/253504_DUBOVIK_8/STRWEB/LR1/zooenv/lib/python3.12/site-packages/django/core/handlers/base.py", line 197, in _get_response
    response = wrapped_callback(request, *callback_args, **callback_kwargs)
               ^^^^^^^^^^^^^^^^^^^^^^^^^^^^^^^^^^^^^^^^^^^^^^^^^^^^^^^^^^^^
  File "/home/fulcrum/BSUIR/IGI/253504_DUBOVIK_8/STRWEB/LR1/zooenv/lib/python3.12/site-packages/django/views/static.py", line 45, in serve
    fullpath = Path(safe_join(document_root, path))
                    ^^^^^^^^^^^^^^^^^^^^^^^^^^^^^^
  File "/home/fulcrum/BSUIR/IGI/253504_DUBOVIK_8/STRWEB/LR1/zooenv/lib/python3.12/site-packages/django/utils/_os.py", line 17, in safe_join
    final_path = abspath(join(base, *paths))
                         ^^^^^^^^^^^^^^^^^^
  File "<frozen posixpath>", line 76, in join
TypeError: expected str, bytes or os.PathLike object, not NoneType
2024-10-13 22:15:37,861 WARNING Not Found: /submit.png
2024-10-14 17:37:01,445 WARNING Bad Request: /
2024-10-14 17:37:02,666 WARNING Bad Request: /favicon.ico
2024-10-14 17:37:03,806 ERROR Invalid HTTP_HOST header: '192.168.117.237'. You may need to add '192.168.117.237' to ALLOWED_HOSTS.
Traceback (most recent call last):
  File "/home/fulcrum/BSUIR/IGI/253504_DUBOVIK_8/STRWEB/LR1/zooenv/lib/python3.12/site-packages/django/core/handlers/exception.py", line 55, in inner
    response = get_response(request)
               ^^^^^^^^^^^^^^^^^^^^^
  File "/home/fulcrum/BSUIR/IGI/253504_DUBOVIK_8/STRWEB/LR1/zooenv/lib/python3.12/site-packages/django/utils/deprecation.py", line 128, in __call__
    response = self.process_request(request)
               ^^^^^^^^^^^^^^^^^^^^^^^^^^^^^
  File "/home/fulcrum/BSUIR/IGI/253504_DUBOVIK_8/STRWEB/LR1/zooenv/lib/python3.12/site-packages/django/middleware/common.py", line 48, in process_request
    host = request.get_host()
           ^^^^^^^^^^^^^^^^^^
  File "/home/fulcrum/BSUIR/IGI/253504_DUBOVIK_8/STRWEB/LR1/zooenv/lib/python3.12/site-packages/django/http/request.py", line 151, in get_host
    raise DisallowedHost(msg)
django.core.exceptions.DisallowedHost: Invalid HTTP_HOST header: '192.168.117.237'. You may need to add '192.168.117.237' to ALLOWED_HOSTS.
2024-10-14 17:37:03,816 WARNING Bad Request: /
2024-10-14 17:37:04,217 ERROR Invalid HTTP_HOST header: '192.168.117.237'. You may need to add '192.168.117.237' to ALLOWED_HOSTS.
Traceback (most recent call last):
  File "/home/fulcrum/BSUIR/IGI/253504_DUBOVIK_8/STRWEB/LR1/zooenv/lib/python3.12/site-packages/django/core/handlers/exception.py", line 55, in inner
    response = get_response(request)
               ^^^^^^^^^^^^^^^^^^^^^
  File "/home/fulcrum/BSUIR/IGI/253504_DUBOVIK_8/STRWEB/LR1/zooenv/lib/python3.12/site-packages/django/utils/deprecation.py", line 128, in __call__
    response = self.process_request(request)
               ^^^^^^^^^^^^^^^^^^^^^^^^^^^^^
  File "/home/fulcrum/BSUIR/IGI/253504_DUBOVIK_8/STRWEB/LR1/zooenv/lib/python3.12/site-packages/django/middleware/common.py", line 48, in process_request
    host = request.get_host()
           ^^^^^^^^^^^^^^^^^^
  File "/home/fulcrum/BSUIR/IGI/253504_DUBOVIK_8/STRWEB/LR1/zooenv/lib/python3.12/site-packages/django/http/request.py", line 151, in get_host
    raise DisallowedHost(msg)
django.core.exceptions.DisallowedHost: Invalid HTTP_HOST header: '192.168.117.237'. You may need to add '192.168.117.237' to ALLOWED_HOSTS.
2024-10-14 17:37:04,227 WARNING Bad Request: /favicon.ico
2024-10-14 17:37:38,299 WARNING Bad Request: /
2024-10-14 17:37:38,928 ERROR Invalid HTTP_HOST header: '192.168.117.237'. You may need to add '192.168.117.237' to ALLOWED_HOSTS.
Traceback (most recent call last):
  File "/home/fulcrum/BSUIR/IGI/253504_DUBOVIK_8/STRWEB/LR1/zooenv/lib/python3.12/site-packages/django/core/handlers/exception.py", line 55, in inner
    response = get_response(request)
               ^^^^^^^^^^^^^^^^^^^^^
  File "/home/fulcrum/BSUIR/IGI/253504_DUBOVIK_8/STRWEB/LR1/zooenv/lib/python3.12/site-packages/django/utils/deprecation.py", line 128, in __call__
    response = self.process_request(request)
               ^^^^^^^^^^^^^^^^^^^^^^^^^^^^^
  File "/home/fulcrum/BSUIR/IGI/253504_DUBOVIK_8/STRWEB/LR1/zooenv/lib/python3.12/site-packages/django/middleware/common.py", line 48, in process_request
    host = request.get_host()
           ^^^^^^^^^^^^^^^^^^
  File "/home/fulcrum/BSUIR/IGI/253504_DUBOVIK_8/STRWEB/LR1/zooenv/lib/python3.12/site-packages/django/http/request.py", line 151, in get_host
    raise DisallowedHost(msg)
django.core.exceptions.DisallowedHost: Invalid HTTP_HOST header: '192.168.117.237'. You may need to add '192.168.117.237' to ALLOWED_HOSTS.
2024-10-14 17:37:38,938 WARNING Bad Request: /favicon.ico
2024-10-14 17:37:40,054 ERROR Invalid HTTP_HOST header: '192.168.117.237'. You may need to add '192.168.117.237' to ALLOWED_HOSTS.
Traceback (most recent call last):
  File "/home/fulcrum/BSUIR/IGI/253504_DUBOVIK_8/STRWEB/LR1/zooenv/lib/python3.12/site-packages/django/core/handlers/exception.py", line 55, in inner
    response = get_response(request)
               ^^^^^^^^^^^^^^^^^^^^^
  File "/home/fulcrum/BSUIR/IGI/253504_DUBOVIK_8/STRWEB/LR1/zooenv/lib/python3.12/site-packages/django/utils/deprecation.py", line 128, in __call__
    response = self.process_request(request)
               ^^^^^^^^^^^^^^^^^^^^^^^^^^^^^
  File "/home/fulcrum/BSUIR/IGI/253504_DUBOVIK_8/STRWEB/LR1/zooenv/lib/python3.12/site-packages/django/middleware/common.py", line 48, in process_request
    host = request.get_host()
           ^^^^^^^^^^^^^^^^^^
  File "/home/fulcrum/BSUIR/IGI/253504_DUBOVIK_8/STRWEB/LR1/zooenv/lib/python3.12/site-packages/django/http/request.py", line 151, in get_host
    raise DisallowedHost(msg)
django.core.exceptions.DisallowedHost: Invalid HTTP_HOST header: '192.168.117.237'. You may need to add '192.168.117.237' to ALLOWED_HOSTS.
2024-10-14 17:37:40,064 WARNING Bad Request: /
2024-10-14 17:37:40,674 ERROR Invalid HTTP_HOST header: '192.168.117.237'. You may need to add '192.168.117.237' to ALLOWED_HOSTS.
Traceback (most recent call last):
  File "/home/fulcrum/BSUIR/IGI/253504_DUBOVIK_8/STRWEB/LR1/zooenv/lib/python3.12/site-packages/django/core/handlers/exception.py", line 55, in inner
    response = get_response(request)
               ^^^^^^^^^^^^^^^^^^^^^
  File "/home/fulcrum/BSUIR/IGI/253504_DUBOVIK_8/STRWEB/LR1/zooenv/lib/python3.12/site-packages/django/utils/deprecation.py", line 128, in __call__
    response = self.process_request(request)
               ^^^^^^^^^^^^^^^^^^^^^^^^^^^^^
  File "/home/fulcrum/BSUIR/IGI/253504_DUBOVIK_8/STRWEB/LR1/zooenv/lib/python3.12/site-packages/django/middleware/common.py", line 48, in process_request
    host = request.get_host()
           ^^^^^^^^^^^^^^^^^^
  File "/home/fulcrum/BSUIR/IGI/253504_DUBOVIK_8/STRWEB/LR1/zooenv/lib/python3.12/site-packages/django/http/request.py", line 151, in get_host
    raise DisallowedHost(msg)
django.core.exceptions.DisallowedHost: Invalid HTTP_HOST header: '192.168.117.237'. You may need to add '192.168.117.237' to ALLOWED_HOSTS.
2024-10-14 17:37:40,686 WARNING Bad Request: /favicon.ico
2024-10-14 17:51:46,157 INFO tolik called ReviewCreateView (status: client) | user's Timezone: Europe/Minsk
2024-10-14 17:53:32,712 INFO ReviewForm has no errors)
2024-10-14 17:53:32,719 INFO Review 'Обсулуживание' was created by tolik 
2024-10-14 17:55:50,212 WARNING Not Found: /submit.png
2024-10-14 20:09:45,059 WARNING Not Found: /submit.png
2024-10-14 20:10:12,402 WARNING Not Found: /submit.png
2024-10-14 20:10:30,340 WARNING Not Found: /submit.png
2024-10-26 01:00:24,062 WARNING Bad Request: /
2024-11-07 16:10:17,904 WARNING Not Found: /favicon.ico
2024-11-29 12:54:03,097 WARNING Not Found: /{% static 'css/style/home.css'}
2024-11-29 12:54:07,663 WARNING Not Found: /{% static 'css/style/home.css'}
2024-11-29 13:00:00,894 WARNING Not Found: /{% static 'css/style/home.css'}
2024-11-29 13:00:02,981 WARNING Not Found: /{% static 'css/style/home.css'}
2024-11-29 13:00:33,043 WARNING Not Found: /{% static 'css/style/home.css'}
2024-11-29 13:00:45,092 WARNING Not Found: /{% static 'css/style/home.css'}
2024-11-29 13:00:57,780 WARNING Not Found: /{% static 'css/style/home.css'}
2024-11-29 13:00:58,344 WARNING Not Found: /{% static 'css/style/home.css'}
2024-11-29 13:01:01,608 WARNING Not Found: /{% static 'css/style/home.css'}
2024-11-29 13:01:05,068 WARNING Not Found: /{% static 'css/style/home.css'}
2024-11-29 13:01:05,349 WARNING Not Found: /{% static 'css/style/home.css'}
2024-11-29 13:01:12,202 WARNING Not Found: /{% static 'css/style/home.css'}
2024-11-29 13:03:49,978 WARNING Not Found: /{% static 'style/home.css'}
2024-11-29 13:05:00,323 ERROR Internal Server Error: /
Traceback (most recent call last):
  File "/usr/lib/python3/dist-packages/django/template/base.py", line 505, in parse
    compile_func = self.tags[command]
                   ~~~~~~~~~^^^^^^^^^
KeyError: 'static'

During handling of the above exception, another exception occurred:

Traceback (most recent call last):
  File "/usr/lib/python3/dist-packages/django/core/handlers/exception.py", line 55, in inner
    response = get_response(request)
               ^^^^^^^^^^^^^^^^^^^^^
  File "/usr/lib/python3/dist-packages/django/core/handlers/base.py", line 197, in _get_response
    response = wrapped_callback(request, *callback_args, **callback_kwargs)
               ^^^^^^^^^^^^^^^^^^^^^^^^^^^^^^^^^^^^^^^^^^^^^^^^^^^^^^^^^^^^
  File "/home/fulcrum/BSUIR/IGI/253504_DUBOVIK_8/STRWEB/LR1/ZooApp/Zoo/views.py", line 43, in home
    return render(request, 'home.html', context)
           ^^^^^^^^^^^^^^^^^^^^^^^^^^^^^^^^^^^^^
  File "/usr/lib/python3/dist-packages/django/shortcuts.py", line 24, in render
    content = loader.render_to_string(template_name, context, request, using=using)
              ^^^^^^^^^^^^^^^^^^^^^^^^^^^^^^^^^^^^^^^^^^^^^^^^^^^^^^^^^^^^^^^^^^^^^
  File "/usr/lib/python3/dist-packages/django/template/loader.py", line 61, in render_to_string
    template = get_template(template_name, using=using)
               ^^^^^^^^^^^^^^^^^^^^^^^^^^^^^^^^^^^^^^^^
  File "/usr/lib/python3/dist-packages/django/template/loader.py", line 15, in get_template
    return engine.get_template(template_name)
           ^^^^^^^^^^^^^^^^^^^^^^^^^^^^^^^^^^
  File "/usr/lib/python3/dist-packages/django/template/backends/django.py", line 33, in get_template
    return Template(self.engine.get_template(template_name), self)
                    ^^^^^^^^^^^^^^^^^^^^^^^^^^^^^^^^^^^^^^^
  File "/usr/lib/python3/dist-packages/django/template/engine.py", line 175, in get_template
    template, origin = self.find_template(template_name)
                       ^^^^^^^^^^^^^^^^^^^^^^^^^^^^^^^^^
  File "/usr/lib/python3/dist-packages/django/template/engine.py", line 157, in find_template
    template = loader.get_template(name, skip=skip)
               ^^^^^^^^^^^^^^^^^^^^^^^^^^^^^^^^^^^^
  File "/usr/lib/python3/dist-packages/django/template/loaders/cached.py", line 57, in get_template
    template = super().get_template(template_name, skip)
               ^^^^^^^^^^^^^^^^^^^^^^^^^^^^^^^^^^^^^^^^^
  File "/usr/lib/python3/dist-packages/django/template/loaders/base.py", line 28, in get_template
    return Template(
           ^^^^^^^^^
  File "/usr/lib/python3/dist-packages/django/template/base.py", line 154, in __init__
    self.nodelist = self.compile_nodelist()
                    ^^^^^^^^^^^^^^^^^^^^^^^
  File "/usr/lib/python3/dist-packages/django/template/base.py", line 200, in compile_nodelist
    return parser.parse()
           ^^^^^^^^^^^^^^
  File "/usr/lib/python3/dist-packages/django/template/base.py", line 513, in parse
    raise self.error(token, e)
  File "/usr/lib/python3/dist-packages/django/template/base.py", line 511, in parse
    compiled_result = compile_func(self, token)
                      ^^^^^^^^^^^^^^^^^^^^^^^^^
  File "/usr/lib/python3/dist-packages/django/template/loader_tags.py", line 293, in do_extends
    nodelist = parser.parse()
               ^^^^^^^^^^^^^^
  File "/usr/lib/python3/dist-packages/django/template/base.py", line 513, in parse
    raise self.error(token, e)
  File "/usr/lib/python3/dist-packages/django/template/base.py", line 511, in parse
    compiled_result = compile_func(self, token)
                      ^^^^^^^^^^^^^^^^^^^^^^^^^
  File "/usr/lib/python3/dist-packages/django/template/loader_tags.py", line 232, in do_block
    nodelist = parser.parse(("endblock",))
               ^^^^^^^^^^^^^^^^^^^^^^^^^^^
  File "/usr/lib/python3/dist-packages/django/template/base.py", line 507, in parse
    self.invalid_block_tag(token, command, parse_until)
  File "/usr/lib/python3/dist-packages/django/template/base.py", line 558, in invalid_block_tag
    raise self.error(
django.template.exceptions.TemplateSyntaxError: Invalid block tag on line 6: 'static', expected 'endblock'. Did you forget to register or load this tag?
2024-11-29 13:05:00,343 WARNING Not Found: /favicon.ico
2024-11-29 13:05:27,819 ERROR Internal Server Error: /
Traceback (most recent call last):
  File "/usr/lib/python3/dist-packages/django/template/base.py", line 505, in parse
    compile_func = self.tags[command]
                   ~~~~~~~~~^^^^^^^^^
KeyError: 'static'

During handling of the above exception, another exception occurred:

Traceback (most recent call last):
  File "/usr/lib/python3/dist-packages/django/core/handlers/exception.py", line 55, in inner
    response = get_response(request)
               ^^^^^^^^^^^^^^^^^^^^^
  File "/usr/lib/python3/dist-packages/django/core/handlers/base.py", line 197, in _get_response
    response = wrapped_callback(request, *callback_args, **callback_kwargs)
               ^^^^^^^^^^^^^^^^^^^^^^^^^^^^^^^^^^^^^^^^^^^^^^^^^^^^^^^^^^^^
  File "/home/fulcrum/BSUIR/IGI/253504_DUBOVIK_8/STRWEB/LR1/ZooApp/Zoo/views.py", line 43, in home
    return render(request, 'home.html', context)
           ^^^^^^^^^^^^^^^^^^^^^^^^^^^^^^^^^^^^^
  File "/usr/lib/python3/dist-packages/django/shortcuts.py", line 24, in render
    content = loader.render_to_string(template_name, context, request, using=using)
              ^^^^^^^^^^^^^^^^^^^^^^^^^^^^^^^^^^^^^^^^^^^^^^^^^^^^^^^^^^^^^^^^^^^^^
  File "/usr/lib/python3/dist-packages/django/template/loader.py", line 61, in render_to_string
    template = get_template(template_name, using=using)
               ^^^^^^^^^^^^^^^^^^^^^^^^^^^^^^^^^^^^^^^^
  File "/usr/lib/python3/dist-packages/django/template/loader.py", line 15, in get_template
    return engine.get_template(template_name)
           ^^^^^^^^^^^^^^^^^^^^^^^^^^^^^^^^^^
  File "/usr/lib/python3/dist-packages/django/template/backends/django.py", line 33, in get_template
    return Template(self.engine.get_template(template_name), self)
                    ^^^^^^^^^^^^^^^^^^^^^^^^^^^^^^^^^^^^^^^
  File "/usr/lib/python3/dist-packages/django/template/engine.py", line 175, in get_template
    template, origin = self.find_template(template_name)
                       ^^^^^^^^^^^^^^^^^^^^^^^^^^^^^^^^^
  File "/usr/lib/python3/dist-packages/django/template/engine.py", line 157, in find_template
    template = loader.get_template(name, skip=skip)
               ^^^^^^^^^^^^^^^^^^^^^^^^^^^^^^^^^^^^
  File "/usr/lib/python3/dist-packages/django/template/loaders/cached.py", line 57, in get_template
    template = super().get_template(template_name, skip)
               ^^^^^^^^^^^^^^^^^^^^^^^^^^^^^^^^^^^^^^^^^
  File "/usr/lib/python3/dist-packages/django/template/loaders/base.py", line 28, in get_template
    return Template(
           ^^^^^^^^^
  File "/usr/lib/python3/dist-packages/django/template/base.py", line 154, in __init__
    self.nodelist = self.compile_nodelist()
                    ^^^^^^^^^^^^^^^^^^^^^^^
  File "/usr/lib/python3/dist-packages/django/template/base.py", line 200, in compile_nodelist
    return parser.parse()
           ^^^^^^^^^^^^^^
  File "/usr/lib/python3/dist-packages/django/template/base.py", line 513, in parse
    raise self.error(token, e)
  File "/usr/lib/python3/dist-packages/django/template/base.py", line 511, in parse
    compiled_result = compile_func(self, token)
                      ^^^^^^^^^^^^^^^^^^^^^^^^^
  File "/usr/lib/python3/dist-packages/django/template/loader_tags.py", line 293, in do_extends
    nodelist = parser.parse()
               ^^^^^^^^^^^^^^
  File "/usr/lib/python3/dist-packages/django/template/base.py", line 513, in parse
    raise self.error(token, e)
  File "/usr/lib/python3/dist-packages/django/template/base.py", line 511, in parse
    compiled_result = compile_func(self, token)
                      ^^^^^^^^^^^^^^^^^^^^^^^^^
  File "/usr/lib/python3/dist-packages/django/template/loader_tags.py", line 232, in do_block
    nodelist = parser.parse(("endblock",))
               ^^^^^^^^^^^^^^^^^^^^^^^^^^^
  File "/usr/lib/python3/dist-packages/django/template/base.py", line 507, in parse
    self.invalid_block_tag(token, command, parse_until)
  File "/usr/lib/python3/dist-packages/django/template/base.py", line 558, in invalid_block_tag
    raise self.error(
django.template.exceptions.TemplateSyntaxError: Invalid block tag on line 6: 'static', expected 'endblock'. Did you forget to register or load this tag?
2024-11-29 13:05:28,616 ERROR Internal Server Error: /
Traceback (most recent call last):
  File "/usr/lib/python3/dist-packages/django/template/base.py", line 505, in parse
    compile_func = self.tags[command]
                   ~~~~~~~~~^^^^^^^^^
KeyError: 'static'

During handling of the above exception, another exception occurred:

Traceback (most recent call last):
  File "/usr/lib/python3/dist-packages/django/core/handlers/exception.py", line 55, in inner
    response = get_response(request)
               ^^^^^^^^^^^^^^^^^^^^^
  File "/usr/lib/python3/dist-packages/django/core/handlers/base.py", line 197, in _get_response
    response = wrapped_callback(request, *callback_args, **callback_kwargs)
               ^^^^^^^^^^^^^^^^^^^^^^^^^^^^^^^^^^^^^^^^^^^^^^^^^^^^^^^^^^^^
  File "/home/fulcrum/BSUIR/IGI/253504_DUBOVIK_8/STRWEB/LR1/ZooApp/Zoo/views.py", line 43, in home
    return render(request, 'home.html', context)
           ^^^^^^^^^^^^^^^^^^^^^^^^^^^^^^^^^^^^^
  File "/usr/lib/python3/dist-packages/django/shortcuts.py", line 24, in render
    content = loader.render_to_string(template_name, context, request, using=using)
              ^^^^^^^^^^^^^^^^^^^^^^^^^^^^^^^^^^^^^^^^^^^^^^^^^^^^^^^^^^^^^^^^^^^^^
  File "/usr/lib/python3/dist-packages/django/template/loader.py", line 61, in render_to_string
    template = get_template(template_name, using=using)
               ^^^^^^^^^^^^^^^^^^^^^^^^^^^^^^^^^^^^^^^^
  File "/usr/lib/python3/dist-packages/django/template/loader.py", line 15, in get_template
    return engine.get_template(template_name)
           ^^^^^^^^^^^^^^^^^^^^^^^^^^^^^^^^^^
  File "/usr/lib/python3/dist-packages/django/template/backends/django.py", line 33, in get_template
    return Template(self.engine.get_template(template_name), self)
                    ^^^^^^^^^^^^^^^^^^^^^^^^^^^^^^^^^^^^^^^
  File "/usr/lib/python3/dist-packages/django/template/engine.py", line 175, in get_template
    template, origin = self.find_template(template_name)
                       ^^^^^^^^^^^^^^^^^^^^^^^^^^^^^^^^^
  File "/usr/lib/python3/dist-packages/django/template/engine.py", line 157, in find_template
    template = loader.get_template(name, skip=skip)
               ^^^^^^^^^^^^^^^^^^^^^^^^^^^^^^^^^^^^
  File "/usr/lib/python3/dist-packages/django/template/loaders/cached.py", line 57, in get_template
    template = super().get_template(template_name, skip)
               ^^^^^^^^^^^^^^^^^^^^^^^^^^^^^^^^^^^^^^^^^
  File "/usr/lib/python3/dist-packages/django/template/loaders/base.py", line 28, in get_template
    return Template(
           ^^^^^^^^^
  File "/usr/lib/python3/dist-packages/django/template/base.py", line 154, in __init__
    self.nodelist = self.compile_nodelist()
                    ^^^^^^^^^^^^^^^^^^^^^^^
  File "/usr/lib/python3/dist-packages/django/template/base.py", line 200, in compile_nodelist
    return parser.parse()
           ^^^^^^^^^^^^^^
  File "/usr/lib/python3/dist-packages/django/template/base.py", line 513, in parse
    raise self.error(token, e)
  File "/usr/lib/python3/dist-packages/django/template/base.py", line 511, in parse
    compiled_result = compile_func(self, token)
                      ^^^^^^^^^^^^^^^^^^^^^^^^^
  File "/usr/lib/python3/dist-packages/django/template/loader_tags.py", line 293, in do_extends
    nodelist = parser.parse()
               ^^^^^^^^^^^^^^
  File "/usr/lib/python3/dist-packages/django/template/base.py", line 513, in parse
    raise self.error(token, e)
  File "/usr/lib/python3/dist-packages/django/template/base.py", line 511, in parse
    compiled_result = compile_func(self, token)
                      ^^^^^^^^^^^^^^^^^^^^^^^^^
  File "/usr/lib/python3/dist-packages/django/template/loader_tags.py", line 232, in do_block
    nodelist = parser.parse(("endblock",))
               ^^^^^^^^^^^^^^^^^^^^^^^^^^^
  File "/usr/lib/python3/dist-packages/django/template/base.py", line 507, in parse
    self.invalid_block_tag(token, command, parse_until)
  File "/usr/lib/python3/dist-packages/django/template/base.py", line 558, in invalid_block_tag
    raise self.error(
django.template.exceptions.TemplateSyntaxError: Invalid block tag on line 6: 'static', expected 'endblock'. Did you forget to register or load this tag?
2024-11-29 14:42:38,160 WARNING Not Found: /favicon.ico
2024-11-29 15:22:28,669 WARNING Not Found: /submit.png
2024-11-29 15:39:01,400 WARNING Not Found: /favicon.ico
2024-11-29 15:39:47,802 WARNING Not Found: /favicon.ico
2024-12-05 18:38:28,789 WARNING Not Found: /favicon.ico
2024-12-06 10:59:04,003 WARNING Not Found: /favicon.ico
2024-12-06 11:11:35,163 ERROR Internal Server Error: /promocodes/
Traceback (most recent call last):
  File "/usr/lib/python3/dist-packages/django/template/base.py", line 505, in parse
    compile_func = self.tags[command]
                   ~~~~~~~~~^^^^^^^^^
KeyError: 'static'

During handling of the above exception, another exception occurred:

Traceback (most recent call last):
  File "/usr/lib/python3/dist-packages/django/core/handlers/exception.py", line 55, in inner
    response = get_response(request)
               ^^^^^^^^^^^^^^^^^^^^^
  File "/usr/lib/python3/dist-packages/django/core/handlers/base.py", line 197, in _get_response
    response = wrapped_callback(request, *callback_args, **callback_kwargs)
               ^^^^^^^^^^^^^^^^^^^^^^^^^^^^^^^^^^^^^^^^^^^^^^^^^^^^^^^^^^^^
  File "/home/fulcrum/BSUIR/IGI/253504_DUBOVIK_8/STRWEB/LR1/ZooApp/Zoo/views.py", line 56, in promocodes
    return render(request, 'promocodes.html', {'promocodes': promocodes})
           ^^^^^^^^^^^^^^^^^^^^^^^^^^^^^^^^^^^^^^^^^^^^^^^^^^^^^^^^^^^^^^
  File "/usr/lib/python3/dist-packages/django/shortcuts.py", line 24, in render
    content = loader.render_to_string(template_name, context, request, using=using)
              ^^^^^^^^^^^^^^^^^^^^^^^^^^^^^^^^^^^^^^^^^^^^^^^^^^^^^^^^^^^^^^^^^^^^^
  File "/usr/lib/python3/dist-packages/django/template/loader.py", line 61, in render_to_string
    template = get_template(template_name, using=using)
               ^^^^^^^^^^^^^^^^^^^^^^^^^^^^^^^^^^^^^^^^
  File "/usr/lib/python3/dist-packages/django/template/loader.py", line 15, in get_template
    return engine.get_template(template_name)
           ^^^^^^^^^^^^^^^^^^^^^^^^^^^^^^^^^^
  File "/usr/lib/python3/dist-packages/django/template/backends/django.py", line 33, in get_template
    return Template(self.engine.get_template(template_name), self)
                    ^^^^^^^^^^^^^^^^^^^^^^^^^^^^^^^^^^^^^^^
  File "/usr/lib/python3/dist-packages/django/template/engine.py", line 175, in get_template
    template, origin = self.find_template(template_name)
                       ^^^^^^^^^^^^^^^^^^^^^^^^^^^^^^^^^
  File "/usr/lib/python3/dist-packages/django/template/engine.py", line 157, in find_template
    template = loader.get_template(name, skip=skip)
               ^^^^^^^^^^^^^^^^^^^^^^^^^^^^^^^^^^^^
  File "/usr/lib/python3/dist-packages/django/template/loaders/cached.py", line 57, in get_template
    template = super().get_template(template_name, skip)
               ^^^^^^^^^^^^^^^^^^^^^^^^^^^^^^^^^^^^^^^^^
  File "/usr/lib/python3/dist-packages/django/template/loaders/base.py", line 28, in get_template
    return Template(
           ^^^^^^^^^
  File "/usr/lib/python3/dist-packages/django/template/base.py", line 154, in __init__
    self.nodelist = self.compile_nodelist()
                    ^^^^^^^^^^^^^^^^^^^^^^^
  File "/usr/lib/python3/dist-packages/django/template/base.py", line 200, in compile_nodelist
    return parser.parse()
           ^^^^^^^^^^^^^^
  File "/usr/lib/python3/dist-packages/django/template/base.py", line 513, in parse
    raise self.error(token, e)
  File "/usr/lib/python3/dist-packages/django/template/base.py", line 511, in parse
    compiled_result = compile_func(self, token)
                      ^^^^^^^^^^^^^^^^^^^^^^^^^
  File "/usr/lib/python3/dist-packages/django/template/loader_tags.py", line 293, in do_extends
    nodelist = parser.parse()
               ^^^^^^^^^^^^^^
  File "/usr/lib/python3/dist-packages/django/template/base.py", line 513, in parse
    raise self.error(token, e)
  File "/usr/lib/python3/dist-packages/django/template/base.py", line 511, in parse
    compiled_result = compile_func(self, token)
                      ^^^^^^^^^^^^^^^^^^^^^^^^^
  File "/usr/lib/python3/dist-packages/django/template/loader_tags.py", line 232, in do_block
    nodelist = parser.parse(("endblock",))
               ^^^^^^^^^^^^^^^^^^^^^^^^^^^
  File "/usr/lib/python3/dist-packages/django/template/base.py", line 507, in parse
    self.invalid_block_tag(token, command, parse_until)
  File "/usr/lib/python3/dist-packages/django/template/base.py", line 558, in invalid_block_tag
    raise self.error(
django.template.exceptions.TemplateSyntaxError: Invalid block tag on line 4: 'static', expected 'endblock'. Did you forget to register or load this tag?
2024-12-06 11:11:35,262 WARNING Not Found: /favicon.ico
2024-12-06 11:12:59,442 INFO /home/fulcrum/BSUIR/IGI/253504_DUBOVIK_8/STRWEB/LR1/ZooApp/Zoo/views.py changed, reloading.
2024-12-06 11:33:08,017 WARNING Not Found: /submit.png
2024-12-06 11:33:11,960 WARNING Not Found: /favicon.ico
2024-12-06 12:08:16,563 WARNING Not Found: /home/fulcrum/BSUIR/IGI/253504_DUBOVIK_8/STRWEB/LR1/ZooApp/media/jungles.jpeg
2024-12-06 12:08:17,376 WARNING Not Found: /home/fulcrum/BSUIR/IGI/253504_DUBOVIK_8/STRWEB/LR1/ZooApp/media/jungles.jpeg
2024-12-06 12:08:40,524 WARNING Not Found: /home/fulcrum/BSUIR/IGI/253504_DUBOVIK_8/STRWEB/LR1/ZooApp/media/jungles.jpeg
2024-12-06 12:08:42,589 WARNING Not Found: /home/fulcrum/BSUIR/IGI/253504_DUBOVIK_8/STRWEB/LR1/ZooApp/media/jungles.jpeg
2024-12-06 12:09:14,520 WARNING Not Found: /home/fulcrum/BSUIR/IGI/253504_DUBOVIK_8/STRWEB/LR1/ZooApp/media/jungles.jpeg
2024-12-06 12:09:15,111 WARNING Not Found: /home/fulcrum/BSUIR/IGI/253504_DUBOVIK_8/STRWEB/LR1/ZooApp/media/jungles.jpeg
2024-12-06 12:09:19,794 WARNING Not Found: /home/fulcrum/BSUIR/IGI/253504_DUBOVIK_8/STRWEB/LR1/ZooApp/media/jungles.jpeg
2024-12-06 12:09:21,907 WARNING Not Found: /home/fulcrum/BSUIR/IGI/253504_DUBOVIK_8/STRWEB/LR1/ZooApp/media/jungles.jpeg
2024-12-06 12:09:22,531 WARNING Not Found: /home/fulcrum/BSUIR/IGI/253504_DUBOVIK_8/STRWEB/LR1/ZooApp/media/jungles.jpeg
2024-12-06 12:09:23,525 WARNING Not Found: /home/fulcrum/BSUIR/IGI/253504_DUBOVIK_8/STRWEB/LR1/ZooApp/media/jungles.jpeg
2024-12-06 12:09:24,529 WARNING Not Found: /home/fulcrum/BSUIR/IGI/253504_DUBOVIK_8/STRWEB/LR1/ZooApp/media/jungles.jpeg
2024-12-06 12:10:22,995 WARNING Not Found: /home/fulcrum/BSUIR/IGI/253504_DUBOVIK_8/STRWEB/LR1/ZooApp/media/jungles.jpeg
2024-12-06 12:10:23,591 WARNING Not Found: /home/fulcrum/BSUIR/IGI/253504_DUBOVIK_8/STRWEB/LR1/ZooApp/media/jungles.jpeg
2024-12-06 12:10:29,957 WARNING Not Found: /home/fulcrum/BSUIR/IGI/253504_DUBOVIK_8/STRWEB/LR1/ZooApp/media/jungles.jpeg
2024-12-06 12:11:48,141 WARNING Not Found: /home/fulcrum/BSUIR/IGI/253504_DUBOVIK_8/STRWEB/LR1/ZooApp/media/jungles.jpeg
2024-12-06 12:11:48,737 WARNING Not Found: /home/fulcrum/BSUIR/IGI/253504_DUBOVIK_8/STRWEB/LR1/ZooApp/media/jungles.jpeg
2024-12-06 12:11:52,787 WARNING Not Found: /home/fulcrum/BSUIR/IGI/253504_DUBOVIK_8/STRWEB/LR1/ZooApp/media/jungles.jpeg
2024-12-06 12:26:09,788 WARNING Not Found: /favicon.ico
2024-12-06 16:43:10,460 WARNING Not Found: /favicon.ico
2024-12-06 18:36:26,498 WARNING Not Found: /submit.png
2024-12-06 18:38:10,813 WARNING Not Found: /favicon.ico
2024-12-06 18:39:50,893 WARNING Not Found: /submit.png
2024-12-06 18:40:05,694 WARNING Not Found: /submit.png
2024-12-06 18:40:06,428 WARNING Not Found: /submit.png
2024-12-06 18:42:41,323 WARNING Not Found: /submit.png
2024-12-06 18:43:30,173 WARNING Not Found: /submit.png
2024-12-06 18:53:07,388 WARNING Not Found: /submit.png
2024-12-06 18:54:20,297 WARNING Not Found: /submit.png
2024-12-06 18:56:09,479 WARNING Not Found: /submit.png
2024-12-06 18:57:34,172 WARNING Not Found: /submit.png
2024-12-06 18:58:24,199 WARNING Not Found: /submit.png
2024-12-06 18:59:39,774 WARNING Not Found: /submit.png
2024-12-06 19:04:28,151 WARNING Not Found: /submit.png
2024-12-06 19:04:38,442 WARNING Not Found: /submit.png
2024-12-06 19:05:37,425 WARNING Not Found: /submit.png
2024-12-06 19:05:45,129 WARNING Not Found: /submit.png
2024-12-06 19:05:59,135 WARNING Not Found: /submit.png
2024-12-06 19:06:56,196 WARNING Not Found: /submit.png
2024-12-06 19:07:21,246 WARNING Not Found: /submit.png
2024-12-06 19:34:15,881 WARNING Not Found: /favicon.ico
2024-12-26 21:04:33,469 WARNING Not Found: /submit.png
2024-12-26 21:08:36,400 WARNING Not Found: /undefined
2024-12-26 21:08:36,501 WARNING Not Found: /favicon.ico
2024-12-26 21:08:42,904 WARNING Not Found: /undefined
2024-12-26 21:08:55,197 WARNING Not Found: /undefined
2024-12-26 21:09:32,764 WARNING Not Found: /undefined
2024-12-26 21:09:41,090 WARNING Not Found: /undefined
2024-12-26 21:18:36,359 WARNING Not Found: /undefined
2024-12-26 21:48:22,912 WARNING Not Found: /submit.png
2024-12-26 21:48:41,751 WARNING Not Found: /submit.png
2024-12-26 21:50:22,454 WARNING Not Found: /submit.png
2024-12-26 21:50:50,929 WARNING Not Found: /submit.png
2024-12-26 21:51:43,803 WARNING Not Found: /submit.png
2024-12-26 21:53:52,743 WARNING Not Found: /submit.png
2024-12-26 21:55:32,392 WARNING Not Found: /submit.png
2024-12-26 21:56:13,895 WARNING Not Found: /submit.png
2024-12-26 21:56:41,556 WARNING Not Found: /submit.png
2024-12-26 21:57:00,738 WARNING Not Found: /submit.png
2024-12-26 21:57:47,422 WARNING Not Found: /submit.png
2024-12-26 21:59:51,898 WARNING Not Found: /submit.png
2024-12-26 21:59:54,408 WARNING Not Found: /submit.png
2024-12-26 22:00:12,360 WARNING Not Found: /submit.png
2024-12-26 22:00:15,666 WARNING Not Found: /submit.png
2024-12-26 22:00:48,514 WARNING Not Found: /submit.png
2024-12-26 22:02:04,605 WARNING Not Found: /submit.png
2024-12-26 22:03:06,538 WARNING Not Found: /submit.png
2024-12-27 00:47:32,247 WARNING Not Found: /birthdate.js
2024-12-27 00:47:32,255 WARNING Not Found: /submit.png
2024-12-27 00:47:52,718 WARNING Not Found: /birthdate.js
2024-12-27 00:47:52,778 WARNING Not Found: /submit.png
2024-12-27 00:49:48,003 WARNING Not Found: /submit.png
2024-12-27 00:55:01,938 INFO /home/fulcrum/BSUIR/IGI/253504_DUBOVIK_8/STRWEB/LR1/ZooApp/Zoo/views.py changed, reloading.
2024-12-27 01:20:46,004 WARNING Not Found: /submit.png
2024-12-27 01:46:10,288 WARNING Not Found: /favicon.ico
2024-12-27 02:06:39,223 ERROR Internal Server Error: /add-to-cart/33/
Traceback (most recent call last):
  File "/usr/lib/python3/dist-packages/django/db/models/fields/__init__.py", line 2053, in get_prep_value
    return int(value)
           ^^^^^^^^^^
TypeError: int() argument must be a string, a bytes-like object or a real number, not 'SimpleLazyObject'

The above exception was the direct cause of the following exception:

Traceback (most recent call last):
  File "/usr/lib/python3/dist-packages/django/core/handlers/exception.py", line 55, in inner
    response = get_response(request)
               ^^^^^^^^^^^^^^^^^^^^^
  File "/usr/lib/python3/dist-packages/django/core/handlers/base.py", line 197, in _get_response
    response = wrapped_callback(request, *callback_args, **callback_kwargs)
               ^^^^^^^^^^^^^^^^^^^^^^^^^^^^^^^^^^^^^^^^^^^^^^^^^^^^^^^^^^^^
  File "/home/fulcrum/BSUIR/IGI/253504_DUBOVIK_8/STRWEB/LR1/ZooApp/Zoo/views.py", line 310, in add_to_cart
    cart_item, created = CartItem.objects.get_or_create(user=request.user, ticket_date=ticket_date)
                         ^^^^^^^^^^^^^^^^^^^^^^^^^^^^^^^^^^^^^^^^^^^^^^^^^^^^^^^^^^^^^^^^^^^^^^^^^^
  File "/usr/lib/python3/dist-packages/django/db/models/manager.py", line 87, in manager_method
    return getattr(self.get_queryset(), name)(*args, **kwargs)
           ^^^^^^^^^^^^^^^^^^^^^^^^^^^^^^^^^^^^^^^^^^^^^^^^^^^
  File "/usr/lib/python3/dist-packages/django/db/models/query.py", line 916, in get_or_create
    return self.get(**kwargs), False
           ^^^^^^^^^^^^^^^^^^
  File "/usr/lib/python3/dist-packages/django/db/models/query.py", line 623, in get
    clone = self._chain() if self.query.combinator else self.filter(*args, **kwargs)
                                                        ^^^^^^^^^^^^^^^^^^^^^^^^^^^^
  File "/usr/lib/python3/dist-packages/django/db/models/query.py", line 1436, in filter
    return self._filter_or_exclude(False, args, kwargs)
           ^^^^^^^^^^^^^^^^^^^^^^^^^^^^^^^^^^^^^^^^^^^^
  File "/usr/lib/python3/dist-packages/django/db/models/query.py", line 1454, in _filter_or_exclude
    clone._filter_or_exclude_inplace(negate, args, kwargs)
  File "/usr/lib/python3/dist-packages/django/db/models/query.py", line 1461, in _filter_or_exclude_inplace
    self._query.add_q(Q(*args, **kwargs))
  File "/usr/lib/python3/dist-packages/django/db/models/sql/query.py", line 1546, in add_q
    clause, _ = self._add_q(q_object, self.used_aliases)
                ^^^^^^^^^^^^^^^^^^^^^^^^^^^^^^^^^^^^^^^^
  File "/usr/lib/python3/dist-packages/django/db/models/sql/query.py", line 1577, in _add_q
    child_clause, needed_inner = self.build_filter(
                                 ^^^^^^^^^^^^^^^^^^
  File "/usr/lib/python3/dist-packages/django/db/models/sql/query.py", line 1492, in build_filter
    condition = self.build_lookup(lookups, col, value)
                ^^^^^^^^^^^^^^^^^^^^^^^^^^^^^^^^^^^^^^
  File "/usr/lib/python3/dist-packages/django/db/models/sql/query.py", line 1319, in build_lookup
    lookup = lookup_class(lhs, rhs)
             ^^^^^^^^^^^^^^^^^^^^^^
  File "/usr/lib/python3/dist-packages/django/db/models/lookups.py", line 27, in __init__
    self.rhs = self.get_prep_lookup()
               ^^^^^^^^^^^^^^^^^^^^^^
  File "/usr/lib/python3/dist-packages/django/db/models/fields/related_lookups.py", line 166, in get_prep_lookup
    self.rhs = target_field.get_prep_value(self.rhs)
               ^^^^^^^^^^^^^^^^^^^^^^^^^^^^^^^^^^^^^
  File "/usr/lib/python3/dist-packages/django/db/models/fields/__init__.py", line 2055, in get_prep_value
    raise e.__class__(
TypeError: Field 'id' expected a number but got <SimpleLazyObject: <django.contrib.auth.models.AnonymousUser object at 0x7e6f1bdb53d0>>.
2024-12-27 02:06:39,261 WARNING Not Found: /favicon.ico
2024-12-27 02:07:04,891 ERROR Internal Server Error: /add-to-cart/36/
Traceback (most recent call last):
  File "/usr/lib/python3/dist-packages/django/db/models/fields/__init__.py", line 2053, in get_prep_value
    return int(value)
           ^^^^^^^^^^
TypeError: int() argument must be a string, a bytes-like object or a real number, not 'SimpleLazyObject'

The above exception was the direct cause of the following exception:

Traceback (most recent call last):
  File "/usr/lib/python3/dist-packages/django/core/handlers/exception.py", line 55, in inner
    response = get_response(request)
               ^^^^^^^^^^^^^^^^^^^^^
  File "/usr/lib/python3/dist-packages/django/core/handlers/base.py", line 197, in _get_response
    response = wrapped_callback(request, *callback_args, **callback_kwargs)
               ^^^^^^^^^^^^^^^^^^^^^^^^^^^^^^^^^^^^^^^^^^^^^^^^^^^^^^^^^^^^
  File "/home/fulcrum/BSUIR/IGI/253504_DUBOVIK_8/STRWEB/LR1/ZooApp/Zoo/views.py", line 310, in add_to_cart
    cart_item, created = CartItem.objects.get_or_create(user=request.user, ticket_date=ticket_date)
                         ^^^^^^^^^^^^^^^^^^^^^^^^^^^^^^^^^^^^^^^^^^^^^^^^^^^^^^^^^^^^^^^^^^^^^^^^^^
  File "/usr/lib/python3/dist-packages/django/db/models/manager.py", line 87, in manager_method
    return getattr(self.get_queryset(), name)(*args, **kwargs)
           ^^^^^^^^^^^^^^^^^^^^^^^^^^^^^^^^^^^^^^^^^^^^^^^^^^^
  File "/usr/lib/python3/dist-packages/django/db/models/query.py", line 916, in get_or_create
    return self.get(**kwargs), False
           ^^^^^^^^^^^^^^^^^^
  File "/usr/lib/python3/dist-packages/django/db/models/query.py", line 623, in get
    clone = self._chain() if self.query.combinator else self.filter(*args, **kwargs)
                                                        ^^^^^^^^^^^^^^^^^^^^^^^^^^^^
  File "/usr/lib/python3/dist-packages/django/db/models/query.py", line 1436, in filter
    return self._filter_or_exclude(False, args, kwargs)
           ^^^^^^^^^^^^^^^^^^^^^^^^^^^^^^^^^^^^^^^^^^^^
  File "/usr/lib/python3/dist-packages/django/db/models/query.py", line 1454, in _filter_or_exclude
    clone._filter_or_exclude_inplace(negate, args, kwargs)
  File "/usr/lib/python3/dist-packages/django/db/models/query.py", line 1461, in _filter_or_exclude_inplace
    self._query.add_q(Q(*args, **kwargs))
  File "/usr/lib/python3/dist-packages/django/db/models/sql/query.py", line 1546, in add_q
    clause, _ = self._add_q(q_object, self.used_aliases)
                ^^^^^^^^^^^^^^^^^^^^^^^^^^^^^^^^^^^^^^^^
  File "/usr/lib/python3/dist-packages/django/db/models/sql/query.py", line 1577, in _add_q
    child_clause, needed_inner = self.build_filter(
                                 ^^^^^^^^^^^^^^^^^^
  File "/usr/lib/python3/dist-packages/django/db/models/sql/query.py", line 1492, in build_filter
    condition = self.build_lookup(lookups, col, value)
                ^^^^^^^^^^^^^^^^^^^^^^^^^^^^^^^^^^^^^^
  File "/usr/lib/python3/dist-packages/django/db/models/sql/query.py", line 1319, in build_lookup
    lookup = lookup_class(lhs, rhs)
             ^^^^^^^^^^^^^^^^^^^^^^
  File "/usr/lib/python3/dist-packages/django/db/models/lookups.py", line 27, in __init__
    self.rhs = self.get_prep_lookup()
               ^^^^^^^^^^^^^^^^^^^^^^
  File "/usr/lib/python3/dist-packages/django/db/models/fields/related_lookups.py", line 166, in get_prep_lookup
    self.rhs = target_field.get_prep_value(self.rhs)
               ^^^^^^^^^^^^^^^^^^^^^^^^^^^^^^^^^^^^^
  File "/usr/lib/python3/dist-packages/django/db/models/fields/__init__.py", line 2055, in get_prep_value
    raise e.__class__(
TypeError: Field 'id' expected a number but got <SimpleLazyObject: <django.contrib.auth.models.AnonymousUser object at 0x7e6f1bd5c530>>.
2024-12-27 02:10:58,408 WARNING Not Found: /submit.png
2024-12-27 02:11:11,879 WARNING Not Found: /submit.png
2024-12-27 02:11:36,005 WARNING Not Found: /submit.png
2024-12-27 02:22:28,185 WARNING Not Found: /submit.png
2024-12-27 02:25:15,818 WARNING Not Found: /submit.png
2024-12-29 23:51:41,369 INFO /home/fulcrum/BSUIR/IGI/253504_DUBOVIK_8/STRWEB/LR1/ZooApp/Zoo/admin.py changed, reloading.
2024-12-29 23:52:04,882 WARNING Not Found: /favicon.ico
2024-12-29 23:55:43,963 WARNING Not Found: /submit.png
2024-12-30 01:50:16,004 INFO /home/fulcrum/BSUIR/IGI/253504_DUBOVIK_8/STRWEB/LR1/ZooApp/Zoo/views.py changed, reloading.
2024-12-30 02:25:57,541 INFO /home/fulcrum/BSUIR/IGI/253504_DUBOVIK_8/STRWEB/LR1/ZooApp/Zoo/views.py changed, reloading.
2024-12-30 02:26:25,224 INFO /home/fulcrum/BSUIR/IGI/253504_DUBOVIK_8/STRWEB/LR1/ZooApp/ZooApp/urls.py changed, reloading.
2024-12-30 05:26:38,975 WARNING Not Found: /image2.png
2024-12-30 05:26:38,978 WARNING Not Found: /image1.png
2024-12-30 05:26:38,983 WARNING Not Found: /image3.png
2024-12-30 05:26:38,986 WARNING Not Found: /submit.png
2024-12-30 05:28:58,506 WARNING Not Found: /submit.png
2024-12-30 05:29:50,835 WARNING Not Found: /submit.png
2024-12-30 05:29:51,127 WARNING Not Found: /submit.png
2024-12-30 05:30:23,141 WARNING Not Found: /submit.png
2024-12-30 05:33:14,541 WARNING Not Found: /submit.png
2024-12-30 05:37:53,557 WARNING Not Found: /submit.png
2024-12-30 05:38:05,858 WARNING Not Found: /submit.png
2024-12-30 05:38:21,227 WARNING Not Found: /submit.png
2024-12-30 05:39:00,360 WARNING Not Found: /submit.png
2024-12-30 05:39:15,861 WARNING Not Found: /submit.png
2024-12-30 05:39:31,650 WARNING Not Found: /submit.png
2024-12-30 05:39:58,779 WARNING Not Found: /submit.png
2024-12-30 05:40:18,285 WARNING Not Found: /submit.png
2024-12-30 05:40:35,088 WARNING Not Found: /submit.png
2024-12-30 05:40:49,846 WARNING Not Found: /submit.png
2024-12-30 05:40:58,041 WARNING Not Found: /submit.png
2024-12-30 05:41:20,656 WARNING Not Found: /submit.png
2024-12-30 05:41:31,964 WARNING Not Found: /submit.png
2024-12-30 05:42:00,414 WARNING Not Found: /submit.png
2024-12-30 05:42:25,526 WARNING Not Found: /submit.png
2024-12-30 05:42:38,186 WARNING Not Found: /submit.png
2024-12-30 05:42:59,042 WARNING Not Found: /submit.png
2024-12-30 05:43:14,074 WARNING Not Found: /submit.png
2024-12-30 05:43:30,727 WARNING Not Found: /submit.png
2024-12-30 05:43:41,504 WARNING Not Found: /submit.png
2024-12-30 05:43:59,595 WARNING Not Found: /submit.png
2024-12-30 05:44:09,857 WARNING Not Found: /submit.png
2024-12-30 05:44:25,481 WARNING Not Found: /submit.png
2024-12-30 05:44:32,355 WARNING Not Found: /submit.png
2024-12-30 05:44:38,501 WARNING Not Found: /submit.png
2024-12-30 05:44:47,351 WARNING Not Found: /submit.png
2024-12-30 05:44:57,984 WARNING Not Found: /submit.png
2024-12-30 05:45:25,073 WARNING Not Found: /submit.png
2024-12-30 05:45:35,885 WARNING Not Found: /submit.png
2024-12-30 05:47:24,752 WARNING Not Found: /submit.png
2024-12-30 05:47:27,680 WARNING Not Found: /submit.png
2024-12-30 05:47:37,774 WARNING Not Found: /submit.png
2024-12-30 05:47:49,267 WARNING Not Found: /submit.png
2024-12-30 05:52:32,574 WARNING Not Found: /submit.png
2024-12-30 05:52:50,922 WARNING Not Found: /submit.png
2025-01-05 19:54:14,733 WARNING Not Found: /submit.png
2025-01-06 05:20:08,146 INFO Tim called ReviewCreateView (status: client) | user's Timezone: Europe/Minsk
2025-01-06 05:21:17,434 INFO ReviewForm has no errors)
2025-01-06 05:21:17,441 INFO Review 'Try' was created by Tim 
2025-01-06 05:33:58,415 WARNING Not Found: /favicon.ico
